-- phpMyAdmin SQL Dump
-- version 4.8.0
-- https://www.phpmyadmin.net/
--
-- Hostiteľ: localhost
-- Čas generovania: Út 05.Jún 2018, 10:58
-- Verzia serveru: 5.7.22-0ubuntu0.16.04.1
-- Verzia PHP: 7.2.5-1+ubuntu16.04.1+deb.sury.org+1

SET SQL_MODE = "NO_AUTO_VALUE_ON_ZERO";
SET AUTOCOMMIT = 0;
START TRANSACTION;
SET time_zone = "+00:00";


/*!40101 SET @OLD_CHARACTER_SET_CLIENT=@@CHARACTER_SET_CLIENT */;
/*!40101 SET @OLD_CHARACTER_SET_RESULTS=@@CHARACTER_SET_RESULTS */;
/*!40101 SET @OLD_COLLATION_CONNECTION=@@COLLATION_CONNECTION */;
/*!40101 SET NAMES utf8mb4 */;

--
-- Databáza: `demojunoone`
--

-- --------------------------------------------------------

--
-- Štruktúra tabuľky pre tabuľku `address`
--

CREATE TABLE `address` (
  `id` int(11) NOT NULL,
  `street` text COLLATE utf8_slovak_ci,
  `city` varchar(80) COLLATE utf8_slovak_ci DEFAULT NULL,
  `psc` varchar(10) COLLATE utf8_slovak_ci DEFAULT NULL,
  `state` varchar(150) COLLATE utf8_slovak_ci DEFAULT NULL,
  `type` varchar(30) COLLATE utf8_slovak_ci DEFAULT NULL
) ENGINE=InnoDB DEFAULT CHARSET=utf8 COLLATE=utf8_slovak_ci;

--
-- Sťahujem dáta pre tabuľku `address`
--

INSERT INTO `address` (`id`, `street`, `city`, `psc`, `state`, `type`) VALUES
(1, 'Čečesnká 10', 'Valašské Meziříčí|', '787 01', 'Česká Republika', NULL),
(181, 'Cerna 10', 'Valmez', '787 01', 'Česká Republika', NULL),
(182, 'Cerna 10', 'Valmez', '787 01', 'Česká Republika', NULL);

-- --------------------------------------------------------

--
-- Štruktúra tabuľky pre tabuľku `application`
--

CREATE TABLE `application` (
  `id` int(11) NOT NULL,
  `name` varchar(255) NOT NULL,
  `description` varchar(255) DEFAULT NULL,
  `support_user_id` int(11) DEFAULT NULL,
  `user_id` int(11) NOT NULL
) ENGINE=InnoDB DEFAULT CHARSET=utf8;

--
-- Sťahujem dáta pre tabuľku `application`
--

INSERT INTO `application` (`id`, `name`, `description`, `support_user_id`, `user_id`) VALUES
(13, 'UMP', '', 75, 73),
(14, 'EMP', 'emp', 86, 73),
(15, 'AnMem', '', 77, 73),
(16, '3GWD', '3gwd pro pat testy', 73, 73),
(17, 'PostSit', '', 83, 73),
(18, 'PastUMP', 'pastump', 73, 73),
(19, 'StreamAd', 'stream', 92, 73),
(20, 'ARM', '', 78, 73),
(21, 'EVNT', 'Event', 73, 73);

-- --------------------------------------------------------

--
-- Štruktúra tabuľky pre tabuľku `application_environment`
--

CREATE TABLE `application_environment` (
  `id` int(11) NOT NULL,
  `application_id` int(11) DEFAULT NULL,
  `environment_id` int(11) NOT NULL
) ENGINE=InnoDB DEFAULT CHARSET=utf8 COLLATE=utf8_slovak_ci;

--
-- Sťahujem dáta pre tabuľku `application_environment`
--

INSERT INTO `application_environment` (`id`, `application_id`, `environment_id`) VALUES
(16, 13, 11),
(17, 14, 11),
(18, 14, 12),
(19, 14, 13),
(20, 15, 11),
(21, 15, 14),
(22, 15, 16),
(23, 15, 18),
(24, 16, 15),
(25, 16, 18),
(26, 17, 12),
(27, 17, 13),
(28, 18, 11),
(29, 18, 14),
(30, 18, 17),
(33, 19, 12),
(34, 19, 15),
(35, 20, 13),
(36, 20, 18),
(37, 21, 11),
(38, 21, 12),
(39, 21, 15),
(40, 21, 16);

-- --------------------------------------------------------

--
-- Štruktúra tabuľky pre tabuľku `application_module`
--

CREATE TABLE `application_module` (
  `id` int(11) NOT NULL,
  `application_id` int(11) DEFAULT NULL,
  `module_id` int(11) NOT NULL
) ENGINE=InnoDB DEFAULT CHARSET=utf8 COLLATE=utf8_slovak_ci;

--
-- Sťahujem dáta pre tabuľku `application_module`
--

INSERT INTO `application_module` (`id`, `application_id`, `module_id`) VALUES
(19, 13, 8),
(20, 14, 9),
(21, 15, 10),
(22, 15, 13),
(23, 15, 15),
(24, 16, 9),
(25, 16, 13),
(26, 17, 10),
(27, 17, 14),
(28, 18, 8),
(31, 19, 12),
(32, 19, 14),
(33, 20, 9),
(34, 21, 8),
(35, 21, 10),
(36, 21, 11);

-- --------------------------------------------------------

--
-- Štruktúra tabuľky pre tabuľku `billing_address`
--

CREATE TABLE `billing_address` (
  `id` int(11) NOT NULL,
  `company_name` varchar(150) COLLATE utf8_slovak_ci DEFAULT NULL,
  `street` text COLLATE utf8_slovak_ci,
  `city` varchar(80) COLLATE utf8_slovak_ci DEFAULT NULL,
  `psc` varchar(10) COLLATE utf8_slovak_ci DEFAULT NULL,
  `state` varchar(150) COLLATE utf8_slovak_ci DEFAULT NULL,
  `ico` varchar(50) COLLATE utf8_slovak_ci DEFAULT NULL,
  `dic` varchar(50) COLLATE utf8_slovak_ci DEFAULT NULL,
  `icdph` varchar(50) COLLATE utf8_slovak_ci DEFAULT NULL
) ENGINE=InnoDB DEFAULT CHARSET=utf8 COLLATE=utf8_slovak_ci;

--
-- Sťahujem dáta pre tabuľku `billing_address`
--

INSERT INTO `billing_address` (`id`, `company_name`, `street`, `city`, `psc`, `state`, `ico`, `dic`, `icdph`) VALUES
(1, 'fasdfasdf čářýéěšáíčýřšěéý', 'sadfdsf', 'sadf', '767 86', 'Česká Republika', '7967', 'CZ9696', '69896'),
(151, 'Nova spolocnost', 'sadfdsf', 'sadf', '767 86', 'Česká Republika', '7967', 'CZ9696', '69896'),
(152, 'Nova spolocnost', 'sadfdsf', 'sadf', '767 86', 'Česká Republika', '7967', 'CZ9696', '69896');

-- --------------------------------------------------------

--
-- Štruktúra tabuľky pre tabuľku `campaign`
--

CREATE TABLE `campaign` (
  `id` int(11) NOT NULL,
  `name` varchar(255) NOT NULL
) ENGINE=InnoDB DEFAULT CHARSET=utf8;

--
-- Sťahujem dáta pre tabuľku `campaign`
--

INSERT INTO `campaign` (`id`, `name`) VALUES
(7, 'Release_2018.01'),
(8, 'Release_2018.02'),
(9, 'kampaňA');

-- --------------------------------------------------------

--
-- Štruktúra tabuľky pre tabuľku `campaign_comment`
--

CREATE TABLE `campaign_comment` (
  `id` int(11) NOT NULL,
  `description` text COLLATE utf8_slovak_ci,
  `author_id` int(11) DEFAULT NULL,
  `campaign_id` int(11) DEFAULT NULL,
  `create_date` timestamp NULL DEFAULT CURRENT_TIMESTAMP ON UPDATE CURRENT_TIMESTAMP
) ENGINE=InnoDB DEFAULT CHARSET=utf8 COLLATE=utf8_slovak_ci;

-- --------------------------------------------------------

--
-- Štruktúra tabuľky pre tabuľku `campaign_milestone`
--

CREATE TABLE `campaign_milestone` (
  `id` int(11) NOT NULL,
  `name` varchar(255) NOT NULL,
  `description` varchar(255) DEFAULT NULL,
  `milestone_date` datetime NOT NULL,
  `importance` tinyint(4) NOT NULL DEFAULT '1',
  `campaign_id` int(11) NOT NULL
) ENGINE=InnoDB DEFAULT CHARSET=utf8;

--
-- Sťahujem dáta pre tabuľku `campaign_milestone`
--

INSERT INTO `campaign_milestone` (`id`, `name`, `description`, `milestone_date`, `importance`, `campaign_id`) VALUES
(12, 'Testy modulů', 'testování modulů', '2018-07-01 19:46:35', 1, 7),
(13, 'Testy Issue', '', '2018-07-10 19:46:54', 2, 7),
(14, 'Konečné testování', '', '2018-07-31 19:47:30', 2, 7),
(15, 'Milník 1', '', '2018-06-01 19:53:46', 1, 8),
(16, 'Milník 2', '', '2018-07-19 19:53:59', 1, 8),
(17, 'Milník 3', '', '2018-09-14 19:54:16', 1, 8),
(18, 'Milník4', '', '2018-12-14 19:54:29', 1, 8);

-- --------------------------------------------------------

--
-- Štruktúra tabuľky pre tabuľku `client`
--

CREATE TABLE `client` (
  `id` int(11) NOT NULL,
  `name` varchar(100) COLLATE utf8_slovak_ci DEFAULT NULL,
  `e_mail` varchar(100) COLLATE utf8_slovak_ci DEFAULT NULL,
  `telephone_number` varchar(100) COLLATE utf8_slovak_ci DEFAULT NULL,
  `address_id` int(11) DEFAULT NULL,
  `billing_address_id` int(11) DEFAULT NULL,
  `multimedia_id` int(11) DEFAULT NULL,
  `favicon_id` int(11) DEFAULT NULL
) ENGINE=InnoDB DEFAULT CHARSET=utf8 COLLATE=utf8_slovak_ci;

--
-- Sťahujem dáta pre tabuľku `client`
--

INSERT INTO `client` (`id`, `name`, `e_mail`, `telephone_number`, `address_id`, `billing_address_id`, `multimedia_id`, `favicon_id`) VALUES
(1, 'Client Name', 'clien@name.com', '56326541', 182, 152, 274, 275);

-- --------------------------------------------------------

--
-- Štruktúra tabuľky pre tabuľku `dashboard_test_plan_sprint`
--

CREATE TABLE `dashboard_test_plan_sprint` (
  `id` int(11) NOT NULL,
  `user_id` int(11) NOT NULL,
  `test_plan_sprint_id` int(11) NOT NULL
) ENGINE=InnoDB DEFAULT CHARSET=utf8;

--
-- Sťahujem dáta pre tabuľku `dashboard_test_plan_sprint`
--

INSERT INTO `dashboard_test_plan_sprint` (`id`, `user_id`, `test_plan_sprint_id`) VALUES
(3, 74, 105);

-- --------------------------------------------------------

--
-- Štruktúra tabuľky pre tabuľku `doctrine_migrations`
--

CREATE TABLE `doctrine_migrations` (
  `version` varchar(255) COLLATE utf8_unicode_ci NOT NULL
) ENGINE=InnoDB DEFAULT CHARSET=utf8 COLLATE=utf8_unicode_ci;

-- --------------------------------------------------------

--
-- Štruktúra tabuľky pre tabuľku `environment`
--

CREATE TABLE `environment` (
  `id` int(11) NOT NULL,
  `name` varchar(255) NOT NULL,
  `description` text,
  `owner` varchar(255) DEFAULT NULL,
  `support` varchar(255) DEFAULT NULL
) ENGINE=InnoDB DEFAULT CHARSET=utf8;

--
-- Sťahujem dáta pre tabuľku `environment`
--

INSERT INTO `environment` (`id`, `name`, `description`, `owner`, `support`) VALUES
(11, 'UAT1', 'UAT1', 'Petr Malý', 'David Rychlý'),
(12, 'SIT1', 'SIT1', '', ''),
(13, 'SIT2', 'SIT2', '', ''),
(14, 'INT1', 'INT1', '', ''),
(15, 'PAT1', 'PAT1', 'Miloš Dlouhý', 'Miloš Dlouhý'),
(16, 'INT2', 'INT2', '', ''),
(17, 'INT3', 'INT3', '', 'Adam Lisý'),
(18, 'PAT2', 'PAT2', 'Tomáš Moutelík', 'Matěj Kos');

-- --------------------------------------------------------

--
-- Štruktúra tabuľky pre tabuľku `folder`
--

CREATE TABLE `folder` (
  `id` int(11) NOT NULL,
  `name` varchar(255) NOT NULL,
  `application_id` int(11) DEFAULT NULL,
  `sequence` int(11) NOT NULL DEFAULT '1'
) ENGINE=InnoDB DEFAULT CHARSET=utf8;

--
-- Sťahujem dáta pre tabuľku `folder`
--

INSERT INTO `folder` (`id`, `name`, `application_id`, `sequence`) VALUES
(4, 'Zlozka UMP', 13, 1),
(6, 'Testovací scénáře', 14, 2);

-- --------------------------------------------------------

--
-- Štruktúra tabuľky pre tabuľku `issue`
--

CREATE TABLE `issue` (
  `id` int(11) NOT NULL,
  `name` varchar(80) COLLATE utf8_slovak_ci DEFAULT NULL,
  `description` text COLLATE utf8_slovak_ci,
  `project_id` int(11) DEFAULT NULL,
  `test_plan_id` int(11) DEFAULT NULL,
  `test_plan_sprint_id` int(11) DEFAULT NULL,
  `test_plan_sprint_case_id` int(11) DEFAULT NULL,
  `test_step_id` int(11) DEFAULT NULL,
  `test_step_execution_id` int(11) DEFAULT NULL,
  `issue_type_id` int(2) DEFAULT NULL,
  `priority_id` int(2) DEFAULT NULL,
  `create_date` timestamp NOT NULL DEFAULT CURRENT_TIMESTAMP,
  `creator_id` int(11) DEFAULT NULL,
  `status` int(2) DEFAULT '1',
  `assigned_id` int(11) DEFAULT NULL,
  `change_status_date` datetime DEFAULT NULL,
  `jira_id` int(11) DEFAULT NULL,
  `otrs_id` int(11) DEFAULT NULL,
  `update_to_tracker` tinyint(1) DEFAULT '0',
  `application_id` int(11) DEFAULT NULL,
  `environment_id` int(11) DEFAULT NULL,
  `module_id` int(11) DEFAULT NULL,
  `custom_fields` json DEFAULT NULL
) ENGINE=InnoDB DEFAULT CHARSET=utf8 COLLATE=utf8_slovak_ci;

--
-- Sťahujem dáta pre tabuľku `issue`
--

INSERT INTO `issue` (`id`, `name`, `description`, `project_id`, `test_plan_id`, `test_plan_sprint_id`, `test_plan_sprint_case_id`, `test_step_id`, `test_step_execution_id`, `issue_type_id`, `priority_id`, `create_date`, `creator_id`, `status`, `assigned_id`, `change_status_date`, `jira_id`, `otrs_id`, `update_to_tracker`, `application_id`, `environment_id`, `module_id`, `custom_fields`) VALUES
(104, 'Chyba v profilu', '', 49, 114, 114, 692, 8053, NULL, 2, 2, '2018-05-28 19:02:24', 73, 1, 104, NULL, NULL, NULL, 0, 13, 11, 8, '[]'),
(105, 'Neprovede se Test Exekuce', '', 56, 106, 104, 539, 7282, NULL, 1, 1, '2018-05-28 19:02:57', 73, 1, NULL, NULL, NULL, NULL, 0, 13, 11, 8, '[]'),
(106, 'Nefunkční tlačítko', 'nelze kliknout na tlačítko ', 56, 106, 103, 513, 7276, 517, 1, 3, '2018-05-28 19:05:55', 73, 1, 74, NULL, NULL, NULL, 0, 13, 11, 8, NULL),
(107, 'Projekt se vytvoří', 'Vytvoří se projekt s prázdným názvem ', 56, 106, 103, 449, 6975, NULL, 1, 1, '2018-05-29 08:16:24', 73, 1, 75, NULL, NULL, NULL, 0, 13, 11, 8, '[]'),
(108, 'Neuložení jména', 'Po zadaní JiraName a kliknutí na tlačítko uložit se JiraName neuloží', 49, 114, 114, 692, 8054, NULL, 1, 1, '2018-05-29 08:18:45', 73, 1, 78, NULL, NULL, NULL, 0, 14, 11, 9, '[]'),
(109, 'Vytvoří se nový Test Plan', 'Test Plan bude vytvořen beze jména ', 52, 117, 119, 794, 9359, NULL, 1, 1, '2018-05-29 08:43:40', 73, 1, 103, NULL, NULL, NULL, 0, 19, 15, 14, '[]'),
(110, 'Nelze smazat Kampaň', 'Po kliknutí na tlačítko smazat kampan vyskočí tato chyba', 52, 117, 119, 753, 9118, NULL, 1, 1, '2018-05-29 08:53:10', 73, 1, 102, NULL, NULL, NULL, 0, 17, 13, 14, '[]'),
(111, 'Vytvoří se prázdná Issue', 'Neměla b se vytvořit Issue', 48, 109, 107, 646, 7405, 554, 1, 3, '2018-05-29 08:55:33', 73, 1, 93, NULL, NULL, NULL, 0, NULL, NULL, NULL, NULL),
(112, 'Neúspěšné přihlášení ', 'Nelze se přihlásit s platnými údáji ', 48, 109, 107, 619, 7285, NULL, 2, 3, '2018-05-29 08:56:51', 73, 1, 104, NULL, NULL, NULL, 0, 14, 11, 9, '[]'),
(113, 'Nelze přiložit soubor', 'K Issue nejde přidat příloha.', 48, 109, 107, 657, 7461, NULL, 1, 1, '2018-05-29 08:58:14', 73, 1, 77, NULL, NULL, NULL, 0, 17, 12, 14, '[]'),
(114, 'Možnost zadat do DIC i písmena', '', 50, 115, 115, 941, 8395, NULL, 1, 2, '2018-05-29 09:00:14', 73, 1, 98, NULL, NULL, NULL, 0, 21, 15, 8, '[]'),
(115, 'Vytvoří se kampaň', 'Neměla by se vytvořit prázdná kampaň ', 56, 106, 104, 519, 6972, NULL, 1, 3, '2018-05-29 09:10:06', 73, 1, 101, NULL, NULL, NULL, 0, NULL, NULL, NULL, '[]'),
(116, 'Vysvětlení komentářů v Test Plánu', 'Prosím o vysvětlení funkčnosti Test plánu', 56, NULL, NULL, NULL, NULL, NULL, 3, 1, '2018-05-29 09:11:03', 73, 1, 104, NULL, NULL, NULL, 0, NULL, NULL, NULL, '[]'),
(117, 'Nezobrazí se filtr', '', 55, 108, 106, 613, 9073, NULL, 1, 1, '2018-05-29 09:11:51', 73, 1, 95, NULL, NULL, NULL, 0, 13, 11, 8, '[]'),
(118, 'Nezobrazují se počty', 'Nezobrazí se počet testovacích scénářů. ', 55, 108, 106, 610, 8885, NULL, 2, 2, '2018-05-29 09:13:03', 73, 1, 85, NULL, NULL, NULL, 0, 19, 15, 12, '[]'),
(119, 'Vyskočí chyba', 'Neotevře se Homepage', 55, 108, 106, 608, 8873, 559, 1, 2, '2018-05-29 09:14:45', 73, 1, 103, NULL, NULL, NULL, 0, 14, 12, 9, NULL),
(120, 'Nefunkční tlačítko', 'Nelze kliknout na tlačítko kalendář', 55, 108, 106, 604, 8862, 560, 1, 2, '2018-05-29 09:15:59', 73, 1, 81, NULL, NULL, NULL, 0, NULL, NULL, NULL, NULL),
(121, 'Nezobrazí se možnosti', 'Nelze zvolit jinou možnost zobrazení', 55, 108, 106, 617, 9086, 563, 1, 3, '2018-05-29 09:17:05', 73, 1, 74, NULL, NULL, NULL, 0, 21, 15, 10, NULL),
(122, 'Záložka informace se neotevře', 'Po kliknutí na záložku systém a kliknutí na informace vyskočí chyba.', 50, 115, 115, 973, 8498, NULL, 1, 1, '2018-05-29 09:23:48', 73, 1, NULL, NULL, NULL, NULL, 0, 14, 11, 9, '[]'),
(123, 'Nezobrazí se nabídka', 'Po kliknutí na nabídku set issue tracker ale nezobrazí se žadný výběr', 56, 107, 105, 554, 7071, NULL, 1, 1, '2018-05-29 10:10:20', 73, 1, 76, NULL, NULL, NULL, 0, 13, 11, 8, '[]'),
(124, 'Nelze vytvořit Test Set', 'Nelze vytvořit Test Set pomocí speciálních znaků', 54, 110, 108, 1111, 9605, 567, 1, 2, '2018-05-29 10:10:58', 73, 1, 83, NULL, NULL, NULL, 0, NULL, NULL, NULL, NULL),
(125, 'Nezavřelo se okno', 'Po kliknutí na Close se nezavře okno', 54, 110, 108, 1105, 9578, 572, 1, 1, '2018-05-29 10:12:30', 73, 1, NULL, NULL, NULL, NULL, 0, 15, 16, 15, NULL),
(126, 'Issue se vytvoří', 'Po přídaní přípony, která má více jak 2Mb se Issue stejně vytvoří.', 51, 116, 116, 820, 8711, NULL, 1, 1, '2018-05-29 10:12:59', 73, 1, 79, NULL, NULL, NULL, 0, 14, 11, 9, '[]'),
(127, 'Špatná přípona', 'Nelze přidat soubor s příponou xlsx', 54, 110, 108, 1102, 9563, 573, 1, 2, '2018-05-29 10:13:49', 73, 1, 101, NULL, NULL, NULL, 0, 14, 13, 9, NULL),
(128, 'Projekt se nearchivoval', 'Nefunguje archovace projektu', 51, 116, 117, 856, 8845, NULL, 1, 1, '2018-05-29 10:14:29', 73, 1, 82, NULL, NULL, NULL, 0, 16, 18, 13, '[]'),
(129, 'Neotevře se okno', 'Po kliknutí na tlačítko Zvolit soubor se nic nestane. ', 54, 110, 108, 1100, 9552, 580, 1, 2, '2018-05-29 10:15:27', 73, 1, NULL, NULL, NULL, NULL, 0, 20, 18, 9, NULL),
(130, 'Nelze se přihlásit', 'Nelze se přihlásit na jiného uživatele ', 50, 115, 115, 1003, 8599, NULL, 1, 1, '2018-05-29 10:15:56', 73, 1, 96, NULL, NULL, NULL, 0, 18, 14, 8, '[]'),
(131, 'Chybová hláška', 'Při vytváření Test Casu pomocí speciálních znaků vyskočí chybová hláška', 54, 110, 108, 1092, 9528, 583, 2, 2, '2018-05-29 10:16:25', 73, 1, 74, NULL, NULL, NULL, 0, NULL, NULL, NULL, NULL),
(132, 'Špatná funkcionalita', 'Nevyskočí chybová hláška, přestože by měla', 54, 110, 108, 1085, 9507, 586, 1, 2, '2018-05-29 10:17:20', 73, 1, 83, NULL, NULL, NULL, 0, 16, 18, 9, NULL),
(133, 'Tiket se neodešle', 'Po kliknutí na odeslat tiket vyskočí chyba', 49, 114, 114, 700, 8085, NULL, 1, 1, '2018-05-29 10:19:22', 73, 1, 102, NULL, NULL, NULL, 0, 18, 11, 8, '[]'),
(134, 'Neotevře se záložka Issue', 'Nelze otevřít záložku Issue - po kliknutí se nic nestane. ', 51, 116, 116, 809, 8654, 587, 2, 2, '2018-05-29 10:20:47', 73, 1, 90, NULL, NULL, NULL, 0, 14, 12, 9, NULL),
(135, 'Nelze schválit', 'Nelze schválit Test Case zaškrtnutím políčka schválení', 54, 110, 108, 1099, 9548, NULL, 1, 1, '2018-05-29 10:21:56', 73, 1, 97, NULL, NULL, NULL, 0, 19, 12, 14, '[]'),
(136, 'Nelze Resetovat Filtr', 'Nezobrazí se tlačítko na Resetování filtru.', 51, 116, 116, 831, 8770, 590, 1, 1, '2018-05-29 10:21:58', 73, 1, 89, NULL, NULL, NULL, 0, NULL, NULL, NULL, NULL),
(137, 'View Issue', 'Zobrazení Issue se neotevře. ', 51, 116, 116, 837, 8786, 593, 1, 2, '2018-05-29 10:22:57', 73, 1, 82, NULL, NULL, NULL, 0, 15, 14, 13, NULL),
(138, 'Zvolení priority', 'Nelze zvolit prioritu v jire tak aby se propsala do Juna. V Junu je priorita issue defaultne nastavena na High', 48, 109, 107, 627, 7315, NULL, 1, 1, '2018-05-29 10:25:10', 73, 1, 88, NULL, NULL, NULL, 0, 19, 12, 12, '[]'),
(139, 'Duplicita', 'Vytvoří se dva duplicitní Test Plány(mají stejný název)', 52, 117, 119, 795, 9362, 596, 1, 3, '2018-05-29 10:26:45', 73, 1, 94, NULL, NULL, NULL, 0, NULL, NULL, NULL, NULL),
(140, 'Nelze Odstranit ', 'Po kliknutí na tlačítko smazat Kampan vyskočí hláška, že kampaň byla smazána ale v seznamu kampaní stále je.', 52, 117, 119, 753, 9119, NULL, 1, 1, '2018-05-29 10:27:00', 73, 1, 77, NULL, NULL, NULL, 0, 15, 14, 10, '[]'),
(141, 'Chyba Kampaň', 'Nelze zadat čísla do názvu kampaně, vyskočí chyba. ', 52, 117, 119, 747, 9099, 599, 3, 1, '2018-05-29 10:27:47', 73, 1, 102, NULL, NULL, NULL, 0, NULL, NULL, NULL, NULL),
(142, 'Nezobrazí se tabulka s projekty', 'Po kliknutí se na tlačítko projekty se nic nestane. Měla by se zobrazit tabulka kde jsou projekty vypsány.', 53, 113, 113, 720, 9676, NULL, 1, 1, '2018-05-29 10:29:08', 73, 1, 86, NULL, NULL, NULL, 0, 15, 11, 13, '[]'),
(143, 'Synchronizace', 'Popis se nesynchronizuje mezi Issue v Juno/Jira', 53, 113, 113, 724, 9687, 602, 2, 3, '2018-05-29 10:30:27', 73, 1, 80, NULL, NULL, NULL, 0, NULL, NULL, NULL, NULL),
(144, 'Jméno se neuloží', 'Po editace jména v profilu a kliknutí na tlačítko uložit se žádné změny neprovedou', 53, 113, 113, 714, 9664, NULL, 1, 2, '2018-05-29 10:30:56', 73, 1, 100, NULL, NULL, NULL, 0, 18, 11, 8, '[]'),
(145, 'Nelze změnit heslo', 'Při změně hesla vyskočí chybová hláška - nemáte oprávnění. ', 53, 113, 113, 718, 9672, 604, 1, 2, '2018-05-29 10:31:19', 73, 1, 87, NULL, NULL, NULL, 0, NULL, NULL, NULL, NULL),
(146, 'Nelze vyplnit kolonku Odhad', 'Při zadání Odhadu zbývajícího času, se automaticky přemaže a zůstane prázdná.', 53, 113, 113, 741, 9756, 610, 2, 2, '2018-05-29 10:32:31', 73, 1, 74, NULL, NULL, NULL, 0, NULL, NULL, NULL, NULL),
(147, 'Tlačítko Resetovat se nezobrazí', 'Po upravení tabulky s logy se nezobrazí tlačítko resetovat', 49, 114, 114, 707, 8124, NULL, 1, 2, '2018-05-29 10:32:46', 73, 1, 93, NULL, NULL, NULL, 0, 17, 12, 14, '[]'),
(148, 'Nefunkčí záložka', 'Nezobrazí se nám nabídka záložek menu. ', 49, 114, 114, 694, 8065, NULL, 1, 1, '2018-05-29 10:34:01', 73, 1, 91, NULL, NULL, NULL, 0, 13, 11, 8, '[]'),
(149, 'Jazyk se nezmění', 'Po kliknutí na změnu jazyka a výběru například angličtiny se jazyk nezmění. Stále zůstane Slovenština.', 49, 114, 114, 713, 8147, NULL, 1, 3, '2018-05-29 10:34:56', 73, 1, 92, NULL, NULL, NULL, 0, 19, 15, 12, '[]'),
(150, 'Nelze přidat přílohu.', 'Nelze přidat k tiketu přílohu jak menší než 2Mb ani větší', 49, 114, 114, 704, 8105, NULL, 1, 3, '2018-05-29 10:36:54', 73, 1, 74, NULL, NULL, NULL, 1, 18, 14, 8, '[]');

-- --------------------------------------------------------

--
-- Štruktúra tabuľky pre tabuľku `issue_comment`
--

CREATE TABLE `issue_comment` (
  `id` int(11) NOT NULL,
  `description` text COLLATE utf8_slovak_ci,
  `author_id` int(11) DEFAULT NULL,
  `issue_id` int(11) DEFAULT NULL,
  `create_date` datetime DEFAULT NULL,
  `jira_id` int(11) DEFAULT NULL
) ENGINE=InnoDB DEFAULT CHARSET=utf8 COLLATE=utf8_slovak_ci;

-- --------------------------------------------------------

--
-- Štruktúra tabuľky pre tabuľku `issue_multimedia`
--

CREATE TABLE `issue_multimedia` (
  `id` int(11) NOT NULL,
  `multimedia_id` int(11) DEFAULT NULL,
  `issue_id` int(11) DEFAULT NULL
) ENGINE=InnoDB DEFAULT CHARSET=utf8 COLLATE=utf8_slovak_ci;

-- --------------------------------------------------------

--
-- Štruktúra tabuľky pre tabuľku `iteration`
--

CREATE TABLE `iteration` (
  `id` int(11) NOT NULL,
  `name` varchar(255) NOT NULL,
  `description` varchar(255) DEFAULT NULL,
  `start_milestone_id` int(11) NOT NULL,
  `end_milestone_id` int(11) NOT NULL,
  `colour` varchar(255) DEFAULT NULL,
  `sequence` int(11) NOT NULL,
  `campaign_id` int(11) NOT NULL
) ENGINE=InnoDB DEFAULT CHARSET=utf8;

--
-- Sťahujem dáta pre tabuľku `iteration`
--

INSERT INTO `iteration` (`id`, `name`, `description`, `start_milestone_id`, `end_milestone_id`, `colour`, `sequence`, `campaign_id`) VALUES
(9, 'Pre-Test', '', 12, 13, 'LightSkyBlue', 1, 7),
(10, 'Pos-Test', '', 13, 14, 'DarkCyan', 2, 7),
(11, 'Testy1', '', 15, 16, 'Orchid', 1, 8),
(12, 'Testy 2', '', 16, 17, 'LightSkyBlue', 2, 8),
(13, 'Testy 3', '', 17, 18, 'IndianRed', 3, 8);

-- --------------------------------------------------------

--
-- Štruktúra tabuľky pre tabuľku `log`
--

CREATE TABLE `log` (
  `id` int(11) NOT NULL,
  `description` text COLLATE utf8_slovak_ci,
  `action_id` int(3) DEFAULT NULL,
  `tab_id` int(3) DEFAULT NULL,
  `privilege_id` int(11) DEFAULT NULL,
  `ip` varchar(20) COLLATE utf8_slovak_ci DEFAULT NULL,
  `creator_id` int(11) DEFAULT NULL,
  `create_date` timestamp NOT NULL DEFAULT CURRENT_TIMESTAMP
) ENGINE=InnoDB DEFAULT CHARSET=utf8 COLLATE=utf8_slovak_ci;

--
-- Sťahujem dáta pre tabuľku `log`
--

INSERT INTO `log` (`id`, `description`, `action_id`, `tab_id`, `privilege_id`, `ip`, `creator_id`, `create_date`) VALUES
(1064, 'is.user.logDeleted 34', 3, 10, 1004, '::1', 73, '2018-05-22 06:13:48'),
(1065, 'Vytvoril nového uživateľa s ID 74', 1, 10, 1001, '178.143.114.99', 73, '2018-05-23 07:49:30'),
(1066, 'Upravil uživatele s ID 73', 2, 10, 1002, '178.143.114.99', 73, '2018-05-23 07:50:37'),
(1067, 'Vytvoril projekt s ID 48', 1, 4, 1007, '46.135.33.157', 73, '2018-05-24 08:40:16'),
(1068, 'Vytvoril projekt s ID 49', 1, 4, 1007, '46.135.33.157', 73, '2018-05-24 08:40:43'),
(1069, 'Vytvoril projekt s ID 50', 1, 4, 1007, '46.135.33.157', 73, '2018-05-24 08:40:55'),
(1070, 'Vytvoril projekt s ID 51', 1, 4, 1007, '46.135.33.157', 73, '2018-05-24 08:41:02'),
(1071, 'Vytvoril projekt s ID 52', 1, 4, 1007, '46.135.33.157', 73, '2018-05-24 08:41:19'),
(1072, 'Vytvoril projekt s ID 53', 1, 4, 1007, '46.135.33.157', 73, '2018-05-24 08:41:32'),
(1073, 'Vytvoril projekt s ID 54', 1, 4, 1007, '46.135.33.157', 73, '2018-05-24 08:41:46'),
(1074, 'Vytvoril projekt s ID 55', 1, 4, 1007, '46.135.33.157', 73, '2018-05-24 08:41:55'),
(1075, 'Vytvoril projekt s ID 56', 1, 4, 1007, '46.135.33.157', 73, '2018-05-24 08:42:03'),
(1076, 'Vytvoril nového uživateľa s ID 75', 1, 10, 1001, '46.135.33.157', 73, '2018-05-24 09:24:29'),
(1077, 'Vytvoril nového uživateľa s ID 76', 1, 10, 1001, '46.135.33.157', 73, '2018-05-24 09:25:31'),
(1078, 'Vytvoril nového uživateľa s ID 77', 1, 10, 1001, '46.135.33.157', 73, '2018-05-24 09:26:32'),
(1079, 'Vytvoril nového uživateľa s ID 78', 1, 10, 1001, '46.135.33.157', 73, '2018-05-24 09:27:29'),
(1080, 'Vytvoril nového uživateľa s ID 79', 1, 10, 1001, '46.135.33.157', 73, '2018-05-24 09:28:15'),
(1081, 'Vytvoril nového uživateľa s ID 80', 1, 10, 1001, '46.135.33.157', 73, '2018-05-24 09:28:48'),
(1082, 'Vytvoril nového uživateľa s ID 81', 1, 10, 1001, '46.135.33.157', 73, '2018-05-24 09:30:23'),
(1083, 'Vytvoril nového uživateľa s ID 82', 1, 10, 1001, '46.135.33.157', 73, '2018-05-24 09:31:19'),
(1084, 'Vytvoril nového uživateľa s ID 83', 1, 10, 1001, '46.135.33.157', 73, '2018-05-24 09:31:45'),
(1085, 'Vytvoril nového uživateľa s ID 84', 1, 10, 1001, '46.135.33.157', 73, '2018-05-24 09:32:44'),
(1086, 'Vytvoril nového uživateľa s ID 85', 1, 10, 1001, '46.135.33.157', 73, '2018-05-24 09:33:43'),
(1087, 'Vytvoril nového uživateľa s ID 86', 1, 10, 1001, '46.135.33.157', 73, '2018-05-24 09:33:55'),
(1088, 'Vytvoril nového uživateľa s ID 87', 1, 10, 1001, '46.135.33.157', 73, '2018-05-24 09:34:49'),
(1089, 'Vytvoril nového uživateľa s ID 88', 1, 10, 1001, '46.135.33.157', 73, '2018-05-24 09:34:53'),
(1090, 'Vytvoril nového uživateľa s ID 89', 1, 10, 1001, '46.135.33.157', 73, '2018-05-24 09:35:55'),
(1091, 'Vytvoril nového uživateľa s ID 90', 1, 10, 1001, '46.135.33.157', 73, '2018-05-24 09:35:56'),
(1092, 'Vytvoril nového uživateľa s ID 91', 1, 10, 1001, '46.135.33.157', 73, '2018-05-24 09:36:59'),
(1093, 'Vytvoril nového uživateľa s ID 92', 1, 10, 1001, '46.135.33.157', 73, '2018-05-24 09:37:19'),
(1094, 'Upravil uživatele s ID 86', 2, 10, 1002, '46.135.33.157', 73, '2018-05-24 09:37:24'),
(1095, 'Upravil uživatele s ID 90', 2, 10, 1002, '46.135.33.157', 73, '2018-05-24 09:37:36'),
(1096, 'Vytvoril nového uživateľa s ID 93', 1, 10, 1001, '46.135.33.157', 73, '2018-05-24 09:38:52'),
(1097, 'Vytvoril nového uživateľa s ID 94', 1, 10, 1001, '46.135.33.157', 73, '2018-05-24 09:39:04'),
(1098, 'Vytvoril nového uživateľa s ID 95', 1, 10, 1001, '46.135.33.157', 73, '2018-05-24 09:39:33'),
(1099, 'Vytvoril nového uživateľa s ID 96', 1, 10, 1001, '46.135.33.157', 73, '2018-05-24 09:40:20'),
(1100, 'Vytvoril nového uživateľa s ID 97', 1, 10, 1001, '46.135.33.157', 73, '2018-05-24 09:40:51'),
(1101, 'Vytvoril nového uživateľa s ID 98', 1, 10, 1001, '46.135.33.157', 73, '2018-05-24 09:42:11'),
(1102, 'Vytvoril nového uživateľa s ID 99', 1, 10, 1001, '46.135.33.157', 73, '2018-05-24 09:43:38'),
(1103, 'Upravil uživatele s ID 96', 2, 10, 1002, '46.135.33.157', 73, '2018-05-24 09:44:05'),
(1104, 'Upravil uživatele s ID 97', 2, 10, 1002, '46.135.33.157', 73, '2018-05-24 09:44:14'),
(1105, 'Vytvoril nového uživateľa s ID 100', 1, 10, 1001, '46.135.33.157', 73, '2018-05-24 09:44:22'),
(1106, 'Vytvoril nového uživateľa s ID 101', 1, 10, 1001, '46.135.33.157', 73, '2018-05-24 09:44:59'),
(1107, 'Vytvoril nového uživateľa s ID 102', 1, 10, 1001, '46.135.33.157', 73, '2018-05-24 09:45:47'),
(1108, 'Vytvoril nového uživateľa s ID 103', 1, 10, 1001, '46.135.33.157', 73, '2018-05-24 09:46:01'),
(1109, 'Vytvoril nového uživateľa s ID 104', 1, 10, 1001, '46.135.33.157', 73, '2018-05-24 09:46:46'),
(1110, 'Upravil uživatele s ID 74', 2, 10, 1002, '46.135.33.157', 73, '2018-05-24 09:49:20'),
(1111, 'Vytvoril Campaign s ID 6', 1, 11, 1016, '46.135.33.157', 74, '2018-05-24 12:02:26'),
(1112, 'Import excelu s ID 5b06abfb15cea2.12867319', 1, 6, 38, '46.135.33.157', 74, '2018-05-24 12:11:39'),
(1113, 'Import excelu s ID 5b06ac03254507.30284146', 1, 6, 38, '46.135.33.157', 74, '2018-05-24 12:11:47'),
(1114, 'Import excelu s ID 5b06ac0c253db1.45960696', 1, 6, 38, '46.135.33.157', 74, '2018-05-24 12:11:56'),
(1115, 'Import excelu s ID 5b06ac14043533.66565743', 1, 6, 38, '46.135.33.157', 74, '2018-05-24 12:12:04'),
(1116, 'Vymazal Test Set s ID 447', 3, 6, 12, '46.135.33.157', 74, '2018-05-24 12:15:24'),
(1117, 'Vymazal Test Set s ID 446', 3, 6, 12, '46.135.33.157', 74, '2018-05-24 12:15:27'),
(1118, 'Vymazal Test Set s ID 445', 3, 6, 12, '46.135.33.157', 74, '2018-05-24 12:15:30'),
(1119, 'Vymazal Test Set s ID 444', 3, 6, 12, '46.135.33.157', 74, '2018-05-24 12:15:33'),
(1120, 'Import excelu s ID 5b06ad22022383.08249769', 1, 6, 38, '46.135.33.157', 73, '2018-05-24 12:16:34'),
(1121, 'Import excelu s ID 5b06ad2f7686b4.15212790', 1, 6, 38, '46.135.33.157', 73, '2018-05-24 12:16:47'),
(1122, 'Import excelu s ID 5b06ad36d9f2a4.08969515', 1, 6, 38, '46.135.33.157', 73, '2018-05-24 12:16:55'),
(1123, 'Import excelu s ID 5b06ad3fd0fee3.66927478', 1, 6, 38, '46.135.33.157', 73, '2018-05-24 12:17:03'),
(1124, 'Vytvoril test plan s ID 106', 1, 7, 15, '46.135.33.157', 73, '2018-05-24 12:17:33'),
(1125, 'Import excelu s ID 5b06ad63b45f37.93314743', 1, 6, 38, '46.135.33.157', 73, '2018-05-24 12:17:40'),
(1126, 'Vytvoril test plan s ID 107', 1, 7, 15, '46.135.33.157', 73, '2018-05-24 12:17:49'),
(1127, 'Import excelu s ID 5b06ad78812ff4.58057735', 1, 6, 38, '46.135.33.157', 73, '2018-05-24 12:18:01'),
(1128, 'Import excelu s ID 5b06ad929bad43.19272859', 1, 6, 38, '46.135.33.157', 73, '2018-05-24 12:18:27'),
(1129, 'Vytvoril testSprint s ID 103', 1, 7, 16, '46.135.33.157', 73, '2018-05-24 12:18:36'),
(1130, 'Import excelu s ID 5b06ada38dff86.54383631', 1, 6, 38, '46.135.33.157', 73, '2018-05-24 12:18:44'),
(1131, 'Upravil testSprint s ID 103', 2, 7, 16, '46.135.33.157', 73, '2018-05-24 12:19:06'),
(1132, 'Import excelu s ID 5b06adbe6a76a2.89292410', 1, 6, 38, '46.135.33.157', 73, '2018-05-24 12:19:10'),
(1133, 'Vymazal Test Set s ID 455', 3, 6, 12, '46.135.33.157', 73, '2018-05-24 12:19:17'),
(1134, 'Import excelu s ID 5b06add2c6bac1.71803646', 1, 6, 38, '46.135.33.157', 73, '2018-05-24 12:19:31'),
(1135, 'Import excelu s ID 5b06add35fb4e5.59240799', 1, 6, 38, '46.135.33.157', 73, '2018-05-24 12:19:31'),
(1136, 'Vytvoril testSprint s ID 104', 1, 7, 16, '46.135.33.157', 73, '2018-05-24 12:20:42'),
(1137, 'Upravil testSprint s ID 104', 2, 7, 16, '46.135.33.157', 73, '2018-05-24 12:20:55'),
(1138, 'Import excelu s ID 5b06ae28ba4346.52656671', 1, 6, 38, '46.135.33.157', 73, '2018-05-24 12:20:56'),
(1139, 'Import excelu s ID 5b06ae343e0d96.42033649', 1, 6, 38, '46.135.33.157', 73, '2018-05-24 12:21:08'),
(1140, 'Import excelu s ID 5b06ae44671f69.69494730', 1, 6, 38, '46.135.33.157', 73, '2018-05-24 12:21:24'),
(1141, 'Vytvoril testSprint s ID 105', 1, 7, 16, '46.135.33.157', 73, '2018-05-24 12:21:28'),
(1142, 'Upravil testSprint s ID 105', 2, 7, 16, '46.135.33.157', 73, '2018-05-24 12:21:37'),
(1143, 'Import excelu s ID 5b06ae514445a3.59642756', 1, 6, 38, '46.135.33.157', 73, '2018-05-24 12:21:37'),
(1144, 'Import excelu s ID 5b06ae8d590480.28480466', 1, 6, 38, '46.135.33.157', 73, '2018-05-24 12:22:38'),
(1145, 'Import excelu s ID 5b06ae9acd7716.68853355', 1, 6, 38, '46.135.33.157', 73, '2018-05-24 12:22:51'),
(1146, 'Import excelu s ID 5b06aec3a1ada2.69318980', 1, 6, 38, '46.135.33.157', 73, '2018-05-24 12:23:32'),
(1147, 'Import excelu s ID 5b06af224dccd3.56386666', 1, 6, 38, '46.135.33.157', 73, '2018-05-24 12:25:06'),
(1148, 'Import excelu s ID 5b06af3e5577e0.19212838', 1, 6, 38, '46.135.33.157', 73, '2018-05-24 12:25:34'),
(1149, 'Import excelu s ID 5b06af5aa0b0a5.30835865', 1, 6, 38, '46.135.33.157', 73, '2018-05-24 12:26:02'),
(1150, 'Import excelu s ID 5b06af620f0596.55044368', 1, 6, 38, '46.135.33.157', 73, '2018-05-24 12:26:10'),
(1151, 'Import excelu s ID 5b06af6217cf95.12942698', 1, 6, 38, '46.135.33.157', 73, '2018-05-24 12:26:10'),
(1152, 'Vymazal Test Set s ID 468', 3, 6, 12, '46.135.33.157', 73, '2018-05-24 12:26:16'),
(1153, 'Import excelu s ID 5b06af6b457e51.37895097', 1, 6, 38, '46.135.33.157', 73, '2018-05-24 12:26:19'),
(1154, 'Import excelu s ID 5b06af73092001.51527898', 1, 6, 38, '46.135.33.157', 73, '2018-05-24 12:26:27'),
(1155, 'Import excelu s ID 5b06af74097961.92608502', 1, 6, 38, '46.135.33.157', 73, '2018-05-24 12:26:28'),
(1156, 'Import excelu s ID 5b06af7f4461d7.46883727', 1, 6, 38, '46.135.33.157', 73, '2018-05-24 12:26:39'),
(1157, 'Vytvoril test plan s ID 108', 1, 7, 15, '46.135.33.157', 73, '2018-05-24 12:26:54'),
(1158, 'Vytvoril testSprint s ID 106', 1, 7, 16, '46.135.33.157', 73, '2018-05-24 12:27:14'),
(1159, 'Upravil testSprint s ID 106', 2, 7, 16, '46.135.33.157', 73, '2018-05-24 12:27:26'),
(1160, 'Import excelu s ID 5b06afea3431e3.00676110', 1, 6, 38, '46.135.33.157', 73, '2018-05-24 12:28:26'),
(1161, 'Vytvoril test plan s ID 109', 1, 7, 15, '46.135.33.157', 73, '2018-05-24 12:28:27'),
(1162, 'Import excelu s ID 5b06aff1d40de6.61813002', 1, 6, 38, '46.135.33.157', 73, '2018-05-24 12:28:33'),
(1163, 'Vytvoril testSprint s ID 107', 1, 7, 16, '46.135.33.157', 73, '2018-05-24 12:29:53'),
(1164, 'Upravil testSprint s ID 107', 2, 7, 16, '46.135.33.157', 73, '2018-05-24 12:30:09'),
(1165, 'Import excelu s ID 5b06b108b6a3b3.17409370', 1, 6, 38, '46.135.33.157', 73, '2018-05-24 12:33:14'),
(1166, 'Vytvoril test plan s ID 110', 1, 7, 15, '46.135.33.157', 73, '2018-05-24 12:33:40'),
(1167, 'Vytvoril test plan s ID 111', 1, 7, 15, '46.135.33.157', 73, '2018-05-24 12:33:54'),
(1168, 'Vytvoril test plan s ID 112', 1, 7, 15, '46.135.33.157', 73, '2018-05-24 12:34:15'),
(1169, 'Vytvoril testSprint s ID 108', 1, 7, 16, '46.135.33.157', 73, '2018-05-24 12:34:44'),
(1170, 'Vytvoril testSprint s ID 109', 1, 7, 16, '46.135.33.157', 73, '2018-05-24 12:35:10'),
(1171, 'Vytvoril testSprint s ID 110', 1, 7, 16, '46.135.33.157', 73, '2018-05-24 12:35:34'),
(1172, 'Vytvoril testSprint s ID 111', 1, 7, 16, '46.135.33.157', 73, '2018-05-24 12:35:52'),
(1173, 'Upravil testSprint s ID 111', 2, 7, 16, '46.135.33.157', 73, '2018-05-24 12:35:59'),
(1174, 'Import excelu s ID 5b06b236cf4dc0.66450579', 1, 6, 38, '46.135.33.157', 73, '2018-05-24 12:38:14'),
(1175, 'Import excelu s ID 5b06b23fc942e7.24741822', 1, 6, 38, '46.135.33.157', 73, '2018-05-24 12:38:23'),
(1176, 'Import excelu s ID 5b06b2480810c1.66123856', 1, 6, 38, '46.135.33.157', 73, '2018-05-24 12:38:32'),
(1177, 'Vytvoril test plan s ID 113', 1, 7, 15, '46.135.33.157', 73, '2018-05-24 12:39:20'),
(1178, 'Vytvoril testSprint s ID 112', 1, 7, 16, '46.135.33.157', 73, '2018-05-24 12:39:41'),
(1179, 'Vytvoril testSprint s ID 113', 1, 7, 16, '46.135.33.157', 73, '2018-05-24 12:39:57'),
(1180, 'Vytvoril test plan s ID 114', 1, 7, 15, '46.135.33.157', 73, '2018-05-24 12:44:13'),
(1181, 'Vytvoril testSprint s ID 114', 1, 7, 16, '46.135.33.157', 73, '2018-05-24 12:44:33'),
(1182, 'Vytvoril test plan s ID 115', 1, 7, 15, '46.135.33.157', 73, '2018-05-24 12:45:46'),
(1183, 'Vytvoril testSprint s ID 115', 1, 7, 16, '46.135.33.157', 73, '2018-05-24 12:46:11'),
(1184, 'Vytvoril test plan s ID 116', 1, 7, 15, '46.135.33.157', 73, '2018-05-24 12:47:17'),
(1185, 'Vytvoril testSprint s ID 116', 1, 7, 16, '46.135.33.157', 73, '2018-05-24 12:47:41'),
(1186, 'Vytvoril testSprint s ID 117', 1, 7, 16, '46.135.33.157', 73, '2018-05-24 12:48:15'),
(1187, 'Vytvoril test plan s ID 117', 1, 7, 15, '46.135.33.157', 73, '2018-05-24 12:49:51'),
(1188, 'Vytvoril test plan s ID 118', 1, 7, 15, '46.135.33.157', 73, '2018-05-24 12:49:54'),
(1189, 'Vytvoril testSprint s ID 118', 1, 7, 16, '46.135.33.157', 73, '2018-05-24 12:50:10'),
(1190, 'Vytvoril testSprint s ID 119', 1, 7, 16, '46.135.33.157', 73, '2018-05-24 12:50:29'),
(1191, 'Vytvoril testSprint s ID 120', 1, 7, 16, '46.135.33.157', 73, '2018-05-24 12:51:12'),
(1192, 'Vytvoril testSprint s ID 121', 1, 7, 16, '46.135.33.157', 73, '2018-05-24 12:51:20'),
(1193, 'Upravil testSprint s ID 114', 2, 7, 16, '46.135.33.157', 73, '2018-05-25 07:29:29'),
(1194, 'Vytvoril Campaign s ID 7', 1, 11, 1016, '109.72.12.186', 73, '2018-05-28 17:45:31'),
(1195, 'Vytvoril Milestone s ID 12', 1, 11, NULL, '109.72.12.186', 73, '2018-05-28 17:46:35'),
(1196, 'Vytvoril Milestone s ID 13', 1, 11, NULL, '109.72.12.186', 73, '2018-05-28 17:46:54'),
(1197, 'Vytvoril Milestone s ID 14', 1, 11, NULL, '109.72.12.186', 73, '2018-05-28 17:47:30'),
(1198, 'Vytvoril Iteration s ID 9', 1, 11, NULL, '109.72.12.186', 73, '2018-05-28 17:47:59'),
(1199, 'Vytvoril Iteration s ID 10', 1, 11, NULL, '109.72.12.186', 73, '2018-05-28 17:48:27'),
(1200, 'Zmenen test plan s ID 106', 2, 4, 46, '109.72.12.186', 73, '2018-05-28 17:49:02'),
(1201, 'Zmenen test plan s ID 106', 2, 4, 46, '109.72.12.186', 73, '2018-05-28 17:51:38'),
(1202, 'Zmenen test plan s ID 113', 2, 4, 46, '109.72.12.186', 73, '2018-05-28 17:52:01'),
(1203, 'Vytvoril Campaign s ID 8', 1, 11, 1016, '109.72.12.186', 73, '2018-05-28 17:53:11'),
(1204, 'Vytvoril Milestone s ID 15', 1, 11, NULL, '109.72.12.186', 73, '2018-05-28 17:53:46'),
(1205, 'Vytvoril Milestone s ID 16', 1, 11, NULL, '109.72.12.186', 73, '2018-05-28 17:53:59'),
(1206, 'Vytvoril Milestone s ID 17', 1, 11, NULL, '109.72.12.186', 73, '2018-05-28 17:54:16'),
(1207, 'Vytvoril Milestone s ID 18', 1, 11, NULL, '109.72.12.186', 73, '2018-05-28 17:54:29'),
(1208, 'Vytvoril Iteration s ID 11', 1, 11, NULL, '109.72.12.186', 73, '2018-05-28 17:54:39'),
(1209, 'Vytvoril Iteration s ID 12', 1, 11, NULL, '109.72.12.186', 73, '2018-05-28 17:54:53'),
(1210, 'Upravil Iteration s ID 12', 2, 11, NULL, '109.72.12.186', 73, '2018-05-28 17:55:03'),
(1211, 'Vytvoril Iteration s ID 13', 1, 11, NULL, '109.72.12.186', 73, '2018-05-28 17:55:22'),
(1212, 'Zmenen test plan s ID 116', 2, 4, 46, '109.72.12.186', 73, '2018-05-28 17:55:50'),
(1213, 'Zmenen test plan s ID 115', 2, 4, 46, '109.72.12.186', 73, '2018-05-28 17:56:00'),
(1214, 'Zmenen test plan s ID 114', 2, 4, 46, '109.72.12.186', 73, '2018-05-28 17:56:11'),
(1215, 'Zmenen test plan s ID 112', 2, 4, 46, '109.72.12.186', 73, '2018-05-28 17:56:29'),
(1216, 'Zmenen test plan s ID 111', 2, 4, 46, '109.72.12.186', 73, '2018-05-28 17:56:36'),
(1217, 'Zmenen test plan s ID 110', 2, 4, 46, '109.72.12.186', 73, '2018-05-28 17:56:44'),
(1218, 'Upravil Campaign s ID 7', 2, 11, 1016, '109.72.12.186', 73, '2018-05-28 17:57:14'),
(1219, 'Import excelu s ID 5b0c511c092428.91534508', 1, 6, 38, '109.72.12.186', 73, '2018-05-28 18:57:32'),
(1220, 'Import excelu s ID 5b0c512858fe81.70337863', 1, 6, 38, '109.72.12.186', 73, '2018-05-28 18:57:44'),
(1221, 'Import excelu s ID 5b0c5135e999c7.40342709', 1, 6, 38, '109.72.12.186', 73, '2018-05-28 18:57:58'),
(1222, 'Import excelu s ID 5b0c51405fc052.43025787', 1, 6, 38, '109.72.12.186', 73, '2018-05-28 18:58:08'),
(1223, 'Import excelu s ID 5b0c514f521432.37174384', 1, 6, 38, '109.72.12.186', 73, '2018-05-28 18:58:23'),
(1224, 'Vymazal Test Set s ID 480', 3, 6, 12, '109.72.12.186', 73, '2018-05-28 18:58:32'),
(1225, 'Import excelu s ID 5b0c51636f7f38.07466954', 1, 6, 38, '109.72.12.186', 73, '2018-05-28 18:58:43'),
(1226, 'Import excelu s ID 5b0c51700f0474.95437696', 1, 6, 38, '109.72.12.186', 73, '2018-05-28 18:58:56'),
(1227, 'Import excelu s ID 5b0c517e201df7.42886052', 1, 6, 38, '109.72.12.186', 73, '2018-05-28 18:59:10'),
(1228, 'Upravil testSprint s ID 113', 2, 7, 16, '46.135.33.157', 73, '2018-05-29 08:28:32'),
(1229, 'Upravil testSprint s ID 119', 2, 7, 16, '46.135.33.157', 73, '2018-05-29 08:29:49'),
(1230, 'Upravil testSprint s ID 116', 2, 7, 16, '46.135.33.157', 73, '2018-05-29 08:31:31'),
(1231, 'Upravil testSprint s ID 117', 2, 7, 16, '46.135.33.157', 73, '2018-05-29 08:31:54'),
(1232, 'Upravil testSprint s ID 115', 2, 7, 16, '46.135.33.157', 73, '2018-05-29 08:34:55'),
(1233, 'Upravil testSprint s ID 115', 2, 7, 16, '46.135.33.157', 73, '2018-05-29 08:35:55'),
(1234, 'Upravil testSprint s ID 111', 2, 7, 16, '82.142.95.65', 73, '2018-05-29 10:08:23'),
(1235, 'Zmenen test plan s ID 112', 2, 7, 17, '82.142.95.65', 73, '2018-05-29 10:08:45'),
(1236, 'Zmenen test plan s ID 111', 2, 7, 17, '82.142.95.65', 73, '2018-05-29 10:09:05'),
(1237, 'Upravil testSprint s ID 110', 2, 7, 16, '82.142.95.65', 73, '2018-05-29 10:09:16'),
(1238, 'Zmenen test plan s ID 110', 2, 7, 17, '82.142.95.65', 73, '2018-05-29 10:09:29'),
(1239, 'Upravil testSprint s ID 109', 2, 7, 16, '82.142.95.65', 73, '2018-05-29 10:09:37'),
(1240, 'Upravil testSprint s ID 108', 2, 7, 16, '82.142.95.65', 73, '2018-05-29 10:09:52'),
(1241, 'Upravil testSprint s ID 118', 2, 7, 16, '82.142.95.65', 73, '2018-05-29 10:25:13'),
(1242, 'Upravil testSprint s ID 121', 2, 7, 16, '82.142.95.65', 73, '2018-05-29 10:25:23'),
(1243, 'Upravil testSprint s ID 120', 2, 7, 16, '82.142.95.65', 73, '2018-05-29 10:25:42'),
(1244, 'Upravil uživatele s ID 104', 2, 10, 1002, '82.142.95.65', 73, '2018-05-29 11:24:57'),
(1245, 'Upravil uživatele s ID 104', 2, 10, 1002, '82.142.95.65', 73, '2018-05-29 11:25:02'),
(1246, 'Upravil uživatele s ID 74', 2, 10, 1002, '82.142.95.65', 74, '2018-05-30 14:16:11'),
(1247, 'Upravil uživatele s ID 74', 2, 10, 1002, '82.142.95.65', 74, '2018-05-30 14:16:14'),
(1248, 'Upravil uživatele s ID 74', 2, 10, 1002, '82.142.95.65', 73, '2018-05-30 14:20:34'),
(1249, 'Vytvoril testSprint s ID 122', 1, 7, 16, '82.142.95.65', 73, '2018-05-31 07:54:17'),
(1250, 'Vytvoril Campaign s ID 9', 1, 11, 1016, '82.142.95.65', 73, '2018-05-31 08:35:50');

-- --------------------------------------------------------

--
-- Štruktúra tabuľky pre tabuľku `login_picture`
--

CREATE TABLE `login_picture` (
  `id` int(11) NOT NULL,
  `multimedia_id` int(11) DEFAULT NULL
) ENGINE=InnoDB DEFAULT CHARSET=utf8;

-- --------------------------------------------------------

--
-- Štruktúra tabuľky pre tabuľku `mailer`
--

CREATE TABLE `mailer` (
  `id` int(11) NOT NULL,
  `recipient` varchar(100) COLLATE utf8_slovak_ci DEFAULT NULL,
  `subject` varchar(250) COLLATE utf8_slovak_ci DEFAULT NULL,
  `body` text COLLATE utf8_slovak_ci,
  `sent_date` timestamp NOT NULL DEFAULT CURRENT_TIMESTAMP
) ENGINE=InnoDB DEFAULT CHARSET=utf8 COLLATE=utf8_slovak_ci;

-- --------------------------------------------------------

--
-- Štruktúra tabuľky pre tabuľku `mailer_attachment`
--

CREATE TABLE `mailer_attachment` (
  `id` int(11) NOT NULL,
  `mailer_id` int(11) DEFAULT NULL,
  `multimedia_id` int(11) DEFAULT NULL
) ENGINE=InnoDB DEFAULT CHARSET=utf8 COLLATE=utf8_unicode_ci;

-- --------------------------------------------------------

--
-- Štruktúra tabuľky pre tabuľku `mailer_default`
--

CREATE TABLE `mailer_default` (
  `id` int(11) NOT NULL,
  `name` varchar(150) COLLATE utf8_slovak_ci DEFAULT NULL,
  `subject` varchar(250) COLLATE utf8_slovak_ci DEFAULT NULL,
  `body` text COLLATE utf8_slovak_ci
) ENGINE=InnoDB DEFAULT CHARSET=utf8 COLLATE=utf8_slovak_ci;

-- --------------------------------------------------------

--
-- Štruktúra tabuľky pre tabuľku `mail_template`
--

CREATE TABLE `mail_template` (
  `id` int(11) NOT NULL,
  `name` varchar(255) NOT NULL,
  `subject` varchar(255) DEFAULT NULL,
  `body` text,
  `type` int(11) NOT NULL,
  `localization` varchar(3) NOT NULL,
  `active` int(11) DEFAULT '0'
) ENGINE=InnoDB DEFAULT CHARSET=utf8;

-- --------------------------------------------------------

--
-- Štruktúra tabuľky pre tabuľku `menuitem`
--

CREATE TABLE `menuitem` (
  `id` int(11) NOT NULL,
  `name` varchar(250) DEFAULT NULL,
  `glyphicon` varchar(50) DEFAULT NULL,
  `link` varchar(250) DEFAULT NULL,
  `menuitem_id` int(11) DEFAULT NULL,
  `sort` tinyint(2) NOT NULL DEFAULT '1',
  `privilege_id` int(5) NOT NULL
) ENGINE=InnoDB DEFAULT CHARSET=utf8;

--
-- Sťahujem dáta pre tabuľku `menuitem`
--

INSERT INTO `menuitem` (`id`, `name`, `glyphicon`, `link`, `menuitem_id`, `sort`, `privilege_id`) VALUES
(1, 'is.modulName.homepage', 'glyphicon glyphicon-home', ':Admin:Homepage:Homepage:default', NULL, 1, 1006),
(2, 'is.modulName.projects', 'glyphicon glyphicon-tasks', ':Admin:Project:Project:', NULL, 4, 1007),
(3, 'is.modulName.user', 'glyphicon glyphicon-user', ':Admin:User:User:', NULL, 6, 1008),
(4, 'is.modulName.log', 'glyphicon glyphicon-blackboard', ':Admin:Log:Log:', NULL, 7, 1009),
(5, 'is.modulName.settings', 'glyphicon glyphicon-cog', ':Admin:Settings:Settings:', NULL, 8, 1010),
(6, 'is.modulName.help', 'glyphicon glyphicon-hdd', ':Admin:Help:Help:', NULL, 9, 1011),
(7, 'is.modulName.general', 'glyphicon glyphicon-leaf', ':Admin:Settings:SimpleSettings:default', 5, 1, 0),
(8, 'is.modulName.specific', 'glyphicon glyphicon-grain', ':Admin:Settings:SpecificSettings:default', 5, 2, 0),
(9, 'is.modulName.napoveda', 'glyphicon glyphicon-education', ':Admin:Help:Help:default', 6, 1, 0),
(10, 'is.modulName.information', 'glyphicon glyphicon-info-sign', ':Admin:Help:Help:information', 6, 2, 0),
(11, 'is.modulName.issue', 'glyphicon glyphicon-fire', ':Admin:Issue:Issue:', NULL, 5, 1014),
(12, 'is.modulName.storage', 'glyphicon glyphicon-folder-close', ':Admin:Storage:Storage:', NULL, 10, 1015),
(13, 'Release/Camp.', 'glyphicon glyphicon-briefcase', ':Admin:Campaign:Homepage:', NULL, 2, 1015);

-- --------------------------------------------------------

--
-- Štruktúra tabuľky pre tabuľku `module`
--

CREATE TABLE `module` (
  `id` int(11) NOT NULL,
  `name` varchar(255) NOT NULL,
  `owner` varchar(255) DEFAULT NULL,
  `support` varchar(255) DEFAULT NULL
) ENGINE=InnoDB DEFAULT CHARSET=utf8;

--
-- Sťahujem dáta pre tabuľku `module`
--

INSERT INTO `module` (`id`, `name`, `owner`, `support`) VALUES
(8, 'OTRS', 'Libor Zmokl', 'Libor Zmokl'),
(9, 'Switching', '', ''),
(10, 'CRDS', '', ''),
(11, 'PMRT', 'Adam Sud', 'Adam Sud'),
(12, 'GNSD', 'Martin Mottl', ''),
(13, 'TMRS', 'Lenka Kvapilová', 'Lenka Kvapilová'),
(14, 'MNMD', 'Alena Hrdá', ''),
(15, 'INTL', '', '');

-- --------------------------------------------------------

--
-- Štruktúra tabuľky pre tabuľku `multimedia`
--

CREATE TABLE `multimedia` (
  `id` int(11) NOT NULL,
  `name` text COLLATE utf8_slovak_ci,
  `path` text COLLATE utf8_slovak_ci,
  `type` varchar(100) COLLATE utf8_slovak_ci DEFAULT NULL,
  `multimedia_folder_id` int(11) DEFAULT NULL,
  `datein` timestamp NOT NULL DEFAULT CURRENT_TIMESTAMP,
  `size` varchar(100) COLLATE utf8_slovak_ci DEFAULT NULL
) ENGINE=InnoDB DEFAULT CHARSET=utf8 COLLATE=utf8_slovak_ci;

--
-- Sťahujem dáta pre tabuľku `multimedia`
--

INSERT INTO `multimedia` (`id`, `name`, `path`, `type`, `multimedia_folder_id`, `datein`, `size`) VALUES
(1, 'logo.png', 'multimedia/client/logo.png', NULL, NULL, '2018-04-04 07:28:45', '3490'),
(2, 'gif.png', 'multimedia/client/gif.png', NULL, NULL, '2018-04-04 07:30:54', '3523'),
(274, 'Juno-logo-new.png', 'multimedia/client/Juno-logo-new.png', NULL, NULL, '2018-05-30 16:18:42', '14687'),
(275, '3211symbol-juno-web.png', 'multimedia/client/3211symbol-juno-web.png', NULL, NULL, '2018-05-31 08:55:09', '1513');

-- --------------------------------------------------------

--
-- Štruktúra tabuľky pre tabuľku `multimedia_folder`
--

CREATE TABLE `multimedia_folder` (
  `id` int(11) NOT NULL,
  `name` varchar(100) COLLATE utf8_slovak_ci DEFAULT NULL,
  `datein` timestamp NOT NULL DEFAULT CURRENT_TIMESTAMP
) ENGINE=InnoDB DEFAULT CHARSET=utf8 COLLATE=utf8_slovak_ci;

-- --------------------------------------------------------

--
-- Štruktúra tabuľky pre tabuľku `notification`
--

CREATE TABLE `notification` (
  `id` int(11) NOT NULL,
  `user_id` int(11) DEFAULT NULL,
  `message` longtext COLLATE utf8_unicode_ci,
  `create_date` datetime NOT NULL,
  `read_date` datetime DEFAULT NULL
) ENGINE=InnoDB DEFAULT CHARSET=utf8 COLLATE=utf8_unicode_ci;

-- --------------------------------------------------------

--
-- Štruktúra tabuľky pre tabuľku `project`
--

CREATE TABLE `project` (
  `id` int(11) NOT NULL,
  `name` varchar(200) COLLATE utf8_slovak_ci NOT NULL,
  `name_safe` varchar(200) COLLATE utf8_slovak_ci NOT NULL,
  `creator_id` int(11) NOT NULL,
  `create_date` timestamp NOT NULL DEFAULT CURRENT_TIMESTAMP ON UPDATE CURRENT_TIMESTAMP,
  `description` text COLLATE utf8_slovak_ci,
  `archive` tinyint(4) DEFAULT '0',
  `tracker` int(11) DEFAULT NULL,
  `company_name` varchar(255) COLLATE utf8_slovak_ci DEFAULT NULL,
  `tracker_user` varchar(255) COLLATE utf8_slovak_ci DEFAULT NULL,
  `tracker_password` varchar(255) COLLATE utf8_slovak_ci DEFAULT NULL,
  `tracker_project_name` varchar(255) COLLATE utf8_slovak_ci DEFAULT NULL,
  `tracker_url` varchar(255) COLLATE utf8_slovak_ci DEFAULT NULL,
  `tracker_webservice_name` varchar(255) COLLATE utf8_slovak_ci DEFAULT NULL,
  `update_issues_from_tracker` tinyint(1) DEFAULT '0',
  `tracker_mapping` json DEFAULT NULL
) ENGINE=InnoDB DEFAULT CHARSET=utf8 COLLATE=utf8_slovak_ci;

--
-- Sťahujem dáta pre tabuľku `project`
--

INSERT INTO `project` (`id`, `name`, `name_safe`, `creator_id`, `create_date`, `description`, `archive`, `tracker`, `company_name`, `tracker_user`, `tracker_password`, `tracker_project_name`, `tracker_url`, `tracker_webservice_name`, `update_issues_from_tracker`, `tracker_mapping`) VALUES
(48, 'plusERP', '48-pluserp', 73, '2018-05-24 08:40:16', '', 0, 1, NULL, NULL, NULL, NULL, NULL, NULL, NULL, NULL),
(49, 'Caspary', '49-caspary', 73, '2018-05-24 08:40:43', '', 0, 1, NULL, NULL, NULL, NULL, NULL, NULL, NULL, NULL),
(50, 'Fennari', '50-fennari', 73, '2018-05-24 08:40:55', '', 0, 1, NULL, NULL, NULL, NULL, NULL, NULL, NULL, NULL),
(51, 'Marco', '51-marco', 73, '2018-05-24 08:41:02', '', 0, 1, NULL, NULL, NULL, NULL, NULL, NULL, NULL, NULL),
(52, 'Letver', '52-letver', 73, '2018-05-24 08:41:19', '', 0, 1, NULL, NULL, NULL, NULL, NULL, NULL, NULL, NULL),
(53, 'Nicolchson Inc.', '53-nicolchson-inc', 73, '2018-05-24 08:41:32', '', 0, 1, NULL, NULL, NULL, NULL, NULL, NULL, NULL, NULL),
(54, 'Payment Account Directive', '54-payment-account-directive', 73, '2018-05-24 08:41:46', '', 0, 1, NULL, NULL, NULL, NULL, NULL, NULL, NULL, NULL),
(55, 'Payment Services Directive', '55-payment-services-directive', 73, '2018-05-24 08:41:55', '', 0, 1, NULL, NULL, NULL, NULL, NULL, NULL, NULL, NULL),
(56, 'Customer Message Router', '56-customer-message-router', 73, '2018-05-24 08:42:03', '', 0, 1, NULL, NULL, NULL, NULL, NULL, NULL, NULL, NULL);

-- --------------------------------------------------------

--
-- Štruktúra tabuľky pre tabuľku `project_role`
--

CREATE TABLE `project_role` (
  `id` int(11) NOT NULL,
  `user_id` int(11) NOT NULL,
  `role_id` int(11) NOT NULL,
  `project_id` int(11) NOT NULL
) ENGINE=InnoDB DEFAULT CHARSET=utf8 COLLATE=utf8_slovak_ci;

--
-- Sťahujem dáta pre tabuľku `project_role`
--

INSERT INTO `project_role` (`id`, `user_id`, `role_id`, `project_id`) VALUES
(214, 103, 18, 56),
(215, 80, 18, 56),
(216, 100, 20, 56),
(217, 75, 22, 56),
(218, 82, 21, 56),
(219, 78, 23, 56),
(220, 82, 24, 56),
(221, 94, 24, 56),
(222, 75, 24, 56),
(223, 101, 25, 56),
(224, 102, 18, 48),
(225, 104, 25, 56),
(226, 99, 20, 48),
(227, 77, 24, 48),
(228, 96, 23, 48),
(229, 94, 21, 48),
(230, 95, 22, 48),
(231, 104, 25, 48),
(232, 100, 25, 48),
(233, 76, 18, 55),
(234, 95, 20, 55),
(235, 98, 20, 48),
(236, 84, 21, 55),
(237, 81, 22, 55),
(238, 85, 23, 55),
(239, 93, 22, 48),
(240, 99, 24, 55),
(241, 75, 25, 55),
(242, 103, 20, 55),
(243, 98, 20, 55),
(244, 81, 18, 49),
(245, 91, 20, 49),
(246, 104, 18, 54),
(247, 88, 21, 49),
(248, 103, 18, 54),
(249, 102, 18, 54),
(250, 100, 22, 49),
(251, 75, 20, 54),
(252, 86, 23, 49),
(253, 76, 20, 54),
(254, 92, 20, 54),
(255, 85, 24, 49),
(257, 103, 21, 54),
(258, 104, 25, 49),
(259, 101, 23, 49),
(261, 99, 21, 49),
(263, 92, 22, 49),
(264, 80, 22, 54),
(265, 97, 20, 49),
(266, 99, 23, 54),
(267, 83, 24, 54),
(268, 101, 25, 54),
(270, 103, 18, 50),
(271, 76, 18, 50),
(272, 78, 18, 50),
(273, 99, 20, 50),
(274, 94, 20, 50),
(275, 89, 20, 50),
(276, 102, 21, 50),
(278, 98, 22, 50),
(279, 96, 23, 50),
(280, 92, 24, 50),
(281, 83, 25, 50),
(282, 93, 18, 53),
(283, 101, 18, 53),
(284, 104, 18, 53),
(285, 100, 18, 53),
(286, 87, 20, 53),
(287, 93, 18, 51),
(288, 102, 18, 51),
(289, 97, 21, 53),
(290, 91, 22, 53),
(291, 88, 18, 51),
(292, 78, 23, 53),
(293, 84, 20, 51),
(294, 81, 24, 53),
(295, 82, 20, 51),
(296, 80, 25, 53),
(297, 92, 20, 51),
(298, 104, 21, 51),
(299, 101, 22, 51),
(300, 100, 23, 51),
(301, 98, 24, 51),
(302, 103, 18, 52),
(303, 102, 20, 52),
(304, 96, 25, 51),
(305, 101, 21, 52),
(306, 100, 22, 52),
(307, 90, 25, 51),
(308, 99, 23, 52),
(309, 97, 24, 52),
(310, 96, 25, 52),
(311, 89, 23, 51),
(312, 95, 25, 52),
(313, 94, 24, 52),
(314, 83, 23, 52),
(315, 80, 22, 52),
(316, 77, 21, 52),
(318, 74, 20, 48),
(319, 74, 21, 48),
(320, 74, 22, 48),
(321, 74, 23, 48),
(322, 74, 20, 56),
(323, 74, 21, 56),
(324, 74, 22, 56),
(325, 74, 23, 56),
(326, 74, 20, 49),
(327, 74, 21, 49),
(328, 74, 20, 55),
(329, 74, 22, 49),
(330, 74, 21, 55),
(331, 74, 22, 55),
(332, 74, 23, 49),
(333, 74, 23, 55),
(334, 74, 20, 50),
(335, 74, 21, 54),
(336, 74, 21, 50),
(337, 74, 20, 54),
(338, 74, 22, 50),
(339, 74, 22, 54),
(340, 74, 23, 50),
(341, 74, 23, 54),
(342, 74, 20, 53),
(343, 74, 21, 53),
(344, 74, 20, 51),
(345, 74, 22, 53),
(346, 74, 21, 51),
(347, 74, 23, 53),
(348, 74, 22, 51),
(349, 74, 23, 51),
(350, 74, 20, 52),
(351, 74, 21, 52),
(352, 74, 22, 52),
(353, 74, 23, 52),
(354, 103, 20, 56),
(359, 74, 24, 48);

-- --------------------------------------------------------

--
-- Štruktúra tabuľky pre tabuľku `role`
--

CREATE TABLE `role` (
  `id` int(11) NOT NULL,
  `name` varchar(100) COLLATE utf8_slovak_ci NOT NULL,
  `name_safe` varchar(100) COLLATE utf8_slovak_ci NOT NULL,
  `is_for_project` int(2) DEFAULT '1'
) ENGINE=InnoDB DEFAULT CHARSET=utf8 COLLATE=utf8_slovak_ci;

--
-- Sťahujem dáta pre tabuľku `role`
--

INSERT INTO `role` (`id`, `name`, `name_safe`, `is_for_project`) VALUES
(18, 'Guest', 'guest', 1),
(20, 'Test Executor', 'test-executor', 1),
(21, 'Test Manager', 'test-manager', 1),
(22, 'Project Manager', 'project-manager', 1),
(23, 'Test Analyst', 'test-analyst', 1),
(24, 'Developer', 'developer', 1),
(25, 'Reporter', 'reporter', 1),
(27, 'Storage Admin', 'storage-admin', 1),
(28, 'Portal admin', 'portal-admin', 0);

-- --------------------------------------------------------

--
-- Štruktúra tabuľky pre tabuľku `role_privilege`
--

CREATE TABLE `role_privilege` (
  `id` int(11) NOT NULL,
  `role_id` int(11) NOT NULL,
  `privilege_id` int(11) NOT NULL
) ENGINE=InnoDB DEFAULT CHARSET=utf8 COLLATE=utf8_slovak_ci;

--
-- Sťahujem dáta pre tabuľku `role_privilege`
--

INSERT INTO `role_privilege` (`id`, `role_id`, `privilege_id`) VALUES
(2105, 18, 1),
(2106, 25, 1),
(2107, 25, 2),
(2108, 25, 3),
(2109, 25, 5),
(2110, 25, 45),
(2111, 24, 1),
(2112, 24, 2),
(2113, 24, 3),
(2114, 24, 5),
(2115, 24, 6),
(2116, 24, 30),
(2117, 24, 39),
(2118, 23, 1),
(2119, 23, 2),
(2120, 23, 3),
(2121, 23, 5),
(2122, 23, 7),
(2123, 23, 8),
(2124, 23, 9),
(2125, 23, 38),
(2126, 23, 10),
(2127, 23, 11),
(2128, 23, 12),
(2129, 23, 13),
(2130, 23, 37),
(2131, 23, 34),
(2132, 23, 35),
(2133, 23, 39),
(2134, 23, 43),
(2135, 22, 1),
(2136, 22, 2),
(2137, 22, 3),
(2138, 22, 4),
(2139, 22, 5),
(2140, 22, 6),
(2141, 22, 7),
(2142, 22, 8),
(2143, 22, 9),
(2144, 22, 38),
(2145, 22, 10),
(2146, 22, 11),
(2147, 22, 12),
(2148, 22, 13),
(2149, 22, 37),
(2150, 22, 41),
(2151, 22, 15),
(2152, 22, 16),
(2153, 22, 17),
(2154, 22, 18),
(2155, 22, 19),
(2156, 22, 20),
(2157, 22, 45),
(2158, 22, 46),
(2159, 22, 21),
(2160, 22, 22),
(2161, 22, 23),
(2162, 22, 24),
(2163, 22, 25),
(2164, 22, 29),
(2165, 22, 30),
(2166, 22, 31),
(2167, 22, 40),
(2168, 22, 32),
(2169, 22, 33),
(2170, 22, 44),
(2171, 22, 34),
(2172, 22, 35),
(2173, 22, 39),
(2174, 22, 36),
(2175, 22, 42),
(2176, 22, 43),
(2177, 20, 1),
(2178, 20, 2),
(2179, 20, 3),
(2180, 20, 4),
(2181, 20, 5),
(2182, 20, 26),
(2183, 20, 27),
(2184, 20, 28),
(2185, 20, 34),
(2186, 20, 35),
(2187, 20, 39),
(2188, 20, 42),
(2189, 21, 1),
(2190, 21, 2),
(2191, 21, 3),
(2192, 21, 4),
(2193, 21, 5),
(2194, 21, 6),
(2195, 21, 7),
(2196, 21, 8),
(2197, 21, 9),
(2198, 21, 38),
(2199, 21, 10),
(2200, 21, 11),
(2201, 21, 12),
(2202, 21, 13),
(2203, 21, 37),
(2204, 21, 15),
(2205, 21, 16),
(2206, 21, 17),
(2207, 21, 18),
(2208, 21, 19),
(2209, 21, 20),
(2210, 21, 45),
(2211, 21, 46),
(2212, 21, 21),
(2213, 21, 22),
(2214, 21, 23),
(2215, 21, 24),
(2216, 21, 25),
(2217, 21, 26),
(2218, 21, 27),
(2219, 21, 28),
(2220, 21, 29),
(2221, 21, 30),
(2222, 21, 32),
(2223, 21, 34),
(2224, 21, 35),
(2225, 21, 39),
(2226, 21, 36),
(2227, 21, 42),
(2228, 21, 43),
(2229, 28, 1001),
(2230, 28, 1002),
(2231, 28, 1003),
(2232, 28, 1004),
(2233, 28, 1005),
(2234, 28, 1006),
(2235, 28, 1007),
(2236, 28, 1014),
(2237, 28, 1008),
(2238, 28, 1009),
(2239, 28, 1010),
(2240, 28, 1011),
(2241, 28, 1015),
(2242, 28, 1012),
(2243, 28, 1013),
(2244, 28, 1016);

-- --------------------------------------------------------

--
-- Štruktúra tabuľky pre tabuľku `settings`
--

CREATE TABLE `settings` (
  `id` int(11) NOT NULL,
  `option` varchar(100) COLLATE utf8_slovak_ci DEFAULT NULL,
  `description` text COLLATE utf8_slovak_ci,
  `date_update` timestamp NOT NULL DEFAULT CURRENT_TIMESTAMP
) ENGINE=InnoDB DEFAULT CHARSET=utf8 COLLATE=utf8_slovak_ci;

--
-- Sťahujem dáta pre tabuľku `settings`
--

INSERT INTO `settings` (`id`, `option`, `description`, `date_update`) VALUES
(1, 'help', '<h2 style=\"text-align: center;\"><strong>Přihl&aacute;&scaron;en&iacute;</strong></h2>\n<p style=\"text-align: justify;\">&nbsp;&nbsp;</p>\n<p style=\"text-align: justify;\">Po přihl&aacute;&scaron;en&iacute; se objev&iacute; domovsk&aacute; str&aacute;nka, kde m&aacute;me stručn&yacute; přehled projektů.</p>\n<p style=\"text-align: justify;\">V&nbsp;lev&eacute; č&aacute;sti vid&iacute;me menu s&nbsp;možnostmi Homepage,,Release/Camp, Projekty,Issue, Uživatel&eacute;, Log, Nastaven&iacute;, Syst&eacute;m, &Uacute;loži&scaron;tě(vysvětlen&iacute; n&iacute;že).</p>\n<p style=\"text-align: justify;\">V&nbsp;prav&eacute;m horn&iacute;m rohu m&aacute;me uživatelsk&eacute; jm&eacute;no, po kliknut&iacute; se n&aacute;m objev&iacute; menu Můj profil,Projekty, Nahl&aacute;sit probl&eacute;m, Logy,&nbsp;Změnit jazyk a tlač&iacute;tko Odhl&aacute;sit se.</p>\n<p style=\"text-align: justify;\">Po kliknut&iacute; na Můj profil se objev&iacute; str&aacute;nka, kde můžeme upravit n&aacute;&scaron; profil(jm&eacute;no, heslo, telefonn&iacute; č&iacute;slo). Změny se potvrd&iacute; tlač&iacute;tkem Uložit.</p>\n<p>Po kliknut&iacute; na Projekty n&aacute;m vyskoč&iacute; okno s tabulkou projektů, kter&eacute; jsem vytvořili, nebo jsme jejich souč&aacute;st&iacute;.</p>\n<p style=\"text-align: justify;\">Po kliknut&iacute; na Logy se objev&iacute; tabulka Moje logy, kde vid&iacute;me přehled sv&yacute;ch ud&aacute;lost&iacute; jako vytv&aacute;řen&iacute;, měněn&iacute;, maz&aacute;n&iacute; včetně m&iacute;sta a data proveden&iacute;. V&nbsp;prav&eacute;m horn&iacute;m rohu nad tabulkou je modr&eacute; tlač&iacute;tko, kter&eacute; po kliknut&iacute; otevře filtr vyhled&aacute;v&aacute;n&iacute;. Ten se objevuje u v&scaron;ech tabulek pro jednodu&scaron;&scaron;&iacute; vyhled&aacute;v&aacute;n&iacute;.</p>\n<p style=\"text-align: justify;\">Po kliknut&iacute; na&nbsp;Nahl&aacute;sit probl&eacute;m se objev&iacute; formul&aacute;ř, kde dopln&iacute;me nadpis, popis, popř&iacute;padě dopln&iacute;me př&iacute;lohy kliknut&iacute;m na tlač&iacute;tko Zvolit soubory. V&scaron;e se potvrd&iacute; tlač&iacute;tkem Odeslat tiket.</p>\n<p style=\"text-align: justify;\">Po kliknut&iacute; na&nbsp;Změnit jazyk vyskoč&iacute; okno s&nbsp;v&yacute;běrem jazyka, kde si můžeme přepnout jazyk.(ENG/SK/CZ)</p>\n<p style=\"text-align: justify;\">&nbsp;</p>\n<h2 style=\"text-align: center;\"><strong>Homepage</strong></h2>\n<p style=\"text-align: justify;\">Po kliknut&iacute; na Homepage se v&aacute;m otevře &Uacute;vodn&iacute; str&aacute;nka Domov.</p>\n<p style=\"text-align: justify;\">Zde vid&iacute;me přehled sv&yacute;ch Projektů, Issues, Stav sprintů, kde můžete přep&iacute;nat jednotliv&eacute; sprinty, kde se pak podle grafu dozv&iacute;te jejich stav.</p>\n<p style=\"text-align: justify;\">Po kliknut&iacute; na Projekt n&aacute;m vyskoč&iacute; okno s tabulkou projektů, kter&eacute; jsem vytvořili, nebo jsme jejich souč&aacute;st&iacute;.</p>\n<p style=\"text-align: justify;\">Po kliknut&iacute; na Kalend&aacute;ř se n&aacute;m zobraz&iacute; kalend&aacute;ř.&nbsp;</p>\n<p style=\"text-align: justify;\">Po kliknut&iacute; na tlač&iacute;tko Moje &uacute;lohy se zobraz&iacute; z&aacute;ložka Issues, kde m&aacute;me vyfiltrovan&eacute; pouze Issues, kde jsem nastaven&yacute; jako ře&scaron;itel.</p>\n<p style=\"text-align: justify;\">Po kliknut&iacute; na n&aacute;zev Issue se n&aacute;m zobraz&iacute; dan&aacute; Issue v projektu.</p>\n<p style=\"text-align: justify;\">Po kliknut&iacute; na č&iacute;slo v kolonce POčet m&yacute;ch sc&eacute;n&aacute;řů se n&aacute;m otevře z&aacute;ložka Test Exekuce dan&yacute;ch sc&eacute;n&aacute;řů.</p>\n<p style=\"text-align: justify;\">Po kliknut&iacute; na n&aacute;zev sprintu se n&aacute;m otevře Dashboard Test Sprintu.</p>\n<h2 style=\"text-align: center;\"><strong>Release/Camp</strong></h2>\n<p style=\"text-align: justify;\">Po kliknut&iacute; na Release/Camp se v&aacute;m otevře tabulka Release/Camp.</p>\n<p style=\"text-align: justify;\">Po kliknut&iacute; na Vytvořit kampaň n&aacute;m vyskoč&iacute; okno, zad&aacute;me n&aacute;zev a potvrd&iacute;me tlač&iacute;tkem Vytvořit.&nbsp;</p>\n<p style=\"text-align: justify;\">Po kliknut&iacute; na Upravit kampaň se n&aacute;m zobraz&iacute; z&aacute;ložka na &uacute;pravu kampaně. Zde můžeme měnitn&aacute;zev kampaně nebo jednotliv&eacute; iterace a miln&iacute;ky.</p>\n<p style=\"text-align: justify;\">Po kliknut&iacute; na Smazat vyskoč&iacute; okno, kde potvrd&iacute;me že chceme kampaň smazat.</p>\n<p style=\"text-align: justify;\">Po kliknut&iacute; na n&aacute;zev Kampaně se zobraz&iacute; Dashboard Kampaně.</p>\n<p style=\"text-align: justify;\">Po kliknut&iacute; na n&aacute;zev Test Pl&aacute;nu se zobraz&iacute; Dashboard Test Pl&aacute;nu.</p>\n<p style=\"text-align: justify;\">Kliknut&iacute;m na tlač&iacute;tko Odebrat můžeme z kampaně odebrat dan&yacute; Test Pl&aacute;n.</p>\n<h3 style=\"text-align: justify;\"><strong>Dashboard Kampaně</strong></h3>\n<p>&nbsp;</p>\n<p>Zde vid&iacute;me přehled jednotliv&yacute;ch iterac&iacute; a miln&iacute;ků, Stavy Test Exekuce a Issues v&nbsp;tabulk&aacute;ch a grafech.</p>\n<p>Po kliknut&iacute; na tlač&iacute;tko Report se st&aacute;hne PDF soubor obsahuj&iacute;c&iacute; ve&scaron;ker&eacute; informace o kampani.</p>\n<p>Po kliknut&iacute; na tlač&iacute;tko Přidat koment&aacute;ř, přid&aacute;me koment&aacute;ř ke kampani.</p>\n<p>Po kliknut&iacute; na tlač&iacute;tko koment&aacute;ře se n&aacute;m zobraz&iacute; historie v&scaron;ech koment&aacute;řu k dan&eacute; kampani.</p>\n<h3 style=\"text-align: justify;\"><strong>&Uacute;prava Kampaně</strong></h3>\n<p>Zde vid&iacute;me přehled jednotliv&yacute;ch iterac&iacute; a miln&iacute;ků&nbsp;&nbsp;a pr&aacute;ce s nimi.</p>\n<p>Po kliknut&iacute; na Upravit kampaň vyskoč&iacute; okno, kde můžeme změnit n&aacute;zev.</p>\n<p>Po kliknut&iacute; na Přidat miln&iacute;k vyskoč&iacute; okno, zad&aacute;me n&aacute;zev, datum, popis, důležitost a tlač&iacute;tkem Vytvořit potvrd&iacute;me.</p>\n<p>Po kliknut&iacute; na Přidat Iteraci vyskoč&iacute; okno, zad&aacute;me n&aacute;zev, popis, zač&aacute;tek a konec Iterace(mus&iacute; b&yacute;t předem vytvořen&eacute; miln&iacute;ky) a barvu grafu, tlač&iacute;tkem Vytvořit potvrd&iacute;me.</p>\n<p>Po kliknut&iacute; na Smazat vyskoč&iacute; okno, kde potvrd&iacute;me že chceme kampaň smazat.</p>\n<p>Po kliknut&iacute; na Upravit iterace vyskoč&iacute; okno, kde můžeme změnit n&aacute;zev, popis, miln&iacute;ky zač&aacute;tku a konce a barvu.</p>\n<p>Po kliknut&iacute; na Upravit miln&iacute;k vyskoč&iacute; okno, kde můžeme změnit n&aacute;zev, popis, datum a důležitost.</p>\n<p>Po kliknut&iacute; na tlač&iacute;tko Zpět&nbsp; se n&aacute;m zobraz&iacute; tabulka Release/Camp.</p>\n<h2 style=\"text-align: center;\"><strong>Projekty&nbsp;</strong></h2>\n<p>Zde vid&iacute;me přehled jednotliv&yacute;ch projektů, můžeme zde vytvořit nov&yacute; projekt nebo si zobrazit Archiv projektů.</p>\n<p>Po kliknut&iacute; na tlač&iacute;tko Vytvořit projekt vyskoč&iacute; okno, kde zad&aacute;me n&aacute;zev a popis.</p>\n<p>Po kliknut&iacute; na tlač&iacute;tko Archiv se n&aacute;m zobraz&iacute; tabulka projektů, kter&eacute; jsou archivov&aacute;ny.</p>\n<p>Po kliknut&iacute; na tlač&iacute;tko Otevř&iacute;t projekt se zobraz&iacute; Dashboard Projektu.</p>\n<h3 style=\"text-align: justify;\"><strong>Dashboard&nbsp;projektu</strong></h3>\n<p>Zde vid&iacute;me přehled Projektu důležit&eacute; informace o projektu, Status Test Anal&yacute;zy, Stav Test Exekuce, Projektov&eacute; probl&eacute;my.</p>\n<p>Po kliknut&iacute; na č&iacute;slo v tabulce Status test anal&yacute;zy se n&aacute;m otevře Test Anal&yacute;za s celkov&yacute;m přehledem.&nbsp;</p>\n<p>Po kliknut&iacute; na n&aacute;zev Test Pl&aacute;nu se n&aacute;m otevře&nbsp; Dashboard Test Planu.</p>\n<p>Po kliknut&iacute; na n&aacute;zev Issue se n&aacute;m zobraz&iacute; dan&aacute; Issue v projektu.</p>\n<p>&nbsp;</p>\n<h2 style=\"text-align: justify;\"><span style=\"text-decoration: underline;\"><span style=\"color: #000000;\"><strong>Test Plan</strong></span></span></h2>\n<h3 style=\"text-align: justify;\"><strong>Legenda</strong></h3>\n<p style=\"text-align: justify;\">Test Plan = testovac&iacute; pl&aacute;n<br />Test Sprint = testovac&iacute; běh(sprint) cyklu<br />Test Execution = test exekuce&nbsp;<br />Test Set = sada testů<br />Test Case = testovac&iacute; sc&eacute;n&aacute;ř</p>\n<h3 style=\"text-align: justify;\"><strong>Test plan &ndash; Z&aacute;kladn&iacute; popis + možnosti akce</strong></h3>\n<p style=\"text-align: justify;\"><strong>Popis:</strong>&nbsp;<br />Test Plan n&aacute;m slouž&iacute; k&nbsp;vytvořen&iacute; a spr&aacute;vu jednotliv&yacute;ch běhů(sprintů) testovac&iacute;ch cyklů.&nbsp;<br />V&nbsp;Test Planu jde předev&scaron;&iacute;m o vytv&aacute;řen&iacute; testovac&iacute;ch pl&aacute;nů a test sprintů pro jednotliv&eacute; pl&aacute;ny Dan&yacute;m Test Pl&aacute;nům přiřad&iacute;me Test Set, kter&eacute; obsahuj&iacute; Test Casy, kter&eacute; se budou v&nbsp;jednotliv&yacute;ch Test pl&aacute;nech testovat.<br />Tak&eacute; zde přiřezujeme jednotliv&yacute;m testerům Test Casy k&nbsp;testov&aacute;n&iacute;.</p>\n<p style=\"text-align: justify;\"><strong>Možnosti:</strong><br />Po kliknut&iacute; na z&aacute;ložku Test plan se v&aacute;m otevře nov&aacute; z&aacute;ložka Test Plan/ Test Plan Sprint. Zde m&aacute;me tabulku Test pl&aacute;nů, kde vid&iacute;me jejich ID, N&aacute;zev, Autora, Datum vytvořen&iacute; a možnosti akc&iacute; jako jsou &Uacute;prava nebo smaz&aacute;n&iacute;.<br />V&nbsp;prav&eacute;m horn&iacute;m rohu nad tabulkou jsou 4 tlač&iacute;tka: Vytvořit nov&yacute; Test Plan, Vytvořit nov&yacute; Test Sprint, Filtr vyhled&aacute;van&iacute;, Možnosti zobrazen&iacute; tabulky.<br />Pokud m&aacute;me vytvořen&yacute; nějak&yacute; Test plan nebo Test Sprint je možnost se na ně pod&iacute;vat kliknut&iacute;m na jejich n&aacute;zev v&nbsp;tabulce.</p>\n<h3 style=\"text-align: justify;\"><strong>Vytvořen&iacute; nov&eacute;ho Test&nbsp;Pl&aacute;nu</strong></h3>\n<p style=\"text-align: justify;\">Po kliknut&iacute; na tlač&iacute;tko Vytvořit nov&yacute; Test plan se n&aacute;m otevře nov&aacute; z&aacute;ložka. Zde zad&aacute;me n&aacute;zev Test planu a tak&eacute; zde m&aacute;me tabulku kter&aacute; obsahuje Testovac&iacute; Sc&eacute;n&aacute;ře. Z&nbsp;tabulky vybereme Testovac&iacute; Sc&eacute;n&aacute;ř/e, kter&yacute; se maj&iacute; v&nbsp;dan&eacute;m Test planu testovat. (Pokud nem&aacute;me vytvořen&eacute; ž&aacute;dn&eacute; Testovac&iacute; Sc&eacute;n&aacute;ře tabulka bude pr&aacute;zdn&aacute;.) Klikneme na tlač&iacute;tko Přidat a t&iacute;m se n&aacute;m vytvoř&iacute; Test pl&aacute;n.</p>\n<h3 style=\"text-align: justify;\"><strong>Dashboard Test pl&aacute;nu</strong></h3>\n<p><strong>Dashboard:</strong></p>\n<p>Po kliknut&iacute; na n&aacute;zev Test Pl&aacute;nu se otevře Dashboard Test pl&aacute;nu.&nbsp;</p>\n<p>Zde vid&iacute;me informace o dan&eacute;m Test pl&aacute;nu v tabulk&aacute;ch a grafech.</p>\n<p>Můžeme zde přep&iacute;nam mezi jednotliv&yacute;mi Test Pl&aacute;ny, pomoc&iacute; tlač&iacute;tka Změň.</p>\n<p>Po kliknut&iacute; na tlač&iacute;tko Report se st&aacute;hne PDF soubor obsahuj&iacute;c&iacute; ve&scaron;ker&eacute; informace o Test pl&aacute;nu včetně grafů.</p>\n<p>Po kliknut&iacute; na tlač&iacute;tko Přidat koment&aacute;ř přid&aacute;me koment&aacute;ř k dan&eacute;mu Test pl&aacute;nu.</p>\n<p>Po kliknut&iacute; na Koment&aacute;ře se n&aacute;m zobraz&iacute; historie v&scaron;ech koment&aacute;řu k Test pl&aacute;nu.</p>\n<p>Po kliknut&iacute; na Zpět se n&aacute;m zobraz&iacute; tabulka Test Pl&aacute;nu.</p>\n<p><strong>Seznam test sprintů:</strong></p>\n<p>Po kliknut&iacute; na Seznam test sprintů se zobraz&iacute; tabulka Test sprintů&nbsp; v Test pl&aacute;nu.</p>\n<p>Po kliknut&iacute; na tlač&iacute;tko Vytvořit nov&yacute; Test sprint se otevře z&aacute;ložka na Vytvořen&iacute; test sprintu.</p>\n<p>Po kliknut&iacute; na n&aacute;zev Test sprintu nebo tlač&iacute;tko Zobrazit se n&aacute;m otevře Dashboard Test Sprintu.</p>\n<p>Po kliknut&iacute; na tlač&iacute;tko Upravit se otevře z&aacute;ložka, kde můžeme upravit Test Sprint.&nbsp;</p>\n<p>Po kliknut&iacute; na Smazat vyskoč&iacute; okno, kde potvrd&iacute;me smaz&aacute;n&iacute; Test Sprintu.</p>\n<p><strong>Upravit Test pl&aacute;n:</strong></p>\n<p>Po kliknut&iacute; na Upravit Test pl&aacute;n se otevře z&aacute;ložka, kde můžeme změnit n&aacute;zev Test pl&aacute;nu, nebo jednotliv&eacute; testovac&iacute; sc&eacute;n&aacute;ře co se budou testovat v dan&eacute;m Test pl&aacute;nu.&nbsp;</p>\n<p><strong>Zařadit do kampaně:&nbsp;</strong></p>\n<p>Po kliknut&iacute; na Zařadit do Kampaně se otevře z&aacute;ložka, kde můžu zvolit do jak&eacute; kampaně se Test pl&aacute;n m&aacute; zařadit.</p>\n<p>&nbsp;</p>\n<h3 style=\"text-align: justify;\"><strong>Vytvořen&iacute; nov&eacute;ho Test Sprintu</strong></h3>\n<p style=\"text-align: justify;\">Po kliknut&iacute; na tlač&iacute;tko Vytvořit nov&yacute; Test Sprint se n&aacute;m otevře nov&aacute; z&aacute;ložka. Zde m&aacute;me 4 kolonky na vyplněn&iacute;: N&aacute;zev Test sprintu, V&yacute;běr Test planu, Zač&aacute;tek a Konec. Aby &scaron;el vytvořit nov&yacute; Test sprint je zapotřeb&iacute; m&iacute;t vytvořen&yacute; alespoň jeden Test plan. (Pokud nevyberete Test plan vyskoč&iacute; v&aacute;m chybov&aacute; hl&aacute;&scaron;ka.) Zad&aacute;me n&aacute;zev Test sprintu, vybereme Test plan, do kter&eacute;ho bude patřit dan&yacute; Test sprint. Nakonec zvol&iacute;me datum zač&aacute;tku a konec Test sprintu. Klikneme na Přidat, t&iacute;m se n&aacute;m vytvoř&iacute; nov&yacute; Test sprint a otevře se nov&aacute; z&aacute;ložka Dashboard Test Sprintu.</p>\n<h3 style=\"text-align: justify;\"><strong>Dashboard Test Sprint</strong></h3>\n<p style=\"text-align: justify;\"><strong>M&aacute;me dvě možnosti na otevřen&iacute; Dashboardu Test Sprintu:</strong></p>\n<p style=\"text-align: justify;\">Vytvořen&iacute;m nov&eacute;ho Test sprintu&nbsp;<br />Kliknut&iacute;m na n&aacute;zev Test sprintu v&nbsp;tabulce &uacute;vodn&iacute; tabulce Test planu</p>\n<h3 style=\"text-align: justify;\"><strong>Dashboard Test Sprintu</strong></h3>\n<h4 style=\"text-align: justify;\"><strong>Dashboard</strong></h4>\n<p>Zde vid&iacute;me informace o dan&eacute;m Test sprintu v tabulk&aacute;ch.</p>\n<p>Můžeme zde přep&iacute;nam mezi jednotliv&yacute;mi Test sprinty, pomoc&iacute; tlač&iacute;tka Změň.</p>\n<p>Po kliknut&iacute; na tlač&iacute;tko Report se st&aacute;hne PDF soubor obsahuj&iacute;c&iacute; ve&scaron;ker&eacute; informace o Test sprintu.</p>\n<p>Po kliknut&iacute; na tlač&iacute;tko Přidat koment&aacute;ř přid&aacute;me koment&aacute;ř k dan&eacute;mu Test sprintu.</p>\n<p>Po kliknut&iacute; na Koment&aacute;ře se n&aacute;m zobraz&iacute; historie v&scaron;ech koment&aacute;řu k Test sprintu.</p>\n<p>Po kliknut&iacute; na Zpět se n&aacute;m zobraz&iacute; Dashboard Test Pl&aacute;nu.</p>\n<h4 style=\"text-align: justify;\"><strong>Upravit Test sprint</strong></h4>\n<p>Po kliknut&iacute; na Upravit Test sprint se otevře z&aacute;ložka, kde můžeme změnit n&aacute;zev, datumy zač&aacute;tku a konce Test sprintu, nebo jednotliv&eacute; testovac&iacute; sc&eacute;n&aacute;ře co se budou testovat v dan&eacute;m Test sprintu.&nbsp;</p>\n<p style=\"text-align: justify;\"><strong>Upravit Tagy</strong></p>\n<p style=\"text-align: justify;\">Otevře se n&aacute;m z&aacute;ložka spr&aacute;va tagů, zde vid&iacute;me tabulku v&scaron;ech tagů v&nbsp;dan&eacute;m Test sprintu. Obsahuje n&aacute;zev tagu, datum od a datum do. Můžeme zde změnit obě data a kliknut&iacute;m na tlač&iacute;tko Uložit, se projev&iacute; změny.</p>\n<h4 style=\"text-align: justify;\"><strong>Přiřadit testovac&iacute; sc&eacute;n&aacute;ř</strong></h4>\n<p style=\"text-align: justify;\">Otevře se n&aacute;m z&aacute;ložka Přiřadit testovac&iacute; sc&eacute;n&aacute;ř, zde vid&iacute;me tabulku, kter&aacute; obsahuje testery. (Pokud nejsou testeři k&nbsp;projektu přiřazeni tabulka bude pr&aacute;zdn&aacute;.) Kliknut&iacute;m na tlač&iacute;tko Přiřadit testovac&iacute; sc&eacute;n&aacute;řt v&nbsp;prav&eacute; č&aacute;sti se n&aacute;m zobraz&iacute; z&aacute;ložka, kde vid&iacute;me seznam Testovac&iacute;ch sc&eacute;n&aacute;řů. Zde můžeme dan&eacute;mu testerovi přiřadit, jak&eacute; testovac&iacute; sc&eacute;n&aacute;ře m&aacute; testovat. Kliknut&iacute;m na tlač&iacute;tko Uložit se projev&iacute; změny a testerovi se přiřad&iacute; dan&eacute; Testovac&iacute; sc&eacute;n&aacute;ře.<br /><br /></p>\n<h3 style=\"text-align: justify;\">&nbsp;<strong>Upravit Test Plan</strong></h3>\n<p style=\"text-align: justify;\">Po kliknut&iacute; na tlač&iacute;tko Upravit Test Plan v&nbsp;prav&eacute; č&aacute;sti &uacute;vodn&iacute; tabulky Test Planu se n&aacute;m otevře z&aacute;ložka. Zde můžeme změnit n&aacute;zev jeho přeps&aacute;n&iacute;m, nebo upravit seznam Testovac&iacute;ch sc&eacute;n&aacute;řů, kter&eacute; se maj&iacute; testovat v&nbsp;dan&eacute;m Test planu. Kliknut&iacute;m na tlač&iacute;tko Uložit se projev&iacute; změny. A vr&aacute;t&iacute; n&aacute;s to na &uacute;vodn&iacute; tabulku Test Planu.</p>\n<h3 style=\"text-align: justify;\"><strong>Smazat Test Plan/Sprint</strong></h3>\n<p style=\"text-align: justify;\">Po kliknut&iacute; na tlač&iacute;tko Smazat v&nbsp;prav&eacute; č&aacute;sti &uacute;vodn&iacute; tabulky Test Planu n&aacute;m vyskoč&iacute; okno Smazat, kter&eacute; se n&aacute;s pt&aacute;, jestli chceme Test Plan/Sprint opravdu smazat.&nbsp;<br />M&aacute;me zde dvě tlač&iacute;tka:<br />Zpět-Vr&aacute;t&iacute; n&aacute;s na &uacute;vodn&iacute; tabulku Test Planu.<br />Smazat-Smaže Test Plan/Sprint</p>\n<h3 style=\"text-align: justify;\"><strong>Filtr</strong></h3>\n<p style=\"text-align: justify;\">Po kliknut&iacute; na tlač&iacute;tko filtr n&aacute;m vyskoč&iacute; okno filtru, kter&eacute; obsahuje 4 kolonky: N&aacute;zev TP, Autor TP, rozmez&iacute; datumu vytvořen&iacute;.&nbsp;<br />Po jeho vyplněn&iacute; se n&aacute;m aktualizuje seznam Test Planu/Sprintu. Po vyplněn&iacute; nějak&eacute; kolonky se n&aacute;m zobraz&iacute; tlač&iacute;tko na resetovan&iacute; filtru, kter&eacute; resetuje cel&yacute; filtr.</p>\n<h3 style=\"text-align: justify;\"><strong>Tlač&iacute;tko Možnosti zobrazen&iacute; tabulky</strong></h3>\n<p style=\"text-align: justify;\">Po kliknut&iacute; na tlač&iacute;tko n&aacute;m vyskoč&iacute; okno, ve kter&eacute;m můžeme zvolit/zru&scaron;it zobrazen&iacute; někter&eacute; informace tabulky (ID, N&aacute;zev, Autor, Datum vytvořen&iacute;, Akce). Nebo můžeme zvolit zobrazen&iacute; v&scaron;ech sloupců.</p>\n<p style=\"text-align: justify;\">&nbsp;</p>\n<h2 style=\"text-align: justify;\"><span style=\"text-decoration: underline;\"><strong>Test Analyses</strong></span></h2>\n<h3 style=\"text-align: justify;\"><strong>Legenda</strong></h3>\n<p style=\"text-align: justify;\">Test Set = sada testů<br />Test Case = testovac&iacute; sc&eacute;n&aacute;ř<br />Bulk Test Case = skupina testů<br />Import = Nahr&aacute;t</p>\n<h3 style=\"text-align: justify;\"><strong>Test analyses &ndash; Z&aacute;kladn&iacute; popis + možnosti akce</strong></h3>\n<h4 style=\"text-align: justify;\"><strong>Popis:</strong></h4>\n<p style=\"text-align: justify;\">Test anal&yacute;za n&aacute;m slouž&iacute; k&nbsp;vytvořen&iacute; Testovac&iacute;ch sad, kter&eacute; obsahuj&iacute; testovac&iacute; sc&eacute;n&aacute;ře.<br />V&nbsp;Test anal&yacute;ze, lze předev&scaron;&iacute;m o vytvořen&iacute; konkr&eacute;tn&iacute;ch postupů dan&yacute;ch testů, kter&eacute; se později spou&scaron;t&iacute; v&nbsp;Test Exekuci a z&nbsp;t&eacute; dostaneme konkr&eacute;tn&iacute; v&yacute;sledky, jak dan&yacute; test proběhl.<br />Ty se potom přiřazuj&iacute; konkr&eacute;tn&iacute;m Testovac&iacute;m pl&aacute;nům, kter&eacute; se přiřazuj&iacute; testerům.</p>\n<h4 style=\"text-align: justify;\"><strong>Možnosti:</strong></h4>\n<p style=\"text-align: justify;\">Po kliknut&iacute; na z&aacute;ložku Test analyses se v&aacute;m otevře nov&aacute; z&aacute;ložka Test analyses. Zde m&aacute;me tabulku Test Set/Casu, kde vid&iacute;me jejich ID, N&aacute;zev, Autora, Schv&aacute;len&iacute;, Datum vytvořen&iacute; a možnosti akc&iacute; jako jsou Přid&aacute;n&iacute;, &Uacute;prava, Klonov&aacute;n&iacute;, Schv&aacute;len&iacute; nebo Smaz&aacute;n&iacute;.<br />V&nbsp;prav&eacute;m horn&iacute;m rohu nad tabulkou je 7 tlač&iacute;tek: Vytvořit Test Set, Přidat Test Case, Přidat Bulk Test Case, Import, Export, Filtr vyhled&aacute;van&iacute;, Možnosti zobrazen&iacute; tabulky.<br />Pokud m&aacute;me vytvořen&yacute; nějak&yacute; Test Case je možnost se na něj pod&iacute;vat kliknut&iacute;m na jeho n&aacute;zev v&nbsp;tabulce.</p>\n<h3 style=\"text-align: justify;\"><strong>Vytvořen&iacute; nov&eacute;ho Test Setu</strong></h3>\n<p style=\"text-align: justify;\">Po kliknut&iacute; na tlač&iacute;tko Vytvořit nov&yacute; Test Set n&aacute;m vyskoč&iacute; okno Vytvořit nov&yacute; Test Set. Zde zad&aacute;me n&aacute;zev Test Setu a Tagy a Popis projektu. Klikneme na tlač&iacute;tko Přidat a t&iacute;m se n&aacute;m vytvoř&iacute; Test Set.</p>\n<h3 style=\"text-align: justify;\"><strong>Přid&aacute;n&iacute; nov&eacute;ho Test Casu</strong></h3>\n<p style=\"text-align: justify;\">Po kliknut&iacute; na tlač&iacute;tko Přidat Test Case (Tlač&iacute;tko Nad tabulkou, nebo + v tabulce) n&aacute;m vyskoč&iacute; okno Přidat Test Case. Zde m&aacute;me několik kolonek na vyplněn&iacute;: V&yacute;běr Test Setu (Test Set, do kter&eacute;ho přid&aacute;v&aacute;me Test Case), N&aacute;zev Test Casu, Tagy, Popis, V&yacute;sledek, Priorita,Seznam aplikac&iacute;, Prostřed&iacute;, Modul, Schv&aacute;len&eacute;, Př&iacute;lohy a Test Stepy (Jednotliv&eacute; kroky dan&eacute;ho Test Casu), kter&eacute; jsou rozděleny na dvě č&aacute;sti: Předpoklad a Oček&aacute;van&yacute; v&yacute;sledek. Aby &scaron;el vytvořit nov&yacute; Test Case je zapotřeb&iacute; m&iacute;t vytvořen&yacute; alespoň jeden Test Set. (Pokud nevyberete Test Set vyskoč&iacute; v&aacute;m chybov&aacute; hl&aacute;&scaron;ka.) Vybereme Test Set, do kter&eacute;ho bude Test Case přidan&yacute;.<br />Zad&aacute;me n&aacute;zev Test Casu, zad&aacute;me tagy, popis, v&yacute;sledek, zvol&iacute;m prioritu dan&eacute;ho Test Casu, vybereme, jestli bude dan&yacute; Test Case schv&aacute;len&yacute;, přid&aacute;me př&iacute;lohy (nen&iacute; nutn&eacute;) a nakonec zad&aacute;me jednotliv&eacute; kroky dan&eacute;ho Test Casu. Po kliknut&iacute; na tlač&iacute;tko Přidat se n&aacute;m vytvoř&iacute; Test Case a zobraz&iacute; se n&aacute;m v&nbsp;&uacute;vodn&iacute; tabulce.</p>\n<p style=\"text-align: justify;\">&nbsp;<strong>Zobrazen&iacute; Test Casu</strong></p>\n<p style=\"text-align: justify;\">Po kliknut&iacute; na jm&eacute;no Test Casu n&aacute;m vyskoč&iacute; okno, ve kter&eacute;m vid&iacute;me v&scaron;echny hodnoty, kter&eacute; dan&yacute; Test Case obsahuje. A nav&iacute;c zde vid&iacute;me, kdo dan&yacute; Test Case vytvořil a datum, kdy byl vytvořen. Po kliknut&iacute; na tlač&iacute;tko Zavř&iacute;t se n&aacute;m zobraz&iacute; &uacute;vodn&iacute; tabulka.</p>\n<h3 style=\"text-align: justify;\"><strong>Přid&aacute;n&iacute; Bulk Test Case</strong></h3>\n<p style=\"text-align: justify;\">Po kliknut&iacute; na tlač&iacute;tko Přidat Bulk Test Case n&aacute;m vyskoč&iacute; okno Přidat Bulk Test Case. Zde m&aacute;me několik kolonek na vyplněn&iacute;. V&yacute;běr Test Setu (Test Set, do kter&eacute;ho přid&aacute;v&aacute;me Bulk Test Case), tuto kolonku můžeme změnit kliknut&iacute;m na Vytvořit nov&yacute; Test Set. Tato funkce n&aacute;m přepne V&yacute;běr Test Setu na Zad&aacute;n&iacute; n&aacute;zvu nov&eacute;ho Test Setu a kolonka Test Case, zde zad&aacute;me n&aacute;zvy nov&yacute;ch Test Casu.&nbsp;<br />Vybereme Test Set, do kter&eacute;ho bude Bulk Test Case přidan&yacute; (Nebo zad&aacute;me n&aacute;zev nov&eacute;ho Test Setu) a zad&aacute;me n&aacute;zvy nov&yacute;ch Test Casu. Kliknut&iacute;m na tlač&iacute;tko Přidat se buď přidaj&iacute; Test Casy do již vytvořen&eacute;ho Test Setu, nebo se vytvoř&iacute; nov&yacute; Test Set a do něho se přidaj&iacute; nov&eacute; Test Casy. A vr&aacute;t&iacute; n&aacute;s to na &uacute;vodn&iacute; tabulku.</p>\n<h3 style=\"text-align: justify;\"><strong>Import</strong></h3>\n<p style=\"text-align: justify;\">Po kliknut&iacute; na tlač&iacute;tko Import n&aacute;m vyskoč&iacute; okno Import, zde můžeme vybrat (Excel.xlsx) soubor (Importn&iacute; &scaron;ablona). Po kliknut&iacute; na Přidat se n&aacute;m do projektu přidaj&iacute; již vyplněn&eacute; Test Sety a Test Casy z&nbsp;dan&eacute; &scaron;ablony.</p>\n<h3 style=\"text-align: justify;\"><strong>Export</strong></h3>\n<p style=\"text-align: justify;\">Po kliknut&iacute; na tlač&iacute;tko Export se n&aacute;m st&aacute;hne soubor(Excel) podobn&yacute; Importn&iacute; &scaron;abloně, kter&yacute; po nahran&iacute; vytvoř&iacute; stejn&eacute; Test Sety a Test Casy, kter&eacute; byly v&nbsp;exportovan&eacute; Test Anal&yacute;ze.</p>\n<h3 style=\"text-align: justify;\"><strong>Označit v&scaron;echny Test Casy jako schv&aacute;len&eacute;</strong></h3>\n<p style=\"text-align: justify;\">Po kliknut&iacute; na tlač&iacute;tko Označit v&scaron;echny Test Casy jako schv&aacute;len&eacute; v&nbsp;prav&eacute; č&aacute;sti &uacute;vodn&iacute; tabulky se n&aacute;m změn&iacute; schv&aacute;len&iacute; v&scaron;ech Test Casu, takže celkov&eacute; schv&aacute;len&iacute; Test Setu na schv&aacute;len&eacute;.</p>\n<h3 style=\"text-align: justify;\"><strong>Upravit Test Set</strong></h3>\n<p style=\"text-align: justify;\">Po kliknut&iacute; na tlač&iacute;tko Upravit Test Set v&nbsp;prav&eacute; č&aacute;sti &uacute;vodn&iacute; tabulky Test Setu/Casu n&aacute;m vyskoč&iacute; okno Upravit Test Set.&nbsp;<br />Zde můžeme změnit n&aacute;zev a popis jeho přeps&aacute;n&iacute;m, nebo upravit seznam Tagů (Přidat nebo Odebrat), v&nbsp;dan&eacute;ho Test Setu. Kliknut&iacute;m na tlač&iacute;tko Uložit se projev&iacute; změny. A vr&aacute;t&iacute; n&aacute;s to na &uacute;vodn&iacute; tabulku Test Setu/Casu.</p>\n<h3 style=\"text-align: justify;\"><strong>Klonovat Test Case</strong></h3>\n<p style=\"text-align: justify;\">Po kliknut&iacute; na tlač&iacute;tko Klonovat Test Case v&nbsp;prav&eacute; č&aacute;sti &uacute;vodn&iacute; tabulky Test Setu/Casu n&aacute;m vyskoč&iacute; okno na Vytvořen&iacute; nov&eacute;ho Test Casu.&nbsp;<br />Změn&iacute;me n&aacute;zev Test Casu, uprav&iacute;me potřebn&eacute; změny v&nbsp;někter&eacute; z&nbsp;kolonek: Tagy, Popis, V&yacute;sledek, Priorita, vybereme, jestli bude dan&yacute; Test Case schv&aacute;len&yacute;, Př&iacute;lohy a Test Stepy (Nemus&iacute;me měnit v&scaron;e, pouze věci, ve kter&yacute;ch se bude nov&yacute; Test Case li&scaron;it od původn&iacute;ho klonovan&eacute;ho.) Po kliknut&iacute; na tlač&iacute;tko Přidat se n&aacute;m vytvoř&iacute; nov&yacute; Test Case a zobraz&iacute; se n&aacute;m v&nbsp;&uacute;vodn&iacute; tabulce.</p>\n<h3 style=\"text-align: justify;\"><strong>Upravit Test Case</strong></h3>\n<p style=\"text-align: justify;\">Po kliknut&iacute; na tlač&iacute;tko Upravit Test Case v&nbsp;prav&eacute; č&aacute;sti &uacute;vodn&iacute; tabulky Test Setu/Casu n&aacute;m vyskoč&iacute; okno Upravit Test Case.&nbsp;<br />Zde můžeme změnit Test Set, do kter&eacute;ho bude patřit dan&yacute; Test Case, n&aacute;zev Test Casu, Tagy, Popis, V&yacute;sledek, Prioritu, Schv&aacute;len&iacute;, Př&iacute;lohy a jednotliv&eacute; Test Stepy. Kliknut&iacute;m na tlač&iacute;tko Uložit se projev&iacute; změny. A vr&aacute;t&iacute; n&aacute;s to na &uacute;vodn&iacute; tabulku Test Setu/Casu.</p>\n<h3 style=\"text-align: justify;\"><strong>Smazat Test Set/Case</strong></h3>\n<p style=\"text-align: justify;\">Po kliknut&iacute; na tlač&iacute;tko Smazat v&nbsp;prav&eacute; č&aacute;sti &uacute;vodn&iacute; tabulky Test Setu/Casu n&aacute;m vyskoč&iacute; okno Smazat, kter&eacute; se n&aacute;s pt&aacute;, jestli chceme Test Set/Case opravdu smazat.&nbsp;<br />M&aacute;me zde dvě tlač&iacute;tka:<br />Zpět-Vr&aacute;t&iacute; n&aacute;s na &uacute;vodn&iacute; tabulku Test Setu/Casu.<br />Smazat-Smaže Test Set/Case</p>\n<h3 style=\"text-align: justify;\"><strong>Filtr</strong></h3>\n<p style=\"text-align: justify;\">Po kliknut&iacute; na tlač&iacute;tko filtr n&aacute;m vyskoč&iacute; okno filtru, kter&eacute; obsahuje 4 kolonky: N&aacute;zev Test Setu, Autor Test Setu, rozmez&iacute; datumu vytvořen&iacute; Test Setu.&nbsp;<br />Po jeho vyplněn&iacute; se n&aacute;m aktualizuje seznam Test Setu/Casu. Po vyplněn&iacute; nějak&eacute; kolonky se n&aacute;m zobraz&iacute; tlač&iacute;tko na resetovan&iacute; filtru, kter&eacute; resetuje cel&yacute; filtr.</p>\n<h3 style=\"text-align: justify;\"><strong>Tlač&iacute;tko Možnosti zobrazen&iacute; tabulky</strong></h3>\n<p style=\"text-align: justify;\">Po kliknut&iacute; na tlač&iacute;tko n&aacute;m vyskoč&iacute; okno, ve kter&eacute;m můžeme zvolit/zru&scaron;it zobrazen&iacute; někter&eacute; informace tabulky (ID, N&aacute;zev, Autor, Schv&aacute;len&eacute;, Datum vytvořen&iacute;, Akce). Nebo můžeme zvolit zobrazen&iacute; v&scaron;ech sloupců.</p>\n<h2><span style=\"text-decoration: underline;\"><strong>Test Execution</strong></span></h2>\n<h3><strong>Z&aacute;kladn&iacute; popis a akce</strong></h3>\n<p>Po kliknut&iacute; na z&aacute;ložku Test Execution se v&aacute;m otevře str&aacute;nka, kde jsou dva pr&aacute;zdn&eacute; ř&aacute;dky a jedno tlač&iacute;tko s n&aacute;pisem Vybrat .Pokud jsou vytvořeny jak Test Plany tak Test Sprinty můžete kliknut&iacute;m na pr&aacute;zdn&yacute; ř&aacute;dek nějak&yacute; vybrat a kliknout na tlač&iacute;tko Vybrat. Pokud ale nic z toho vytvořen&eacute; nen&iacute; mus&iacute;te si je nejdř&iacute;ve vytvořit. (N&aacute;vod na vytvořen&iacute; je v&yacute;&scaron;e....)Po kliknut&iacute; na tlač&iacute;tko Vybrat se otevře nov&aacute; str&aacute;nka, kde je seznam různ&yacute;ch sc&eacute;n&aacute;řů k testov&aacute;n&iacute;. Sc&eacute;n&aacute;ře, kter&eacute; j&iacute;ž byly testovan&eacute; jsou označen&eacute; buď zelenou, červenou nebo žlutou barvou.V seznamu m&aacute;te vyps&aacute;ny n&aacute;sleduj&iacute;c&iacute; &uacute;daje. ID sc&eacute;n&aacute;ře, n&aacute;zev Test Setu, n&aacute;zev Test Casu, počet Test Stepů v Test Casu, počet otestovan&yacute;ch Test Stepů, Status po proveden&iacute;, priorita proveden&iacute; sc&eacute;n&aacute;ře a posledn&iacute; je tlač&iacute;tko Otevř&iacute;t nebo-li akce .</p>\n<h3><strong>Proveden&iacute;&nbsp;Exekuce</strong></h3>\n<p>Pokud kliknete na tlač&iacute;tko Otevř&iacute;t, otevře se ok&eacute;nko pro testovan&iacute; dan&eacute;ho sc&eacute;n&aacute;ře.</p>\n<p>Zde jsou vidět podobn&eacute; informace jako v seznamu sc&eacute;n&aacute;řů nav&iacute;c jsou zde podrobn&eacute; o Test Stepech jako je jejich ID, předpoklad proveden&iacute; a oček&aacute;van&yacute; v&yacute;sledek. Vpravo v rohu si můžeme pov&scaron;imnout 3 akc&iacute;. 1. akc&iacute; je časovač ten se po stisknut&iacute; tlač&iacute;tka play spust&iacute;. 2. akc&iacute; je Priorita, zde je vidět jak důležit&eacute; je proveden&iacute; n&aacute;sleduj&iacute;c&iacute;ho sc&eacute;n&aacute;ře.</p>\n<p>Akce je status, kter&yacute; dok&aacute;že nastavit v&scaron;em Test Stepům najednou přiřadit stejnou hodnotu. Tak&eacute; si můžeme pov&scaron;imnout, že status je u jednotliv&yacute;ch Test Stepů &scaron;ediv&yacute;. To proto, že před nastavov&aacute;n&iacute; statusu u jednotliv&yacute;ch Test Stepů se mus&iacute; spustit časovač. Po spu&scaron;těn&iacute; časovače se tlač&iacute;tka zv&yacute;razn&iacute; a vy na ně můžete kliknout. Když na ně kliknete zobraz&iacute; se 5 možnost&iacute; : Passed, Failed, No Run, N/A a Not Completed. U každ&eacute;ho Test stepu můžete zvolit v&yacute;sledek, kter&yacute; se prop&iacute;&scaron;e do tabulky Historie Test Stepu.&nbsp;<br />Pokud zvol&iacute;te možnost Passed, cel&yacute; řadek dostane zelenou barvu a vy můžete přejit k dal&scaron;&iacute;mu kroku. Když zvol&iacute;te Failed, cel&yacute; ř&aacute;dek zčerven&aacute; a pod tlač&iacute;tkem, kde je naps&aacute;no Failed se objev&iacute; slovo Issue na, kter&eacute; vy mus&iacute;te kliknout a vytvořit způsobem,kter&yacute; je pops&aacute;n v kapitole Issues jelikož dan&yacute; Test Step se nepovedl splnit. To sam&eacute; se děje i u hl&aacute;&scaron;ek N/A a Not Completed, akor&aacute;t že m&iacute;sto červen&eacute; je ř&aacute;dek žlut&yacute;. Po splněn&iacute; v&scaron;ech Test Stepu vypnete časovač a kliknete na tlač&iacute;tko Zavř&iacute;t.</p>\n<h3><strong>Historie při prov&aacute;děn&iacute; Test Execution</strong></h3>\n<p>Po proveden&iacute; jednotliv&eacute;ho kroku a označen&iacute; kroku odpov&iacute;daj&iacute;c&iacute;m statusem se pod touto kolonkou vedle n&aacute;pisu issue zobraz&iacute; n&aacute;pis Historie. Po kliknut&iacute; na tento n&aacute;pis se zobraz&iacute; ok&eacute;nko, kde je možno vidět kdo prov&aacute;děl danou exekuci, kdy byla provedena a jak&yacute;m v&yacute;sledkem skončila. Tak&eacute; je zde vidět historie issue, kter&eacute; byly vytvořeny. U nich je možno vidět, kdo je vytvořil jak&eacute; maj&iacute; ID a kdy byly vytvořeny. a je zde vidět v&yacute;sledek Test Stepu a př&iacute;padně přidan&eacute; př&iacute;lohy.</p>\n<h3><strong>Vyhled&aacute;v&aacute;n&iacute; konkr&eacute;tn&iacute; Execution</strong></h3>\n<p>Pokud je na str&aacute;nce hodně sc&eacute;n&aacute;řů a vy hled&aacute;te jeden konkr&eacute;tn&iacute; mohl by v&aacute;m pomoci filtr. Ten se objev&iacute; kliknut&iacute;m na modr&eacute; tlač&iacute;tko, kter&eacute; se nach&aacute;z&iacute; vpravo nad sloupcem s akc&iacute;. Zde m&aacute;te na v&yacute;běr ze 4 možnost. Buď můžete hledat pomoc&iacute; n&aacute;zvu Test Setu, n&aacute;zvu Test Casu, Priority a nebo Statusu, kter&yacute; m&aacute; požadovan&yacute; sc&eacute;n&aacute;ř.</p>\n<h2 style=\"text-align: justify;\"><span style=\"text-decoration: underline;\"><strong>Issues</strong></span></h2>\n<h3 style=\"text-align: justify;\"><strong>Issue- Z&aacute;kladn&iacute; popis a akce</strong></h3>\n<p style=\"text-align: justify;\">Po kliknut&iacute; na z&aacute;ložku Issues se zobraz&iacute; str&aacute;nka, kde je možno vidět seznam již vytvořen&yacute;ch Issues. Je zde vidět jejich ID, n&aacute;zev Test Stepu, Sprintu a Casu pro kter&eacute; byla Issue vytvořena, n&aacute;zev Issue, popis dan&eacute; Issue, kdo m&aacute; Issue ře&scaron;it, typ Issue (jestli je to bug, defect nebo request), jej&iacute; prioritu, status a datum vytvořen&iacute; Issue.Vpravo vedle data vytvořen&iacute; jsou viděl jednotliv&eacute; akce. Je zde Zobrazit Issue, Editovat Issue a Smazat Issue. Nad těmito akcemi jsou vidět dal&scaron;&iacute; 4 tlač&iacute;tka. Když kliknete na mal&eacute; modr&eacute; tlač&iacute;tko , tak se v&aacute;m zobraz&iacute; filtr, kter&yacute; v&aacute;m usnadn&iacute; pr&aacute;ci při vyhled&aacute;v&aacute;n&iacute; konkr&eacute;tn&iacute; Issue. Pokud kliknete vedle na mal&eacute; b&iacute;le tlač&iacute;tko, zobraz&iacute; seznam věc&iacute;, kter&eacute; chcete v seznamu u Issue vidět. Tento seznam si můžete jakkoliv editovat např. v seznamu bude vidět jen n&aacute;zev Issues, jejich priorita a ře&scaron;itel.</p>\n<h3 style=\"text-align: justify;\"><strong>Založen&iacute; nov&eacute; Issue</strong></h3>\n<p style=\"text-align: justify;\">Je to možn&eacute; dvěma způsoby. 1. způsob už byl zm&iacute;něn u Test Execution. Takže zde bude pops&aacute;n ten druh&yacute;. Prvn&iacute;m krokem je kliknut&iacute; na tlač&iacute;tko Založit Issue, kde se pot&eacute; zobraz&iacute; str&aacute;nka s voln&yacute;mi kolonkami, kter&eacute; mus&iacute; b&yacute;t vyplněny.Mus&iacute;te zde zadat vybrat Test Plan, Sprint, Set, Case a Step u kter&eacute;ho chyba nastala, zvolit Prioritu, kter&aacute; může nab&yacute;vat hodnot: Low, Medium a High, Typ dan&eacute; chyby, kter&yacute; může b&yacute;t buď Bug, Defect a nebo Request. Pot&eacute; stručně napsat n&aacute;zev chyby a pod to podrobněj&scaron;&iacute; popis probl&eacute;mu. Tak&eacute; zde můžete přidat přilohu jako např. obr&aacute;zek co přesně se stalo, když nastala chyba. A vyplnit Seznam aplikac&iacute;, Prostřed&iacute;, Modul pokud je třeba. V posledn&iacute; řadě mus&iacute;te zvolit kdo by dan&yacute; probl&eacute;m měl vyře&scaron;it .&nbsp;</p>\n<h3 style=\"text-align: justify;\"><strong>Export Issues</strong></h3>\n<p style=\"text-align: justify;\">Kliknut&iacute;m na tlač&iacute;tko Export se do va&scaron;eho poč&iacute;tače st&aacute;hne soubor s př&iacute;ponou .csv. Tu když otevřete tak zde bude tabulka Issues kter&eacute; jsou i na port&aacute;le se v&scaron;emi informacemi o Issues.</p>\n<h3 style=\"text-align: justify;\"><strong>Zobrazit Issue</strong></h3>\n<p style=\"text-align: justify;\">Když kliknete na tlač&iacute;tko Zobrazit Issue, zobraz&iacute; se str&aacute;nka, kde můžete vidět ve&scaron;ker&eacute; informaci o probl&eacute;mu, kter&yacute; nastal. Nemůžete tyto informace nijak upravit ale můžete k dan&eacute;mu probl&eacute;mu vložit koment&aacute;ř.</p>\n<p style=\"text-align: justify;\">Ten se vkl&aacute;d&aacute; dole na str&aacute;nce.</p>\n<p style=\"text-align: justify;\">Po kliknut&iacute; na Upravit vyskoč&iacute; okno, kde můžeme Upravit Issue.</p>\n<h3 style=\"text-align: justify;\"><strong>Upravit Issue</strong></h3>\n<p style=\"text-align: justify;\">Po kliknut&iacute; na žlut&eacute; tlač&iacute;tko vpravo od tlač&iacute;tka Zobrazit Issue se zobraz&iacute; podobn&aacute; str&aacute;nka jako při kliknut&iacute; na tlač&iacute;tko Zobrazit Issue. Jedin&eacute; co tu chyb&iacute; je položka s koment&aacute;ře-mi.Hlavn&iacute; rozd&iacute;l je zde, ale v tom že zde se daj&iacute; upravit věci jako je Priorita,Typ,Status,Nadpis a Popis Issue. Tak&eacute; zde bude možn&eacute; vložit př&iacute;lohu. A změnit ře&scaron;itele.</p>\n<h3 style=\"text-align: justify;\"><strong>Odstraněn&iacute; Issue</strong></h3>\n<p style=\"text-align: justify;\">Po kliknut&iacute; na červen&eacute; tlač&iacute;tko se zobraz&iacute; ok&eacute;nko, kde je uvedena ot&aacute;zka zda danou Issue chcete opravdu smazat. Pokud ji opravdu smazat kliknete je&scaron;tě jednou na červen&eacute; tlač&iacute;tko Zmazať jinak kliknete na tlač&iacute;tko Zatvoriť.</p>\n<h2><strong>&nbsp;<span style=\"text-decoration: underline;\">Project Settings</span></strong></h2>\n<h3><strong>Project Settings - Z&aacute;kladn&iacute; popis a akce</strong></h3>\n<p>Po kliknut&iacute; na z&aacute;ložku Settings se zobraz&iacute; str&aacute;nka s V&scaron;eobecn&yacute;m nastaven&iacute;m a v lev&eacute;m menu v&iacute;d&iacute;me z&aacute;ložky Projektov&eacute; nastaven&iacute;, Ostatn&iacute; nastaven&iacute; a Služby.</p>\n<h3><strong>V&scaron;eobecn&eacute; nastaven&iacute;</strong></h3>\n<p>Zde můžete vidět n&aacute;zev projektu a jeho popis, kter&yacute; je možno upravovat.</p>\n<h3><strong>Projektov&eacute; Role</strong></h3>\n<p>V tomto nastaven&iacute; je možn&eacute; vidět a nastavit jak&eacute; role patř&iacute; jak&eacute;mu uživatele v aktu&aacute;ln&iacute;m projektu. Je zde možnost přiřadit roli k Test Manager, Project Manager, Test Executor, Guest, Test Analyses, Developer a Reporter</p>\n<h3><strong>Ostatn&iacute;&nbsp; Nastaven&iacute;</strong></h3>\n<p>Zde můžete projekt buď archivovat kliknut&iacute;m&nbsp; na žlut&eacute; tlač&iacute;tko a nebo &uacute;plně smazat kliknut&iacute;m na tlač&iacute;tko červen&eacute;.</p>\n<h3><strong>Services</strong></h3>\n<p>Zde nastav&iacute;te Issue Tracker, kter&yacute; př&iacute;padně propoj&iacute; Juno např&iacute;klad s Jirou, zvol&iacute;te Issue Tracker vypln&iacute;te potřebn&eacute; kolonky a nastav&iacute;te mapov&aacute;n&iacute;.&nbsp;</p>\n<h2 style=\"text-align: center;\"><strong>Issues</strong></h2>\n<h3 style=\"text-align: justify;\"><strong>Issue- Z&aacute;kladn&iacute; popis a akce</strong></h3>\n<p style=\"text-align: justify;\">Po kliknut&iacute; na z&aacute;ložku Issues se zobraz&iacute; str&aacute;nka, kde je možno vidět seznam již vytvořen&yacute;ch Issues. Je zde vidět jejich ID, n&aacute;zev Test Stepu, Sprintu a Casu pro kter&eacute; byla Issue vytvořena, n&aacute;zev Issue, popis dan&eacute; Issue, kdo m&aacute; Issue ře&scaron;it, typ Issue (jestli je to bug, defect nebo request), jej&iacute; prioritu, status a datum vytvořen&iacute; Issue.Vpravo vedle data vytvořen&iacute; jsou viděl jednotliv&eacute; akce. Je zde Zobrazit Issue, Editovat Issue a Smazat Issue. Nad těmito akcemi jsou vidět dal&scaron;&iacute; 4 tlač&iacute;tka. Když kliknete na mal&eacute; modr&eacute; tlač&iacute;tko , tak se v&aacute;m zobraz&iacute; filtr, kter&yacute; v&aacute;m usnadn&iacute; pr&aacute;ci při vyhled&aacute;v&aacute;n&iacute; konkr&eacute;tn&iacute; Issue. Pokud kliknete vedle na mal&eacute; b&iacute;le tlač&iacute;tko, zobraz&iacute; seznam věc&iacute;, kter&eacute; chcete v seznamu u Issue vidět. Tento seznam si můžete jakkoliv editovat např. v seznamu bude vidět jen n&aacute;zev Issues, jejich priorita a ře&scaron;itel.</p>\n<h3 style=\"text-align: justify;\"><strong>Založen&iacute; nov&eacute; Issue</strong></h3>\n<p style=\"text-align: justify;\">Je to možn&eacute; dvěma způsoby. 1. způsob už byl zm&iacute;něn u Test Execution. Takže zde bude pops&aacute;n ten druh&yacute;. Prvn&iacute;m krokem je kliknut&iacute; na tlač&iacute;tko Založit Issue, kde se pot&eacute; zobraz&iacute; str&aacute;nka s voln&yacute;mi kolonkami, kter&eacute; mus&iacute; b&yacute;t vyplněny.Mus&iacute;te zde zadat vybrat Test Plan, Sprint, Set, Case a Step u kter&eacute;ho chyba nastala, zvolit Prioritu, kter&aacute; může nab&yacute;vat hodnot: Low, Medium a High, Typ dan&eacute; chyby, kter&yacute; může b&yacute;t buď Bug, Defect a nebo Request. Pot&eacute; stručně napsat n&aacute;zev chyby a pod to podrobněj&scaron;&iacute; popis probl&eacute;mu. Tak&eacute; zde můžete přidat přilohu jako např. obr&aacute;zek co přesně se stalo, když nastala chyba. A vyplnit Seznam aplikac&iacute;, Prostřed&iacute;, Modul pokud je třeba. V posledn&iacute; řadě mus&iacute;te zvolit kdo by dan&yacute; probl&eacute;m měl vyře&scaron;it .&nbsp;</p>\n<h3 style=\"text-align: justify;\"><strong>Export Issues</strong></h3>\n<p style=\"text-align: justify;\">Kliknut&iacute;m na tlač&iacute;tko Export se do va&scaron;eho poč&iacute;tače st&aacute;hne soubor s př&iacute;ponou .csv. Tu když otevřete tak zde bude tabulka Issues kter&eacute; jsou i na port&aacute;le se v&scaron;emi informacemi o Issues.</p>\n<h3 style=\"text-align: justify;\"><strong>Zobrazit Issue</strong></h3>\n<p style=\"text-align: justify;\">Když kliknete na tlač&iacute;tko Zobrazit Issue,nebo na n&aacute;zev Issue zobraz&iacute; se str&aacute;nka, kde můžete vidět ve&scaron;ker&eacute; informaci o probl&eacute;mu, kter&yacute; nastal. Nemůžete tyto informace nijak upravit ale můžete k dan&eacute;mu probl&eacute;mu vložit koment&aacute;ř.</p>\n<p style=\"text-align: justify;\">Ten se vkl&aacute;d&aacute; dole na str&aacute;nce.</p>\n<p style=\"text-align: justify;\">Po kliknut&iacute; na Upravit vyskoč&iacute; okno, kde můžeme Upravit Issue.</p>\n<h3 style=\"text-align: justify;\"><strong>Upravit Issue</strong></h3>\n<p style=\"text-align: justify;\">Po kliknut&iacute; na žlut&eacute; tlač&iacute;tko vpravo od tlač&iacute;tka Zobrazit Issue se zobraz&iacute; podobn&aacute; str&aacute;nka jako při kliknut&iacute; na tlač&iacute;tko Zobrazit Issue. Jedin&eacute; co tu chyb&iacute; je položka s koment&aacute;ře-mi.Hlavn&iacute; rozd&iacute;l je zde, ale v tom že zde se daj&iacute; upravit věci jako je Priorita,Typ,Status,Nadpis a Popis Issue. Tak&eacute; zde bude možn&eacute; vložit př&iacute;lohu. A&nbsp;změnit&nbsp;ře&scaron;itele.</p>\n<h3 style=\"text-align: justify;\"><strong>Odstraněn&iacute; Issue</strong></h3>\n<p style=\"text-align: justify;\">Po kliknut&iacute; na červen&eacute; tlač&iacute;tko se zobraz&iacute; ok&eacute;nko, kde je uvedena ot&aacute;zka zda danou Issue chcete opravdu smazat. Pokud ji opravdu smazat kliknete je&scaron;tě jednou na červen&eacute; tlač&iacute;tko Zmazať jinak kliknete na tlač&iacute;tko Zatvoriť.</p>\n<h2 style=\"text-align: center;\"><strong>Uživatel&eacute;</strong></h2>\n<p style=\"text-align: justify;\">Po kliknut&iacute; na z&aacute;ložku Uživatel&eacute; se otevře str&aacute;nka, kde jsou vidět v&scaron;ichni uživatel&eacute;. Je zde vidět jejich ID, Jm&eacute;no, Př&iacute;jmen&iacute;, E-mail a Datum vytvořen&iacute;.</p>\n<p style=\"text-align: justify;\">Po kliknut&iacute; na přidat uživatele se otevře z&aacute;ložka, kde vypln&iacute;me &uacute;daje jako jm&eacute;no, př&iacute;jmen&iacute;, heslo, email, telefon.</p>\n<p style=\"text-align: justify;\">Po kliknut&iacute; na Upravit se otevře z&aacute;ložka, kde můžeme změnit nějak&eacute; informace uživatele.</p>\n<p style=\"text-align: justify;\">Po kliknut&iacute; na Smazat vyskoč&iacute; okno, kde potvrd&iacute;me smaz&aacute;n&iacute;.</p>\n<p style=\"text-align: justify;\">Po kliknut&iacute; na Archivovat/Odarchivovat můžeme archivovat př&iacute;padně odarchivovat uživatele.</p>\n<h2 style=\"text-align: center;\"><strong>Log&nbsp;</strong></h2>\n<p style=\"text-align: justify;\">Po kliknut&iacute; na z&aacute;ložku Log se v&aacute;m otevře str&aacute;nka, kde je možnost vidět přehled v&scaron;ech logů. Je zde vidět jejich id, popis jednotliv&yacute;ch logů, n&aacute;zev akce, kter&aacute; se provedla, uživatele, kteř&iacute; tu akci provedli, IP adresu poč&iacute;tače, kde byla akce provedena a Datum vložen&iacute;.</p>\n<h2 style=\"text-align: center;\"><strong>Nastaven&iacute;</strong>&nbsp;</h2>\n<p style=\"text-align: justify;\">Po kliknut&iacute; na z&aacute;ložku Nastaven&iacute; se v&aacute;m objev&iacute; dvě možnosti na v&yacute;běr. Po kliknut&iacute; na V&scaron;eobecn&eacute; se otevře str&aacute;nka, kde si můžete přeč&iacute;st Jm&eacute;no, E-mail, Telefonn&iacute; Č&iacute;slo, Adresu a Fakturačn&iacute; &uacute;daje, kter&eacute; můžete změnit a žlut&yacute;m tlač&iacute;tkem Uložit.</p>\n<p style=\"text-align: justify;\">Po kliknut&iacute; na Specifick&eacute; se otevře str&aacute;nka, kde jsou vidět dal&scaron;&iacute; z&aacute;ložky : Role, Mailer, LDAP, Seznam aplikac&iacute;, Modul, Prostřed&iacute;</p>\n<h3 style=\"text-align: justify;\"><strong>Role</strong></h3>\n<p style=\"text-align: justify;\">Zde si můžeme prohl&eacute;dnout n&aacute;zvy jednotliv&yacute;ch rol&iacute;, kter&eacute; jsou rozděleny na Projektov&eacute; role a Webov&eacute; role.&nbsp;Jednotliv&eacute; role se daj&iacute; přidat, upravit nebo odstranit.</p>\n<p style=\"text-align: justify;\">Po kliknut&iacute; na Přidat roli vyskoč&iacute; okno, kde zad&aacute;te N&aacute;zev role a rozhodnete se, zda role bude patřit do Projektov&yacute;ch nebo Webov&yacute;ch roli.</p>\n<p style=\"text-align: justify;\">Po kliknut&iacute; na Upravit&nbsp;se zobraz&iacute; str&aacute;nka, kde můžeme změnit n&aacute;zev role&nbsp;a přidat nebo odebrat opr&aacute;vněn&iacute;, pot&eacute; kliknut&iacute;m na žlut&eacute; tlač&iacute;tko Upravit ulož&iacute;te změny.</p>\n<p style=\"text-align: justify;\">Po kliknut&iacute; na červen&eacute; tlač&iacute;tko Smazat vyskoč&iacute; okno, kde potvrd&iacute;te smaz&aacute;n&iacute;.</p>\n<h3 style=\"text-align: justify;\"><strong>Mailer</strong></h3>\n<p style=\"text-align: justify;\">&nbsp;Zde můžete nastavit aplikaci na zas&iacute;lan&iacute; emailů nastaven&iacute;m udajů SMTP.&nbsp;</p>\n<h3 style=\"text-align: justify;\"><strong>LDAP</strong></h3>\n<p style=\"text-align: justify;\">&nbsp;Zde můžete nastavit LDAP server.</p>\n<p style=\"text-align: justify;\">&nbsp;</p>\n<h3 style=\"text-align: justify;\"><strong>Seznam aplikac&iacute;</strong></h3>\n<p style=\"text-align: justify;\">Zde vid&iacute;te tabulku jednotliv&yacute;ch aplikac&iacute;, kter&eacute; jsou propojeny Moduly a Prostřed&iacute;mi.</p>\n<p style=\"text-align: justify;\">Po kliknut&iacute; na Přidat vyskoč&iacute; okno, kde zad&aacute;me potřebn&eacute; informace.</p>\n<p style=\"text-align: justify;\">Po kliknut&iacute; na Klonovat vyskoč&iacute; předvyplněn&eacute; okno, kde jen změn&iacute;me potřebn&eacute; informace.</p>\n<p style=\"text-align: justify;\">Po kliknut&iacute; na Upravit n&aacute;m vyskoč&iacute; okno, kde můžeme změnit informace o aplikaci.</p>\n<p style=\"text-align: justify;\">Po kliknut&iacute; na Smazat vyskoč&iacute; okno, kde potvrd&iacute;me smaz&aacute;n&iacute;.</p>\n<h3 style=\"text-align: justify;\"><strong>Modul</strong></h3>\n<p style=\"text-align: justify;\">Zde vid&iacute;te tabulku jednotliv&yacute;ch modulů.</p>\n<p style=\"text-align: justify;\">Po kliknut&iacute; na Přidat vyskoč&iacute; okno, kde zad&aacute;me potřebn&eacute; informace.</p>\n<p style=\"text-align: justify;\">Po kliknut&iacute; na Upravit n&aacute;m vyskoč&iacute; okno, kde můžeme změnit informace o aplikaci.</p>\n<p style=\"text-align: justify;\">Po kliknut&iacute; na Smazat vyskoč&iacute; okno, kde potvrd&iacute;me smaz&aacute;n&iacute;.</p>\n<h3 style=\"text-align: justify;\"><strong>Prostřed&iacute;</strong></h3>\n<p style=\"text-align: justify;\">Zde vid&iacute;te tabulku jednotliv&yacute;ch prostřed&iacute;.</p>\n<p style=\"text-align: justify;\">Po kliknut&iacute; na Přidat vyskoč&iacute; okno, kde zad&aacute;me potřebn&eacute; informace.</p>\n<p style=\"text-align: justify;\">Po kliknut&iacute; na Upravit n&aacute;m vyskoč&iacute; okno, kde můžeme změnit informace o prostřed&iacute;.</p>\n<p style=\"text-align: justify;\">Po kliknut&iacute; na Smazat vyskoč&iacute; okno, kde potvrd&iacute;me smaz&aacute;n&iacute;.</p>\n<h2 style=\"text-align: center;\"><strong>Syst&eacute;m&nbsp;</strong></h2>\n<p style=\"text-align: justify;\">Po kliknut&iacute; na z&aacute;ložku Syst&eacute;m se v&aacute;m objev&iacute; dvě možnost&iacute; na v&yacute;běr.</p>\n<p style=\"text-align: justify;\">Po kliknut&iacute; na N&aacute;pověda si můžeme přeč&iacute;st n&aacute;povědu k&nbsp;použ&iacute;v&aacute;n&iacute; str&aacute;nky JUNO, kterou si můžeme i st&aacute;hnout.</p>\n<p style=\"text-align: justify;\">Po kliknut&iacute; na Informace si můžeme přeč&iacute;st Informace o DENEVY Slovakia s.r.o. a o Informačn&iacute;m syst&eacute;mu&nbsp;Juno</p>\n<h2 style=\"text-align: center;\"><strong>&Uacute;loži&scaron;tě</strong></h2>\n<p><strong>Popis:</strong></p>\n<p>&Uacute;loži&scaron;tě slouž&iacute; pro &uacute;schovu jednotliv&yacute;ch Test Setů/Casů a jejich n&aacute;sledn&eacute; použit&iacute;.&nbsp;V &Uacute;loži&scaron;ti budou uloženy a v pokud budou potřeba importuj&iacute; se do projektů. &Uacute;loži&scaron;tě zjednodu&scaron;uje pr&aacute;ci s Testovac&iacute;mi sc&eacute;n&aacute;ři, nemus&iacute; se ps&aacute;t znova jen se použ&iacute;j&iacute; z &uacute;loži&scaron;tě.</p>\n<p><strong>Akce:</strong></p>\n<p>Po kliknut&iacute; na Složka vyskoč&iacute; okno, kde zad&aacute;me n&aacute;zev a aplikaci po kliknut&iacute; na Vytvořit, vznikne nov&aacute; složka pro &uacute;schovu.</p>\n<p>D&aacute;le jsou zde funkce jako v test anal&yacute;ze na vytvořen&iacute; Testovac&iacute;ch sad/sc&eacute;n&aacute;řů, import..(popis je v Test Anal&yacute;ze v&yacute;&scaron;&scaron;e v n&aacute;povědě)</p>\n<p>Po kliknut&iacute; na Upravit vyskoč&iacute; okno na &Uacute;pravu složky.</p>\n<p>Po kliknut&iacute; na Smazat vyskoč&iacute; okno, kde potvrd&iacute;me smaz&aacute;n&iacute;.</p>', '2016-05-03 11:55:47');
INSERT INTO `settings` (`id`, `option`, `description`, `date_update`) VALUES
(12, 'mailer_host', 'admin.emaily.online', '2016-08-08 13:59:18'),
(13, 'mailer_port', '587', '2016-08-08 13:59:26'),
(14, 'mailer_username', 'support@denevy.de', '2016-08-08 13:59:41'),
(15, 'mailer_password', 'njrdGgH6BhPx7A4q', '2016-08-08 13:59:52'),
(16, 'mailer_secure', 'ssl', '2016-08-08 14:00:02'),
(17, 'mailer_timeout', '20', '2016-08-08 14:00:09'),
(23, 'base_dn', 'CN=Users,DC=denevy,DC=eu', '2018-03-27 11:32:07'),
(30, 'admin_name', 'tuser@denevy.eu', '2018-03-28 11:23:35'),
(31, 'admin_password', 'Heslo123+', '2018-03-28 11:23:35'),
(32, 'hostname', 'ldap://vpn.denevy.eu:9389', '2018-03-28 11:23:35'),
(33, 'ldap', '0', '2018-03-28 13:28:18'),
(34, 'licence_key', 'eyJhbGciOiJSUzUxMiJ9.eyJqdGkiOiIyYTExMzI4OC1mYzRlLTQ1OWYtODZjMC0wYTkyZGM5ZTdiOGEiLCJpYXQiOjE1MjY5Njg5MzEsImV4cCI6MTU0NjIxNDQwMCwidmFsaWRUbyI6IjIwMTgtMTItMzEifQ.aO6SGUd4yr5msauXvVuyjeoQz0SdCIBC5F3G3y9swuMlOrt4k64gzfDdMI74EP5WRsvSbIPTA9fVF8SNUl-bZ1YVRZNwvmbQDD7FQirIiAaJw7_Sa2At8XTy1Vd7wk4EI8CP94182dQEn8HnakRZfWGpSF2wEvbbJ2l0JGUZotuCYToaD2rdIOg8L4y6unun5WnAvpJ7DOHiP3pKbigPL3T3QhYZubGo8YA1LhulR_4XS-9RoBbFkCYztupyjQEUWI2CMliB0f2ZDlt-eBFH1OiwdNSl9dRnroSTz3gxuLtF8BbfexenWErME7vkk9lBZt-PHvI9te9KDgjjGaJUzg', '2018-05-16 12:47:11');

-- --------------------------------------------------------

--
-- Štruktúra tabuľky pre tabuľku `tag_case`
--

CREATE TABLE `tag_case` (
  `id` int(11) NOT NULL,
  `name` varchar(255) NOT NULL
) ENGINE=InnoDB DEFAULT CHARSET=utf8;

--
-- Sťahujem dáta pre tabuľku `tag_case`
--

INSERT INTO `tag_case` (`id`, `name`) VALUES
(296, 'TableView'),
(297, 'TableViewClose'),
(298, 'ProjectView'),
(299, 'CalendarView'),
(300, 'CalendarClose'),
(301, 'WeekCalendar'),
(302, 'MonthCalendar'),
(303, 'TodayCalendar'),
(304, 'SwitchTag'),
(305, 'AssignedTC'),
(306, 'Selection'),
(307, 'Open'),
(308, 'History'),
(309, 'Issue'),
(310, 'TPlan'),
(311, 'Name'),
(312, 'TSprint'),
(313, 'Filter'),
(314, 'List'),
(315, 'Dashboard'),
(316, 'Diac'),
(317, 'NonDiac'),
(318, 'Numbers'),
(319, 'Special'),
(320, 'Empty'),
(321, 'Space'),
(322, 'Duplicity'),
(323, 'EmptyDescription'),
(324, 'Close'),
(325, 'CountOfProjects'),
(326, 'ArchiveOfProjects'),
(327, 'CountOfArchivedProjects'),
(328, 'ArchiveTableView'),
(329, 'Diac'),
(330, 'NonDiac'),
(331, 'Numbers'),
(332, 'Special'),
(333, 'Empty'),
(334, 'Space'),
(335, 'Duplicity'),
(336, 'EmptyDescription'),
(337, 'Close'),
(338, 'TableView'),
(339, 'CountOfProjects'),
(340, 'ArchiveOfProjects'),
(341, 'CountOfArchivedProjects'),
(342, 'ArchiveTableView'),
(343, 'Settings'),
(344, 'Name'),
(345, 'Description'),
(346, 'Selection'),
(347, 'Archive'),
(348, 'Remove'),
(349, 'SetIssueTracker'),
(350, 'Show'),
(351, 'Delete'),
(352, 'Delete/Close'),
(353, 'CountOfRelease/Camp'),
(354, 'Comment'),
(355, 'EmptyComment'),
(356, 'EditRelease/Camp'),
(357, 'EditTP'),
(358, 'DeleteTP'),
(359, 'CloseDeleteTP'),
(360, 'ShowTP'),
(361, 'Campaign'),
(362, 'Open'),
(363, 'History'),
(364, 'Issue'),
(365, 'Login'),
(366, 'Diac'),
(367, 'NonDiac'),
(368, 'Numbers'),
(369, 'Special'),
(370, 'EmptyDesciption'),
(371, 'Space'),
(372, 'Duplicity'),
(373, 'Priority'),
(374, 'OriginalTime'),
(375, 'RemainingTime'),
(376, 'Deadline'),
(377, 'AssignTo'),
(378, 'GeneralSettings'),
(379, 'IssueGenAtr'),
(380, 'Empty'),
(381, 'Attachment'),
(382, 'Attachments'),
(383, 'Type'),
(384, 'Close'),
(385, 'Adress'),
(386, 'Filter_Type'),
(387, 'Filter_Status'),
(388, 'Filter_Priority'),
(389, 'Filter_Reset'),
(390, 'CountOfIssue'),
(391, 'TableView'),
(392, 'View'),
(393, 'PartExport'),
(394, 'Export'),
(395, 'TC'),
(396, 'TS'),
(397, 'Name'),
(398, 'Tag'),
(399, 'Description'),
(400, 'Result'),
(401, 'Priority'),
(402, 'Approved'),
(403, 'Attachments'),
(404, 'TestStep'),
(405, 'BulkInsert'),
(406, 'TC'),
(407, 'TS'),
(408, 'Name'),
(409, 'Tag'),
(410, 'Description'),
(411, 'Result'),
(412, 'Priority'),
(413, 'Approved'),
(414, 'Attachments'),
(415, 'TestStep'),
(416, 'BulkInsert'),
(417, 'Import'),
(418, 'Mark'),
(419, 'Edit'),
(420, 'Remove'),
(421, 'EditName'),
(422, 'EditSurName'),
(423, 'EditNickName'),
(424, 'EditPhoneNumber'),
(425, 'EditPassword'),
(426, 'EditJiraName'),
(427, 'TableView'),
(428, 'TableViewClose'),
(429, 'ProjectView'),
(430, 'TableView'),
(431, 'TableViewClose'),
(432, 'ProjectView'),
(433, 'ParcialityName'),
(434, 'ParcialityDescription'),
(435, 'Diac'),
(436, 'NonDiac'),
(437, 'Numbers'),
(438, 'Special'),
(439, 'Attachment'),
(440, 'Attachments'),
(441, 'Filter_Action'),
(442, 'Filter_Permission'),
(443, 'Filter_DateIn'),
(444, 'Filter_Tab'),
(445, 'Filter_Reset'),
(446, 'CountOfLogs'),
(447, 'Language'),
(448, 'Diac'),
(449, 'NonDiac'),
(450, 'Numbers'),
(451, 'Special'),
(452, 'Empty'),
(453, 'Spacebar'),
(454, 'Favicon'),
(455, 'Favicon_NEG'),
(456, 'Logo'),
(457, 'Logo_NEG'),
(458, 'EditRole'),
(459, 'EditProjectRole'),
(460, 'EditRoleRights'),
(461, 'EditProjectRoleRights'),
(462, 'ViewDescriptionOfRole'),
(463, 'DeleteRole'),
(464, 'Help'),
(465, 'DownloadHelp'),
(466, 'InfoView'),
(467, 'Name'),
(468, 'SurName'),
(469, 'Email'),
(470, 'PhoneNumber'),
(471, 'Password'),
(472, 'ContrPassword'),
(473, 'RequiredColumns_NEG'),
(474, 'RequiredColumns_POS'),
(475, 'Duplicity'),
(476, 'SuperAdmin'),
(477, 'WebAdmin'),
(478, 'MenuRights'),
(479, 'Login'),
(480, 'LoginBack'),
(481, 'EditName'),
(482, 'EditSurName'),
(483, 'EditEmail'),
(484, 'EditPhoneNumber'),
(485, 'EditPassword'),
(486, 'EditSuperAdmin'),
(487, 'EditWebAdmin'),
(488, 'EditMenuRights'),
(489, 'Archive'),
(490, 'DeArchive'),
(491, 'Delete'),
(492, 'TableView'),
(493, 'CountOfUsers'),
(494, 'Diac'),
(495, 'NonDiac'),
(496, 'Numbers'),
(497, 'Special'),
(498, 'Empty'),
(499, 'Space'),
(500, 'Duplicity'),
(501, 'EmptyDesciption'),
(502, 'Attachment'),
(503, 'Attachments'),
(504, 'AssignTo'),
(505, 'Priority'),
(506, 'Type'),
(507, 'Close'),
(508, 'Adress'),
(509, 'Filter_Type'),
(510, 'Filter_Status'),
(511, 'Filter_Priority'),
(512, 'Filter_Reset'),
(513, 'CountOfIssue'),
(514, 'TableView'),
(515, 'View'),
(516, 'PartExport'),
(517, 'Export'),
(518, 'Edit'),
(519, 'Remove'),
(520, 'Settings'),
(521, 'Name'),
(522, 'Description'),
(523, 'Selection'),
(524, 'Archive'),
(525, 'SetIssueTracker'),
(526, 'TableView'),
(527, 'TableViewClose'),
(528, 'ProjectView'),
(529, 'CalendarView'),
(530, 'CalendarClose'),
(531, 'WeekCalendar'),
(532, 'MonthCalendar'),
(533, 'TodayCalendar'),
(534, 'SwitchTag'),
(535, 'AssignedTC'),
(536, 'TableView'),
(537, 'TableViewClose'),
(538, 'ProjectView'),
(539, 'CalendarView'),
(540, 'CalendarClose'),
(541, 'WeekCalendar'),
(542, 'MonthCalendar'),
(543, 'Diac'),
(544, 'TodayCalendar'),
(545, 'NonDiac'),
(546, 'SwitchTag'),
(547, 'Numbers'),
(548, 'AssignedTC'),
(549, 'Special'),
(550, 'Empty'),
(551, 'Space'),
(552, 'Duplicity'),
(553, 'EmptyDesciption'),
(554, 'Attachment'),
(555, 'Attachments'),
(556, 'AssignTo'),
(557, 'Priority'),
(558, 'Type'),
(559, 'Close'),
(560, 'Adress'),
(561, 'Filter_Type'),
(562, 'Filter_Status'),
(563, 'Filter_Priority'),
(564, 'Filter_Reset'),
(565, 'CountOfIssue'),
(566, 'View'),
(567, 'PartExport'),
(568, 'Export'),
(569, 'Filter_Action'),
(570, 'Filter_Permission'),
(571, 'Filter_DateIn'),
(572, 'Filter_Tab'),
(573, 'Filter_User'),
(574, 'CountOfLogs'),
(575, 'Diac'),
(576, 'NonDiac'),
(577, 'Numbers'),
(578, 'Special'),
(579, 'Empty'),
(580, 'Space'),
(581, 'Duplicity'),
(582, 'Show'),
(583, 'Delete'),
(584, 'Delete/Close'),
(585, 'CountOfRelease/Camp'),
(586, 'TableView'),
(587, 'Comment'),
(588, 'EmptyComment'),
(589, 'EditRelease/Camp'),
(590, 'EditTP'),
(591, 'DeleteTP'),
(592, 'CloseDeleteTP'),
(593, 'ShowTP'),
(594, 'Campaign'),
(595, 'EmptyDescription'),
(596, 'CountOfProjects'),
(597, 'ArchiveOfProjects'),
(598, 'CountOfArchivedProjects'),
(599, 'ArchiveTableView'),
(600, 'TPlan'),
(601, 'Name'),
(602, 'TSprint'),
(603, 'Filter'),
(604, 'List'),
(605, 'Dashboard'),
(606, 'TPlan'),
(607, 'Name'),
(608, 'TSprint'),
(609, 'Filter'),
(610, 'List'),
(611, 'Dashboard'),
(612, 'Selection'),
(613, 'Open'),
(614, 'History'),
(615, 'Issue'),
(616, 'TC'),
(617, 'TS'),
(618, 'Tag'),
(619, 'Description'),
(620, 'Result'),
(621, 'Priority'),
(622, 'Approved'),
(623, 'Attachments'),
(624, 'TestStep'),
(625, 'BulkInsert'),
(626, 'EditName'),
(627, 'EditSurName'),
(628, 'EditNickName'),
(629, 'EditPhoneNumber'),
(630, 'EditPassword'),
(631, 'EditJiraName'),
(632, 'TableView'),
(633, 'TableViewClose'),
(634, 'ProjectView'),
(635, 'Login'),
(636, 'Diac'),
(637, 'NonDiac'),
(638, 'Numbers'),
(639, 'Special'),
(640, 'EmptyDesciption'),
(641, 'Space'),
(642, 'Duplicity'),
(643, 'Priority'),
(644, 'OriginalTime'),
(645, 'RemainingTime'),
(646, 'Deadline'),
(647, 'AssignTo'),
(648, 'GeneralSettings'),
(649, 'IssueGenAtr'),
(650, 'TableView'),
(651, 'TableViewClose'),
(652, 'ProjectView'),
(653, 'CalendarView'),
(654, 'CalendarClose'),
(655, 'WeekCalendar'),
(656, 'MonthCalendar'),
(657, 'TodayCalendar'),
(658, 'SwitchTag'),
(659, 'AssignedTC'),
(660, 'EditName'),
(661, 'EditSurName'),
(662, 'EditNickName'),
(663, 'EditPhoneNumber'),
(664, 'EditPassword'),
(665, 'EditJiraName'),
(666, 'ParcialityName'),
(667, 'ParcialityDescription'),
(668, 'Diac'),
(669, 'NonDiac'),
(670, 'Numbers'),
(671, 'Special'),
(672, 'Attachment'),
(673, 'Attachments'),
(674, 'TPlan'),
(675, 'Name'),
(676, 'TSprint'),
(677, 'Filter'),
(678, 'List'),
(679, 'Dashboard'),
(680, 'Selection'),
(681, 'Open'),
(682, 'History'),
(683, 'Issue'),
(684, 'TC'),
(685, 'TS'),
(686, 'Tag'),
(687, 'Description'),
(688, 'Result'),
(689, 'Priority'),
(690, 'Approved'),
(691, 'TestStep'),
(692, 'BulkInsert');

-- --------------------------------------------------------

--
-- Štruktúra tabuľky pre tabuľku `tag_set`
--

CREATE TABLE `tag_set` (
  `id` int(11) NOT NULL,
  `name` varchar(255) NOT NULL
) ENGINE=InnoDB DEFAULT CHARSET=utf8;

--
-- Sťahujem dáta pre tabuľku `tag_set`
--

INSERT INTO `tag_set` (`id`, `name`) VALUES
(148, 'Homepage'),
(149, 'TExecution'),
(150, 'TPlan'),
(151, 'Projects'),
(152, 'Projects'),
(153, 'Settings'),
(154, 'Rel/Cam'),
(155, 'TExecution'),
(156, 'JIRA'),
(157, 'Issue'),
(158, 'TAnalyeses'),
(159, 'TAnalyeses'),
(160, 'MyProfile'),
(161, 'Projects'),
(162, 'Projects'),
(163, 'Ticket'),
(164, 'MyLogs'),
(165, 'Language'),
(166, 'Settings'),
(167, 'System'),
(168, 'Users'),
(169, 'Issue'),
(170, 'Settings'),
(171, 'Homepage'),
(172, 'Homepage'),
(173, 'Issue'),
(174, 'Logs'),
(175, 'Rel/Cam'),
(176, 'Projects'),
(177, 'TPlan'),
(178, 'TPlan'),
(179, 'TExecution'),
(180, 'TAnalyeses'),
(181, 'MyProfile'),
(182, 'Projects'),
(183, 'JIRA'),
(184, 'Homepage'),
(185, 'MyProfile'),
(186, 'Ticket'),
(187, 'Projects'),
(188, 'TPlan'),
(189, 'TExecution'),
(190, 'TAnalyeses');

-- --------------------------------------------------------

--
-- Štruktúra tabuľky pre tabuľku `tag_test_case`
--

CREATE TABLE `tag_test_case` (
  `id` int(11) NOT NULL,
  `test_case_id` int(11) DEFAULT NULL,
  `tag_case_id` int(11) NOT NULL,
  `start_date` date DEFAULT NULL,
  `end_date` date DEFAULT NULL
) ENGINE=InnoDB DEFAULT CHARSET=utf8 COLLATE=utf8_slovak_ci;

--
-- Sťahujem dáta pre tabuľku `tag_test_case`
--

INSERT INTO `tag_test_case` (`id`, `test_case_id`, `tag_case_id`, `start_date`, `end_date`) VALUES
(828, 1262, 329, NULL, NULL),
(829, 1263, 330, NULL, NULL),
(830, 1264, 331, NULL, NULL),
(831, 1265, 332, NULL, NULL),
(832, 1266, 333, NULL, NULL),
(833, 1267, 334, NULL, NULL),
(834, 1268, 335, NULL, NULL),
(835, 1269, 329, NULL, NULL),
(836, 1270, 330, NULL, NULL),
(837, 1271, 331, NULL, NULL),
(838, 1272, 332, NULL, NULL),
(839, 1273, 336, NULL, NULL),
(840, 1274, 334, NULL, NULL),
(841, 1275, 335, NULL, NULL),
(842, 1276, 337, NULL, NULL),
(843, 1277, 338, NULL, NULL),
(844, 1278, 339, NULL, NULL),
(845, 1279, 340, NULL, NULL),
(846, 1280, 341, NULL, NULL),
(847, 1281, 342, NULL, NULL),
(848, 1282, 343, NULL, NULL),
(849, 1282, 344, NULL, NULL),
(850, 1283, 343, NULL, NULL),
(851, 1283, 344, NULL, NULL),
(852, 1284, 343, NULL, NULL),
(853, 1284, 344, NULL, NULL),
(854, 1285, 343, NULL, NULL),
(855, 1285, 344, NULL, NULL),
(856, 1286, 343, NULL, NULL),
(857, 1286, 344, NULL, NULL),
(858, 1287, 343, NULL, NULL),
(859, 1287, 345, NULL, NULL),
(860, 1288, 343, NULL, NULL),
(861, 1288, 345, NULL, NULL),
(862, 1289, 343, NULL, NULL),
(863, 1289, 345, NULL, NULL),
(864, 1290, 343, NULL, NULL),
(865, 1290, 345, NULL, NULL),
(866, 1291, 343, NULL, NULL),
(867, 1291, 345, NULL, NULL),
(868, 1292, 343, NULL, NULL),
(869, 1292, 346, NULL, NULL),
(870, 1293, 343, NULL, NULL),
(871, 1293, 346, NULL, NULL),
(872, 1294, 343, NULL, NULL),
(873, 1294, 347, NULL, NULL),
(874, 1295, 343, NULL, NULL),
(875, 1295, 348, NULL, NULL),
(876, 1296, 343, NULL, NULL),
(877, 1296, 349, NULL, NULL),
(878, 1297, 329, NULL, NULL),
(879, 1298, 330, NULL, NULL),
(880, 1299, 331, NULL, NULL),
(881, 1300, 332, NULL, NULL),
(882, 1301, 333, NULL, NULL),
(883, 1302, 334, NULL, NULL),
(884, 1303, 335, NULL, NULL),
(885, 1304, 350, NULL, NULL),
(886, 1305, 351, NULL, NULL),
(887, 1306, 352, NULL, NULL),
(888, 1307, 353, NULL, NULL),
(889, 1308, 338, NULL, NULL),
(890, 1309, 354, NULL, NULL),
(891, 1310, 355, NULL, NULL),
(892, 1311, 356, NULL, NULL),
(893, 1312, 357, NULL, NULL),
(894, 1313, 358, NULL, NULL),
(895, 1314, 359, NULL, NULL),
(896, 1315, 360, NULL, NULL),
(897, 1316, 361, NULL, NULL),
(898, 1317, 361, NULL, NULL),
(899, 1318, 361, NULL, NULL),
(900, 1319, 361, NULL, NULL),
(901, 1320, 361, NULL, NULL),
(902, 1321, 361, NULL, NULL),
(903, 1322, 361, NULL, NULL),
(904, 1323, 361, NULL, NULL),
(905, 1324, 361, NULL, NULL),
(906, 1325, 361, NULL, NULL),
(907, 1326, 361, NULL, NULL),
(908, 1327, 361, NULL, NULL),
(909, 1328, 361, NULL, NULL),
(910, 1329, 361, NULL, NULL),
(911, 1330, 361, NULL, NULL),
(912, 1331, 361, NULL, NULL),
(913, 1332, 361, NULL, NULL),
(914, 1333, 361, NULL, NULL),
(915, 1334, 361, NULL, NULL),
(916, 1335, 361, NULL, NULL),
(917, 1336, 361, NULL, NULL),
(918, 1337, 361, NULL, NULL),
(919, 1338, 361, NULL, NULL),
(920, 1339, 361, NULL, NULL),
(921, 1340, 361, NULL, NULL),
(922, 1341, 361, NULL, NULL),
(923, 1342, 361, NULL, NULL),
(924, 1343, 346, NULL, NULL),
(925, 1344, 362, NULL, NULL),
(926, 1345, 362, NULL, NULL),
(927, 1346, 363, NULL, NULL),
(928, 1347, 364, NULL, NULL),
(929, 1348, 365, NULL, NULL),
(930, 1349, 366, NULL, NULL),
(931, 1350, 367, NULL, NULL),
(932, 1351, 368, NULL, NULL),
(933, 1352, 369, NULL, NULL),
(934, 1353, 370, NULL, NULL),
(935, 1354, 371, NULL, NULL),
(936, 1355, 372, NULL, NULL),
(937, 1356, 373, NULL, NULL),
(938, 1357, 374, NULL, NULL),
(939, 1358, 375, NULL, NULL),
(940, 1359, 366, NULL, NULL),
(941, 1360, 367, NULL, NULL),
(942, 1361, 368, NULL, NULL),
(943, 1362, 369, NULL, NULL),
(944, 1363, 370, NULL, NULL),
(945, 1364, 371, NULL, NULL),
(946, 1365, 372, NULL, NULL),
(947, 1366, 376, NULL, NULL),
(948, 1367, 377, NULL, NULL),
(949, 1368, 378, NULL, NULL),
(950, 1369, 379, NULL, NULL),
(951, 1370, 366, NULL, NULL),
(952, 1371, 367, NULL, NULL),
(953, 1372, 368, NULL, NULL),
(954, 1373, 369, NULL, NULL),
(955, 1374, 380, NULL, NULL),
(956, 1375, 371, NULL, NULL),
(957, 1376, 372, NULL, NULL),
(958, 1377, 366, NULL, NULL),
(959, 1378, 367, NULL, NULL),
(960, 1379, 368, NULL, NULL),
(961, 1380, 369, NULL, NULL),
(962, 1381, 370, NULL, NULL),
(963, 1382, 371, NULL, NULL),
(964, 1383, 372, NULL, NULL),
(965, 1384, 381, NULL, NULL),
(966, 1385, 381, NULL, NULL),
(967, 1386, 382, NULL, NULL),
(968, 1387, 382, NULL, NULL),
(969, 1388, 377, NULL, NULL),
(970, 1389, 373, NULL, NULL),
(971, 1390, 383, NULL, NULL),
(972, 1391, 384, NULL, NULL),
(973, 1392, 385, NULL, NULL),
(974, 1393, 386, NULL, NULL),
(975, 1394, 387, NULL, NULL),
(976, 1395, 388, NULL, NULL),
(977, 1396, 389, NULL, NULL),
(978, 1397, 390, NULL, NULL),
(979, 1398, 391, NULL, NULL),
(980, 1399, 392, NULL, NULL),
(981, 1400, 393, NULL, NULL),
(982, 1401, 394, NULL, NULL),
(1245, 1551, 421, NULL, NULL),
(1246, 1552, 422, NULL, NULL),
(1247, 1553, 423, NULL, NULL),
(1248, 1554, 424, NULL, NULL),
(1249, 1555, 425, NULL, NULL),
(1250, 1556, 426, NULL, NULL),
(1254, 1560, 430, NULL, NULL),
(1255, 1561, 431, NULL, NULL),
(1256, 1562, 432, NULL, NULL),
(1257, 1563, 433, NULL, NULL),
(1258, 1564, 434, NULL, NULL),
(1259, 1565, 435, NULL, NULL),
(1260, 1566, 436, NULL, NULL),
(1261, 1567, 437, NULL, NULL),
(1262, 1568, 438, NULL, NULL),
(1263, 1569, 439, NULL, NULL),
(1264, 1570, 439, NULL, NULL),
(1265, 1571, 440, NULL, NULL),
(1266, 1572, 440, NULL, NULL),
(1267, 1573, 441, NULL, NULL),
(1268, 1574, 442, NULL, NULL),
(1269, 1575, 443, NULL, NULL),
(1270, 1576, 444, NULL, NULL),
(1271, 1577, 445, NULL, NULL),
(1272, 1578, 446, NULL, NULL),
(1273, 1579, 430, NULL, NULL),
(1274, 1580, 447, NULL, NULL),
(1275, 1581, 448, NULL, NULL),
(1276, 1582, 449, NULL, NULL),
(1277, 1583, 450, NULL, NULL),
(1278, 1584, 451, NULL, NULL),
(1279, 1585, 452, NULL, NULL),
(1280, 1586, 453, NULL, NULL),
(1281, 1587, 448, NULL, NULL),
(1282, 1588, 449, NULL, NULL),
(1283, 1589, 450, NULL, NULL),
(1284, 1590, 451, NULL, NULL),
(1285, 1591, 452, NULL, NULL),
(1286, 1592, 453, NULL, NULL),
(1287, 1593, 448, NULL, NULL),
(1288, 1594, 449, NULL, NULL),
(1289, 1595, 450, NULL, NULL),
(1290, 1596, 451, NULL, NULL),
(1291, 1597, 452, NULL, NULL),
(1292, 1598, 453, NULL, NULL),
(1293, 1599, 448, NULL, NULL),
(1294, 1600, 449, NULL, NULL),
(1295, 1601, 450, NULL, NULL),
(1296, 1602, 451, NULL, NULL),
(1297, 1603, 452, NULL, NULL),
(1298, 1604, 453, NULL, NULL),
(1299, 1605, 448, NULL, NULL),
(1300, 1606, 449, NULL, NULL),
(1301, 1607, 450, NULL, NULL),
(1302, 1608, 451, NULL, NULL),
(1303, 1609, 452, NULL, NULL),
(1304, 1610, 453, NULL, NULL),
(1305, 1611, 448, NULL, NULL),
(1306, 1612, 449, NULL, NULL),
(1307, 1613, 450, NULL, NULL),
(1308, 1614, 451, NULL, NULL),
(1309, 1615, 452, NULL, NULL),
(1310, 1616, 453, NULL, NULL),
(1311, 1617, 448, NULL, NULL),
(1312, 1618, 449, NULL, NULL),
(1313, 1619, 450, NULL, NULL),
(1314, 1620, 451, NULL, NULL),
(1315, 1621, 452, NULL, NULL),
(1316, 1622, 453, NULL, NULL),
(1317, 1623, 454, NULL, NULL),
(1318, 1624, 455, NULL, NULL),
(1319, 1625, 456, NULL, NULL),
(1320, 1626, 457, NULL, NULL),
(1321, 1627, 448, NULL, NULL),
(1322, 1628, 449, NULL, NULL),
(1323, 1629, 450, NULL, NULL),
(1324, 1630, 451, NULL, NULL),
(1325, 1631, 452, NULL, NULL),
(1326, 1632, 453, NULL, NULL),
(1327, 1633, 448, NULL, NULL),
(1328, 1634, 449, NULL, NULL),
(1329, 1635, 450, NULL, NULL),
(1330, 1636, 451, NULL, NULL),
(1331, 1637, 452, NULL, NULL),
(1332, 1638, 453, NULL, NULL),
(1333, 1639, 448, NULL, NULL),
(1334, 1640, 449, NULL, NULL),
(1335, 1641, 450, NULL, NULL),
(1336, 1642, 451, NULL, NULL),
(1337, 1643, 452, NULL, NULL),
(1338, 1644, 453, NULL, NULL),
(1339, 1645, 448, NULL, NULL),
(1340, 1646, 449, NULL, NULL),
(1341, 1647, 450, NULL, NULL),
(1342, 1648, 451, NULL, NULL),
(1343, 1649, 452, NULL, NULL),
(1344, 1650, 453, NULL, NULL),
(1345, 1651, 448, NULL, NULL),
(1346, 1652, 449, NULL, NULL),
(1347, 1653, 450, NULL, NULL),
(1348, 1654, 451, NULL, NULL),
(1349, 1655, 452, NULL, NULL),
(1350, 1656, 453, NULL, NULL),
(1351, 1657, 448, NULL, NULL),
(1352, 1658, 449, NULL, NULL),
(1353, 1659, 450, NULL, NULL),
(1354, 1660, 451, NULL, NULL),
(1355, 1661, 452, NULL, NULL),
(1356, 1662, 453, NULL, NULL),
(1357, 1663, 448, NULL, NULL),
(1358, 1664, 449, NULL, NULL),
(1359, 1665, 450, NULL, NULL),
(1360, 1666, 451, NULL, NULL),
(1361, 1667, 452, NULL, NULL),
(1362, 1668, 453, NULL, NULL),
(1363, 1669, 448, NULL, NULL),
(1364, 1670, 449, NULL, NULL),
(1365, 1671, 450, NULL, NULL),
(1366, 1672, 451, NULL, NULL),
(1367, 1673, 452, NULL, NULL),
(1368, 1674, 453, NULL, NULL),
(1369, 1675, 448, NULL, NULL),
(1370, 1676, 449, NULL, NULL),
(1371, 1677, 450, NULL, NULL),
(1372, 1678, 451, NULL, NULL),
(1373, 1679, 452, NULL, NULL),
(1374, 1680, 453, NULL, NULL),
(1375, 1681, 448, NULL, NULL),
(1376, 1682, 449, NULL, NULL),
(1377, 1683, 450, NULL, NULL),
(1378, 1684, 451, NULL, NULL),
(1379, 1685, 452, NULL, NULL),
(1380, 1686, 453, NULL, NULL),
(1381, 1687, 458, NULL, NULL),
(1382, 1688, 459, NULL, NULL),
(1383, 1689, 460, NULL, NULL),
(1384, 1690, 461, NULL, NULL),
(1385, 1691, 462, NULL, NULL),
(1386, 1692, 463, NULL, NULL),
(1387, 1693, 464, NULL, NULL),
(1388, 1694, 465, NULL, NULL),
(1389, 1695, 466, NULL, NULL),
(1390, 1696, 467, NULL, NULL),
(1391, 1697, 468, NULL, NULL),
(1392, 1698, 469, NULL, NULL),
(1393, 1699, 470, NULL, NULL),
(1394, 1700, 471, NULL, NULL),
(1395, 1701, 472, NULL, NULL),
(1396, 1702, 473, NULL, NULL),
(1397, 1703, 474, NULL, NULL),
(1398, 1704, 474, NULL, NULL),
(1399, 1705, 473, NULL, NULL),
(1400, 1706, 474, NULL, NULL),
(1401, 1707, 474, NULL, NULL),
(1402, 1708, 474, NULL, NULL),
(1403, 1709, 448, NULL, NULL),
(1404, 1710, 449, NULL, NULL),
(1405, 1711, 450, NULL, NULL),
(1406, 1712, 451, NULL, NULL),
(1407, 1713, 452, NULL, NULL),
(1408, 1714, 448, NULL, NULL),
(1409, 1715, 449, NULL, NULL),
(1410, 1716, 450, NULL, NULL),
(1411, 1717, 451, NULL, NULL),
(1412, 1718, 452, NULL, NULL),
(1413, 1719, 475, NULL, NULL),
(1414, 1720, 475, NULL, NULL),
(1415, 1721, 476, NULL, NULL),
(1416, 1722, 477, NULL, NULL),
(1417, 1723, 478, NULL, NULL),
(1418, 1724, 479, NULL, NULL),
(1419, 1725, 480, NULL, NULL),
(1420, 1726, 481, NULL, NULL),
(1421, 1727, 482, NULL, NULL),
(1422, 1728, 483, NULL, NULL),
(1423, 1729, 484, NULL, NULL),
(1424, 1730, 485, NULL, NULL),
(1425, 1731, 486, NULL, NULL),
(1426, 1732, 487, NULL, NULL),
(1427, 1733, 488, NULL, NULL),
(1428, 1734, 489, NULL, NULL),
(1429, 1735, 490, NULL, NULL),
(1430, 1736, 491, NULL, NULL),
(1431, 1737, 492, NULL, NULL),
(1432, 1738, 493, NULL, NULL),
(1433, 1739, 494, NULL, NULL),
(1434, 1740, 495, NULL, NULL),
(1435, 1741, 496, NULL, NULL),
(1436, 1742, 497, NULL, NULL),
(1437, 1743, 498, NULL, NULL),
(1438, 1744, 499, NULL, NULL),
(1439, 1745, 500, NULL, NULL),
(1440, 1746, 494, NULL, NULL),
(1441, 1747, 495, NULL, NULL),
(1442, 1748, 496, NULL, NULL),
(1443, 1749, 497, NULL, NULL),
(1444, 1750, 501, NULL, NULL),
(1445, 1751, 499, NULL, NULL),
(1446, 1752, 500, NULL, NULL),
(1447, 1753, 502, NULL, NULL),
(1448, 1754, 502, NULL, NULL),
(1449, 1755, 503, NULL, NULL),
(1450, 1756, 503, NULL, NULL),
(1451, 1757, 504, NULL, NULL),
(1452, 1758, 505, NULL, NULL),
(1453, 1759, 506, NULL, NULL),
(1454, 1760, 507, NULL, NULL),
(1455, 1761, 508, NULL, NULL),
(1456, 1762, 509, NULL, NULL),
(1457, 1763, 510, NULL, NULL),
(1458, 1764, 511, NULL, NULL),
(1459, 1765, 512, NULL, NULL),
(1460, 1766, 513, NULL, NULL),
(1461, 1767, 514, NULL, NULL),
(1462, 1768, 515, NULL, NULL),
(1463, 1769, 516, NULL, NULL),
(1464, 1770, 517, NULL, NULL),
(1465, 1771, 515, NULL, NULL),
(1466, 1772, 518, NULL, NULL),
(1467, 1773, 518, NULL, NULL),
(1468, 1774, 518, NULL, NULL),
(1469, 1775, 518, NULL, NULL),
(1470, 1776, 518, NULL, NULL),
(1471, 1777, 519, NULL, NULL),
(1472, 1778, 520, NULL, NULL),
(1473, 1778, 521, NULL, NULL),
(1474, 1779, 520, NULL, NULL),
(1475, 1779, 521, NULL, NULL),
(1476, 1780, 520, NULL, NULL),
(1477, 1780, 521, NULL, NULL),
(1478, 1781, 520, NULL, NULL),
(1479, 1781, 521, NULL, NULL),
(1480, 1782, 520, NULL, NULL),
(1481, 1782, 521, NULL, NULL),
(1482, 1783, 520, NULL, NULL),
(1483, 1783, 522, NULL, NULL),
(1484, 1784, 520, NULL, NULL),
(1485, 1784, 522, NULL, NULL),
(1486, 1785, 520, NULL, NULL),
(1487, 1785, 522, NULL, NULL),
(1488, 1786, 520, NULL, NULL),
(1489, 1786, 522, NULL, NULL),
(1490, 1787, 520, NULL, NULL),
(1491, 1787, 522, NULL, NULL),
(1492, 1788, 520, NULL, NULL),
(1493, 1788, 523, NULL, NULL),
(1494, 1789, 520, NULL, NULL),
(1495, 1789, 523, NULL, NULL),
(1496, 1790, 520, NULL, NULL),
(1497, 1790, 524, NULL, NULL),
(1498, 1791, 520, NULL, NULL),
(1499, 1791, 519, NULL, NULL),
(1500, 1792, 520, NULL, NULL),
(1501, 1792, 525, NULL, NULL),
(1502, 1793, 526, NULL, NULL),
(1503, 1794, 527, NULL, NULL),
(1504, 1795, 528, NULL, NULL),
(1505, 1796, 529, NULL, NULL),
(1506, 1797, 530, NULL, NULL),
(1507, 1798, 531, NULL, NULL),
(1508, 1799, 532, NULL, NULL),
(1509, 1800, 533, NULL, NULL),
(1510, 1801, 534, NULL, NULL),
(1511, 1802, 535, NULL, NULL),
(1522, 1813, 543, NULL, NULL),
(1523, 1814, 545, NULL, NULL),
(1524, 1815, 547, NULL, NULL),
(1525, 1816, 549, NULL, NULL),
(1526, 1817, 550, NULL, NULL),
(1527, 1818, 551, NULL, NULL),
(1528, 1819, 552, NULL, NULL),
(1529, 1820, 543, NULL, NULL),
(1530, 1821, 545, NULL, NULL),
(1531, 1822, 547, NULL, NULL),
(1532, 1823, 549, NULL, NULL),
(1533, 1824, 553, NULL, NULL),
(1534, 1825, 551, NULL, NULL),
(1535, 1826, 552, NULL, NULL),
(1536, 1827, 554, NULL, NULL),
(1537, 1828, 554, NULL, NULL),
(1538, 1829, 555, NULL, NULL),
(1539, 1830, 555, NULL, NULL),
(1540, 1831, 556, NULL, NULL),
(1541, 1832, 557, NULL, NULL),
(1542, 1833, 558, NULL, NULL),
(1543, 1834, 559, NULL, NULL),
(1544, 1835, 560, NULL, NULL),
(1545, 1836, 561, NULL, NULL),
(1546, 1837, 562, NULL, NULL),
(1547, 1838, 563, NULL, NULL),
(1548, 1839, 564, NULL, NULL),
(1549, 1840, 565, NULL, NULL),
(1550, 1841, 526, NULL, NULL),
(1551, 1842, 566, NULL, NULL),
(1552, 1843, 567, NULL, NULL),
(1553, 1844, 568, NULL, NULL),
(1554, 1845, 569, NULL, NULL),
(1555, 1846, 570, NULL, NULL),
(1556, 1847, 571, NULL, NULL),
(1557, 1848, 572, NULL, NULL),
(1558, 1849, 573, NULL, NULL),
(1559, 1850, 564, NULL, NULL),
(1560, 1851, 574, NULL, NULL),
(1561, 1852, 526, NULL, NULL),
(1562, 1853, 575, NULL, NULL),
(1563, 1854, 576, NULL, NULL),
(1564, 1855, 577, NULL, NULL),
(1565, 1856, 578, NULL, NULL),
(1566, 1857, 579, NULL, NULL),
(1567, 1858, 580, NULL, NULL),
(1568, 1859, 581, NULL, NULL),
(1569, 1860, 582, NULL, NULL),
(1570, 1861, 583, NULL, NULL),
(1571, 1862, 584, NULL, NULL),
(1572, 1863, 585, NULL, NULL),
(1573, 1864, 586, NULL, NULL),
(1574, 1865, 587, NULL, NULL),
(1575, 1866, 588, NULL, NULL),
(1576, 1867, 589, NULL, NULL),
(1577, 1868, 590, NULL, NULL),
(1578, 1869, 591, NULL, NULL),
(1579, 1870, 592, NULL, NULL),
(1580, 1871, 593, NULL, NULL),
(1581, 1872, 594, NULL, NULL),
(1582, 1873, 594, NULL, NULL),
(1583, 1874, 594, NULL, NULL),
(1584, 1875, 594, NULL, NULL),
(1585, 1876, 594, NULL, NULL),
(1586, 1877, 594, NULL, NULL),
(1587, 1878, 594, NULL, NULL),
(1588, 1879, 594, NULL, NULL),
(1589, 1880, 594, NULL, NULL),
(1590, 1881, 594, NULL, NULL),
(1591, 1882, 594, NULL, NULL),
(1592, 1883, 594, NULL, NULL),
(1593, 1884, 594, NULL, NULL),
(1594, 1885, 594, NULL, NULL),
(1595, 1886, 594, NULL, NULL),
(1596, 1887, 594, NULL, NULL),
(1597, 1888, 594, NULL, NULL),
(1598, 1889, 594, NULL, NULL),
(1599, 1890, 594, NULL, NULL),
(1600, 1891, 594, NULL, NULL),
(1601, 1892, 594, NULL, NULL),
(1602, 1893, 594, NULL, NULL),
(1603, 1894, 594, NULL, NULL),
(1604, 1895, 594, NULL, NULL),
(1605, 1896, 594, NULL, NULL),
(1606, 1897, 594, NULL, NULL),
(1607, 1898, 594, NULL, NULL),
(1608, 1899, 543, NULL, NULL),
(1609, 1900, 545, NULL, NULL),
(1610, 1901, 547, NULL, NULL),
(1611, 1902, 549, NULL, NULL),
(1612, 1903, 550, NULL, NULL),
(1613, 1904, 551, NULL, NULL),
(1614, 1905, 552, NULL, NULL),
(1615, 1906, 543, NULL, NULL),
(1616, 1907, 545, NULL, NULL),
(1617, 1908, 547, NULL, NULL),
(1618, 1909, 549, NULL, NULL),
(1619, 1910, 595, NULL, NULL),
(1620, 1911, 551, NULL, NULL),
(1621, 1912, 552, NULL, NULL),
(1622, 1913, 559, NULL, NULL),
(1623, 1914, 526, NULL, NULL),
(1624, 1915, 596, NULL, NULL),
(1625, 1916, 597, NULL, NULL),
(1626, 1917, 598, NULL, NULL),
(1627, 1918, 599, NULL, NULL),
(1628, 1919, 600, NULL, NULL),
(1629, 1919, 601, NULL, NULL),
(1630, 1920, 600, NULL, NULL),
(1631, 1920, 601, NULL, NULL),
(1632, 1921, 600, NULL, NULL),
(1633, 1921, 601, NULL, NULL),
(1634, 1922, 600, NULL, NULL),
(1635, 1922, 601, NULL, NULL),
(1636, 1923, 600, NULL, NULL),
(1637, 1923, 601, NULL, NULL),
(1638, 1924, 602, NULL, NULL),
(1639, 1924, 601, NULL, NULL),
(1640, 1925, 602, NULL, NULL),
(1641, 1925, 601, NULL, NULL),
(1642, 1926, 602, NULL, NULL),
(1643, 1926, 601, NULL, NULL),
(1644, 1927, 602, NULL, NULL),
(1645, 1927, 601, NULL, NULL),
(1646, 1928, 602, NULL, NULL),
(1647, 1928, 601, NULL, NULL),
(1648, 1929, 600, NULL, NULL),
(1649, 1929, 603, NULL, NULL),
(1650, 1930, 600, NULL, NULL),
(1651, 1930, 604, NULL, NULL),
(1652, 1931, 600, NULL, NULL),
(1653, 1931, 605, NULL, NULL),
(1654, 1932, 602, NULL, NULL),
(1655, 1932, 605, NULL, NULL),
(1656, 1933, 606, NULL, NULL),
(1657, 1933, 607, NULL, NULL),
(1658, 1934, 606, NULL, NULL),
(1659, 1934, 607, NULL, NULL),
(1660, 1935, 606, NULL, NULL),
(1661, 1935, 607, NULL, NULL),
(1662, 1936, 606, NULL, NULL),
(1663, 1936, 607, NULL, NULL),
(1664, 1937, 606, NULL, NULL),
(1665, 1937, 607, NULL, NULL),
(1666, 1938, 608, NULL, NULL),
(1667, 1938, 607, NULL, NULL),
(1668, 1939, 608, NULL, NULL),
(1669, 1939, 607, NULL, NULL),
(1670, 1940, 608, NULL, NULL),
(1671, 1940, 607, NULL, NULL),
(1672, 1941, 608, NULL, NULL),
(1673, 1941, 607, NULL, NULL),
(1674, 1942, 608, NULL, NULL),
(1675, 1942, 607, NULL, NULL),
(1676, 1943, 606, NULL, NULL),
(1677, 1943, 609, NULL, NULL),
(1678, 1944, 606, NULL, NULL),
(1679, 1944, 610, NULL, NULL),
(1680, 1945, 606, NULL, NULL),
(1681, 1945, 611, NULL, NULL),
(1682, 1946, 608, NULL, NULL),
(1683, 1946, 611, NULL, NULL),
(1684, 1947, 612, NULL, NULL),
(1685, 1948, 613, NULL, NULL),
(1686, 1949, 613, NULL, NULL),
(1687, 1950, 614, NULL, NULL),
(1688, 1951, 615, NULL, NULL),
(1689, 1952, 616, NULL, NULL),
(1690, 1952, 617, NULL, NULL),
(1691, 1953, 616, NULL, NULL),
(1692, 1953, 607, NULL, NULL),
(1693, 1954, 616, NULL, NULL),
(1694, 1954, 607, NULL, NULL),
(1695, 1955, 616, NULL, NULL),
(1696, 1955, 607, NULL, NULL),
(1697, 1956, 616, NULL, NULL),
(1698, 1956, 607, NULL, NULL),
(1699, 1957, 616, NULL, NULL),
(1700, 1957, 618, NULL, NULL),
(1701, 1958, 616, NULL, NULL),
(1702, 1958, 618, NULL, NULL),
(1703, 1959, 616, NULL, NULL),
(1704, 1959, 618, NULL, NULL),
(1705, 1960, 616, NULL, NULL),
(1706, 1960, 618, NULL, NULL),
(1707, 1961, 616, NULL, NULL),
(1708, 1961, 619, NULL, NULL),
(1709, 1962, 616, NULL, NULL),
(1710, 1962, 619, NULL, NULL),
(1711, 1963, 616, NULL, NULL),
(1712, 1963, 619, NULL, NULL),
(1713, 1964, 616, NULL, NULL),
(1714, 1964, 619, NULL, NULL),
(1715, 1965, 616, NULL, NULL),
(1716, 1965, 620, NULL, NULL),
(1717, 1966, 616, NULL, NULL),
(1718, 1966, 620, NULL, NULL),
(1719, 1967, 616, NULL, NULL),
(1720, 1967, 620, NULL, NULL),
(1721, 1968, 616, NULL, NULL),
(1722, 1968, 620, NULL, NULL),
(1723, 1969, 616, NULL, NULL),
(1724, 1969, 621, NULL, NULL),
(1725, 1970, 616, NULL, NULL),
(1726, 1970, 622, NULL, NULL),
(1727, 1971, 616, NULL, NULL),
(1728, 1971, 623, NULL, NULL),
(1729, 1972, 616, NULL, NULL),
(1730, 1972, 623, NULL, NULL),
(1731, 1973, 616, NULL, NULL),
(1732, 1973, 623, NULL, NULL),
(1733, 1974, 616, NULL, NULL),
(1734, 1974, 623, NULL, NULL),
(1735, 1975, 616, NULL, NULL),
(1736, 1975, 623, NULL, NULL),
(1737, 1976, 616, NULL, NULL),
(1738, 1976, 623, NULL, NULL),
(1739, 1977, 616, NULL, NULL),
(1740, 1977, 624, NULL, NULL),
(1741, 1978, 616, NULL, NULL),
(1742, 1978, 624, NULL, NULL),
(1743, 1979, 616, NULL, NULL),
(1744, 1979, 624, NULL, NULL),
(1745, 1980, 616, NULL, NULL),
(1746, 1980, 624, NULL, NULL),
(1747, 1981, 617, NULL, NULL),
(1748, 1981, 607, NULL, NULL),
(1749, 1982, 617, NULL, NULL),
(1750, 1982, 607, NULL, NULL),
(1751, 1983, 617, NULL, NULL),
(1752, 1983, 607, NULL, NULL),
(1753, 1984, 617, NULL, NULL),
(1754, 1984, 607, NULL, NULL),
(1755, 1985, 617, NULL, NULL),
(1756, 1985, 618, NULL, NULL),
(1757, 1986, 617, NULL, NULL),
(1758, 1986, 618, NULL, NULL),
(1759, 1987, 617, NULL, NULL),
(1760, 1987, 618, NULL, NULL),
(1761, 1988, 617, NULL, NULL),
(1762, 1988, 618, NULL, NULL),
(1763, 1989, 617, NULL, NULL),
(1764, 1989, 607, NULL, NULL),
(1765, 1990, 617, NULL, NULL),
(1766, 1990, 619, NULL, NULL),
(1767, 1991, 617, NULL, NULL),
(1768, 1991, 619, NULL, NULL),
(1769, 1992, 617, NULL, NULL),
(1770, 1992, 619, NULL, NULL),
(1771, 1993, 617, NULL, NULL),
(1772, 1993, 619, NULL, NULL),
(1773, 1994, 625, NULL, NULL),
(1774, 1995, 625, NULL, NULL),
(1775, 1996, 625, NULL, NULL),
(1776, 1997, 625, NULL, NULL),
(1777, 1998, 625, NULL, NULL),
(1778, 1999, 625, NULL, NULL),
(1779, 2000, 625, NULL, NULL),
(1780, 2001, 625, NULL, NULL),
(1781, 2002, 626, NULL, NULL),
(1782, 2003, 627, NULL, NULL),
(1783, 2004, 628, NULL, NULL),
(1784, 2005, 629, NULL, NULL),
(1785, 2006, 630, NULL, NULL),
(1786, 2007, 631, NULL, NULL),
(1787, 2008, 632, NULL, NULL),
(1788, 2009, 633, NULL, NULL),
(1789, 2010, 634, NULL, NULL),
(1790, 2011, 635, NULL, NULL),
(1791, 2012, 636, NULL, NULL),
(1792, 2013, 637, NULL, NULL),
(1793, 2014, 638, NULL, NULL),
(1794, 2015, 639, NULL, NULL),
(1795, 2016, 640, NULL, NULL),
(1796, 2017, 641, NULL, NULL),
(1797, 2018, 642, NULL, NULL),
(1798, 2019, 643, NULL, NULL),
(1799, 2020, 644, NULL, NULL),
(1800, 2021, 645, NULL, NULL),
(1801, 2022, 636, NULL, NULL),
(1802, 2023, 637, NULL, NULL),
(1803, 2024, 638, NULL, NULL),
(1804, 2025, 639, NULL, NULL),
(1805, 2026, 640, NULL, NULL),
(1806, 2027, 641, NULL, NULL),
(1807, 2028, 642, NULL, NULL),
(1808, 2029, 646, NULL, NULL),
(1809, 2030, 647, NULL, NULL),
(1810, 2031, 648, NULL, NULL),
(1811, 2032, 649, NULL, NULL),
(1822, 2043, 660, NULL, NULL),
(1823, 2044, 661, NULL, NULL),
(1824, 2045, 662, NULL, NULL),
(1825, 2046, 663, NULL, NULL),
(1826, 2047, 664, NULL, NULL),
(1827, 2048, 665, NULL, NULL),
(1828, 2049, 666, NULL, NULL),
(1829, 2050, 667, NULL, NULL),
(1830, 2051, 668, NULL, NULL),
(1831, 2052, 669, NULL, NULL),
(1832, 2053, 670, NULL, NULL),
(1833, 2054, 671, NULL, NULL),
(1834, 2055, 672, NULL, NULL),
(1835, 2056, 672, NULL, NULL),
(1836, 2057, 673, NULL, NULL),
(1837, 2058, 673, NULL, NULL),
(1838, 2059, 650, NULL, NULL),
(1839, 2060, 651, NULL, NULL),
(1840, 2061, 652, NULL, NULL),
(1841, 2062, 650, NULL, NULL),
(1842, 2063, 651, NULL, NULL),
(1843, 2064, 652, NULL, NULL),
(1844, 2065, 653, NULL, NULL),
(1845, 2066, 654, NULL, NULL),
(1846, 2067, 655, NULL, NULL),
(1847, 2068, 656, NULL, NULL),
(1848, 2069, 657, NULL, NULL),
(1849, 2070, 658, NULL, NULL),
(1850, 2071, 659, NULL, NULL),
(1851, 2072, 674, NULL, NULL),
(1852, 2072, 675, NULL, NULL),
(1853, 2073, 674, NULL, NULL),
(1854, 2073, 675, NULL, NULL),
(1855, 2074, 674, NULL, NULL),
(1856, 2074, 675, NULL, NULL),
(1857, 2075, 674, NULL, NULL),
(1858, 2075, 675, NULL, NULL),
(1859, 2076, 674, NULL, NULL),
(1860, 2076, 675, NULL, NULL),
(1861, 2077, 676, NULL, NULL),
(1862, 2077, 675, NULL, NULL),
(1863, 2078, 676, NULL, NULL),
(1864, 2078, 675, NULL, NULL),
(1865, 2079, 676, NULL, NULL),
(1866, 2079, 675, NULL, NULL),
(1867, 2080, 676, NULL, NULL),
(1868, 2080, 675, NULL, NULL),
(1869, 2081, 676, NULL, NULL),
(1870, 2081, 675, NULL, NULL),
(1871, 2082, 674, NULL, NULL),
(1872, 2082, 677, NULL, NULL),
(1873, 2083, 674, NULL, NULL),
(1874, 2083, 678, NULL, NULL),
(1875, 2084, 674, NULL, NULL),
(1876, 2084, 679, NULL, NULL),
(1877, 2085, 676, NULL, NULL),
(1878, 2085, 679, NULL, NULL),
(1879, 2086, 680, NULL, NULL),
(1880, 2087, 681, NULL, NULL),
(1881, 2088, 681, NULL, NULL),
(1882, 2089, 682, NULL, NULL),
(1883, 2090, 683, NULL, NULL),
(1884, 2091, 684, NULL, NULL),
(1885, 2091, 685, NULL, NULL),
(1886, 2092, 684, NULL, NULL),
(1887, 2092, 675, NULL, NULL),
(1888, 2093, 684, NULL, NULL),
(1889, 2093, 675, NULL, NULL),
(1890, 2094, 684, NULL, NULL),
(1891, 2094, 675, NULL, NULL),
(1892, 2095, 684, NULL, NULL),
(1893, 2095, 675, NULL, NULL),
(1894, 2096, 684, NULL, NULL),
(1895, 2096, 686, NULL, NULL),
(1896, 2097, 684, NULL, NULL),
(1897, 2097, 686, NULL, NULL),
(1898, 2098, 684, NULL, NULL),
(1899, 2098, 686, NULL, NULL),
(1900, 2099, 684, NULL, NULL),
(1901, 2099, 686, NULL, NULL),
(1902, 2100, 684, NULL, NULL),
(1903, 2100, 687, NULL, NULL),
(1904, 2101, 684, NULL, NULL),
(1905, 2101, 687, NULL, NULL),
(1906, 2102, 684, NULL, NULL),
(1907, 2102, 687, NULL, NULL),
(1908, 2103, 684, NULL, NULL),
(1909, 2103, 687, NULL, NULL),
(1910, 2104, 684, NULL, NULL),
(1911, 2104, 688, NULL, NULL),
(1912, 2105, 684, NULL, NULL),
(1913, 2105, 688, NULL, NULL),
(1914, 2106, 684, NULL, NULL),
(1915, 2106, 688, NULL, NULL),
(1916, 2107, 684, NULL, NULL),
(1917, 2107, 688, NULL, NULL),
(1918, 2108, 684, NULL, NULL),
(1919, 2108, 689, NULL, NULL),
(1920, 2109, 684, NULL, NULL),
(1921, 2109, 690, NULL, NULL),
(1922, 2110, 684, NULL, NULL),
(1923, 2110, 673, NULL, NULL),
(1924, 2111, 684, NULL, NULL),
(1925, 2111, 673, NULL, NULL),
(1926, 2112, 684, NULL, NULL),
(1927, 2112, 673, NULL, NULL),
(1928, 2113, 684, NULL, NULL),
(1929, 2113, 673, NULL, NULL),
(1930, 2114, 684, NULL, NULL),
(1931, 2114, 673, NULL, NULL),
(1932, 2115, 684, NULL, NULL),
(1933, 2115, 673, NULL, NULL),
(1934, 2116, 684, NULL, NULL),
(1935, 2116, 691, NULL, NULL),
(1936, 2117, 684, NULL, NULL),
(1937, 2117, 691, NULL, NULL),
(1938, 2118, 684, NULL, NULL),
(1939, 2118, 691, NULL, NULL),
(1940, 2119, 684, NULL, NULL),
(1941, 2119, 691, NULL, NULL),
(1942, 2120, 685, NULL, NULL),
(1943, 2120, 675, NULL, NULL),
(1944, 2121, 685, NULL, NULL),
(1945, 2121, 675, NULL, NULL),
(1946, 2122, 685, NULL, NULL),
(1947, 2122, 675, NULL, NULL),
(1948, 2123, 685, NULL, NULL),
(1949, 2123, 675, NULL, NULL),
(1950, 2124, 685, NULL, NULL),
(1951, 2124, 686, NULL, NULL),
(1952, 2125, 685, NULL, NULL),
(1953, 2125, 686, NULL, NULL),
(1954, 2126, 685, NULL, NULL),
(1955, 2126, 686, NULL, NULL),
(1956, 2127, 685, NULL, NULL),
(1957, 2127, 686, NULL, NULL),
(1958, 2128, 685, NULL, NULL),
(1959, 2128, 675, NULL, NULL),
(1960, 2129, 685, NULL, NULL),
(1961, 2129, 687, NULL, NULL),
(1962, 2130, 685, NULL, NULL),
(1963, 2130, 687, NULL, NULL),
(1964, 2131, 685, NULL, NULL),
(1965, 2131, 687, NULL, NULL),
(1966, 2132, 685, NULL, NULL),
(1967, 2132, 687, NULL, NULL),
(1968, 2133, 692, NULL, NULL),
(1969, 2134, 692, NULL, NULL),
(1970, 2135, 692, NULL, NULL),
(1971, 2136, 692, NULL, NULL),
(1972, 2137, 692, NULL, NULL),
(1973, 2138, 692, NULL, NULL),
(1974, 2139, 692, NULL, NULL),
(1975, 2140, 692, NULL, NULL);

-- --------------------------------------------------------

--
-- Štruktúra tabuľky pre tabuľku `tag_test_set`
--

CREATE TABLE `tag_test_set` (
  `id` int(11) NOT NULL,
  `test_set_id` int(11) DEFAULT NULL,
  `tag_set_id` int(11) DEFAULT NULL
) ENGINE=InnoDB DEFAULT CHARSET=utf8 COLLATE=utf8_slovak_ci;

--
-- Sťahujem dáta pre tabuľku `tag_test_set`
--

INSERT INTO `tag_test_set` (`id`, `test_set_id`, `tag_set_id`) VALUES
(256, 448, 152),
(257, 449, 153),
(258, 450, 154),
(259, 451, 155),
(260, 452, 156),
(261, 453, 157),
(264, 456, 160),
(266, 458, 162),
(267, 459, 163),
(268, 460, 164),
(269, 461, 165),
(270, 462, 166),
(271, 463, 167),
(272, 464, 168),
(273, 465, 169),
(274, 466, 170),
(275, 467, 171),
(277, 469, 173),
(278, 470, 174),
(279, 471, 175),
(280, 472, 176),
(281, 473, 177),
(282, 474, 178),
(283, 475, 179),
(284, 476, 180),
(285, 477, 181),
(286, 478, 182),
(287, 479, 183),
(289, 481, 185),
(290, 482, 186),
(291, 483, 187),
(292, 484, 184),
(293, 485, 188),
(294, 486, 189),
(295, 487, 190);

-- --------------------------------------------------------

--
-- Štruktúra tabuľky pre tabuľku `test_case`
--

CREATE TABLE `test_case` (
  `id` int(11) NOT NULL,
  `name` varchar(150) COLLATE utf8_slovak_ci DEFAULT NULL,
  `description` text COLLATE utf8_slovak_ci,
  `result` text COLLATE utf8_slovak_ci,
  `priority` int(11) DEFAULT '1',
  `approved` int(11) DEFAULT '0',
  `creator_id` int(11) NOT NULL,
  `create_date` timestamp NOT NULL DEFAULT CURRENT_TIMESTAMP ON UPDATE CURRENT_TIMESTAMP,
  `test_set_id` int(11) NOT NULL,
  `application_id` int(11) DEFAULT NULL,
  `environment_id` int(11) DEFAULT NULL,
  `module_id` int(11) DEFAULT NULL
) ENGINE=InnoDB DEFAULT CHARSET=utf8 COLLATE=utf8_slovak_ci;

--
-- Sťahujem dáta pre tabuľku `test_case`
--

INSERT INTO `test_case` (`id`, `name`, `description`, `result`, `priority`, `approved`, `creator_id`, `create_date`, `test_set_id`, `application_id`, `environment_id`, `module_id`) VALUES
(1262, 'Projects_CreateProjects_Name_Diacritical_POS', 'Vytvoření projektu v modulu Projekt - vyplnění kolonky Název znaky s diakritikou.', 'Vytvořený projekt.', 2, 0, 73, '2018-05-24 12:16:34', 448, NULL, NULL, NULL),
(1263, 'Projects_CreateProjects_Name_NonDiacritical_POS', 'Vytvoření projektu v modulu Projekt - vyplnění kolonky Název znaky bez diakritiky.', 'Vytvořený projekt.', 2, 0, 73, '2018-05-24 12:16:34', 448, NULL, NULL, NULL),
(1264, 'Projects_CreateProjects_Name_Numbers_POS', 'Vytvoření projektu v modulu Projekt - vyplnění kolonky Název čísly.', 'Vytvořený projekt.', 2, 0, 73, '2018-05-24 12:16:34', 448, NULL, NULL, NULL),
(1265, 'Projects_CreateProjects_Name_Special_POS', 'Vytvoření projektu v modulu Projekt - vyplnění kolonky Název speciálními znaky.', 'Vytvořený projekt.', 2, 0, 73, '2018-05-24 12:16:34', 448, NULL, NULL, NULL),
(1266, 'Projects_CreateProjects_Name_EmptyName_NEG', 'Vytvoření projektu v modulu Projekt -  nevyplnění kolonky Název.', 'Nevytvořený projekt.', 2, 0, 73, '2018-05-24 12:16:34', 448, NULL, NULL, NULL),
(1267, 'Projects_CreateProjects_Name_SpaceBar_NEG', 'Vytvoření projektu v modulu Projekt- vyplnění kolonky Název mezerami/spacebar.', 'Nevytvořený projekt.', 2, 0, 73, '2018-05-24 12:16:34', 448, NULL, NULL, NULL),
(1268, 'Projects_CreateProjects_Name_Duplicity_NEG', 'Vytvoření projektu v modulu Projekt - vyplnění kolonky Název již exustijícím(stejným Názvem)', 'Nevytvořený projekt.', 2, 0, 73, '2018-05-24 12:16:34', 448, NULL, NULL, NULL),
(1269, 'Projects_CreateProjects_Description_Diacritical_POS', 'Vytvoření projektu v modulu Projekt - vyplnění kolonky Popis znaky s diakritikou.', 'Vytvořený projekt.', 2, 0, 73, '2018-05-24 12:16:34', 448, NULL, NULL, NULL),
(1270, 'Projects_CreateProjects_Description_NonDiacritical_POS', 'Vytvoření projektu v modulu Projekt - vyplnění kolonky Popis znaky bez diakritiky.', 'Vytvořený projekt.', 2, 0, 73, '2018-05-24 12:16:34', 448, NULL, NULL, NULL),
(1271, 'Projects_CreateProjects_Description_Numbers_POS', 'Vytvoření projektu v modulu Projekt - vyplnění kolonky Popis čísly.', 'Vytvořený projekt.', 2, 0, 73, '2018-05-24 12:16:34', 448, NULL, NULL, NULL),
(1272, 'Projects_CreateProjects_Description_Special_POS', 'Vytvoření projektu v modulu Projekt - vyplnění kolonky Popis speciálními znaky.', 'Vytvořený projekt.', 2, 0, 73, '2018-05-24 12:16:34', 448, NULL, NULL, NULL),
(1273, 'Projects_CreateProjects_Description_EmptyDescription_POS', 'Vytvoření projektu v modulu Projekt - nevyplnění kolonky Popis.', 'Vytvořený projekt.', 2, 0, 73, '2018-05-24 12:16:34', 448, NULL, NULL, NULL),
(1274, 'Projects_CreateProjects_Description_SpaceBar_POS', 'Vytvoření projektu v modulu Projekt - vyplnění kolonky Popis mezerami/spacebar.', 'Vytvořený projekt.', 2, 0, 73, '2018-05-24 12:16:34', 448, NULL, NULL, NULL),
(1275, 'Projects_CreateProjects_Description_Duplicity_POS', 'Vytvoření projektu v modulu Projekt - vyplnění kolonky Popis již existujícím Popisem.', 'Vytvořený projekt.', 2, 0, 73, '2018-05-24 12:16:34', 448, NULL, NULL, NULL),
(1276, 'Projects_CreateProjects_Close_POS', 'Vytvoření projektu v modulu Projekt - zavření okna na vytvoření Projektu.', 'Vytvořený projekt.', 2, 0, 73, '2018-05-24 12:16:34', 448, NULL, NULL, NULL),
(1277, 'Projects_tableOfProjects_TableView_POS', 'Úprava zobrazení tabulky v modulu Projects. ', 'Upravené zobrazení tabulky Projects.', 1, 0, 73, '2018-05-24 12:16:34', 448, NULL, NULL, NULL),
(1278, 'Projects_tableOfProjects_CountOfProjects_POS', 'Počet zobrazených Projektů v tabulce Projects v modulu Projects ', 'Zobrazení jiného počtu Projektů v tabulce Projects', 1, 0, 73, '2018-05-24 12:16:34', 448, NULL, NULL, NULL),
(1279, 'Projects_tableOfProjects_ArchiveOfProjects_POS', 'Zobrazení archivu Projektů v module Projects.', 'Zobrazení archivu Projektů v module Projects.', 1, 0, 73, '2018-05-24 12:16:34', 448, NULL, NULL, NULL),
(1280, 'Projects_ArchiveOfProjects_CountOfProjects_POS', 'Počet zobrazených Projektů v Archivu Projects v modulu Projects ', 'Zobrazení jiného počtu Projektů v Archivu Projects', 1, 0, 73, '2018-05-24 12:16:34', 448, NULL, NULL, NULL),
(1281, 'Projects_ArchiveOfProjects_TableView_POS', 'Úprava zobrazení tabulky Archivu v modulu Projects. ', 'Upravené zobrazení tabulky v Archivu Projects.', 1, 0, 73, '2018-05-24 12:16:34', 448, NULL, NULL, NULL),
(1282, 'Settings_GeneralSettings_EditProjectName_Diakritic_POS', 'Vyplnění kolonky název pomocí znaků s diakritikou', 'Výsledkem je, že Projekt bude mít v názvu znaky s diakritikou ', 3, 0, 73, '2018-05-24 12:16:47', 449, NULL, NULL, NULL),
(1283, 'Settings_GeneralSettings_EditProjectName_Number_POS', 'Vyplnění kolonky název pomocí čísel', 'Výsledkem je, že Projekt bude mít v názvu čísla', 3, 0, 73, '2018-05-24 12:16:47', 449, NULL, NULL, NULL),
(1284, 'Settings_GeneralSettings_EditProjectName_SpecialCharacters_POS', 'Vyplnění kolonky název pomocí Speciálních znaků.', 'Výsledkem je, že Projekt bude mít v názvu Speciální znaky.', 3, 0, 73, '2018-05-24 12:16:47', 449, NULL, NULL, NULL),
(1285, 'Settings_GeneralSettings_EditProjectName_Empty_NEG', 'Do kolonky název vůbec nic nenapíše', 'Název projektu se nezmění.', 3, 0, 73, '2018-05-24 12:16:47', 449, NULL, NULL, NULL),
(1286, 'Settings_GeneralSettings_EditProjectName_Duplicate_NEG', 'Vyplnění kolonky název stejným názvem který už byl použit u jiného Projektu', 'Projekt se nemůže mít stejný název jako jiný', 3, 0, 73, '2018-05-24 12:16:47', 449, NULL, NULL, NULL),
(1287, 'Settings_GeneralSettings_EditDescription_Diakritic_POS', 'Vyplnění kolonky popis pomocí znaků s diakritikou', 'Výsledkem je, že Projekt bude mít v popise znaky s diakritikou ', 3, 0, 73, '2018-05-24 12:16:47', 449, NULL, NULL, NULL),
(1288, 'Settings_GeneralSettings_EditDescription_Number_POS', 'Vyplnění kolonky Popis pomocí čísel', 'Výsledkem je, že Projekt bude mít v popisu čísla', 3, 0, 73, '2018-05-24 12:16:47', 449, NULL, NULL, NULL),
(1289, 'Settings_GeneralSettings_EditDescription_SpecialCharacters_POS', 'Vyplnění kolonky popis pomocí Speciálních znaků.', 'Výsledkem je, že Projekt bude mít v popis Speciální znaky.', 3, 0, 73, '2018-05-24 12:16:47', 449, NULL, NULL, NULL),
(1290, 'Settings_GeneralSettings_EditDescription_Empty_Pos', 'Do kolonky popis vůbec nic nenapíše', 'Popis projektu bude prázdný', 3, 0, 73, '2018-05-24 12:16:47', 449, NULL, NULL, NULL),
(1291, 'Settings_GeneralSettings_EditDescription_Duplicate_POS', 'Vyplnění kolonky popis stejným popisem který už byl použit u jiného Projektu', 'Popis projektu bude stejný jako u jiného projektu', 3, 0, 73, '2018-05-24 12:16:47', 449, NULL, NULL, NULL),
(1292, 'Settings_ProjectRoles_Selection_Empty_POS', 'Projektové role nebudou přiřazeny žádnému určitému uživateli', 'V projektu bude každý moci vytvářet nové věci aj.', 3, 0, 73, '2018-05-24 12:16:47', 449, NULL, NULL, NULL),
(1293, 'Settings_ProjectRoles_Selection_POS', 'Přiřaďte projektové role jednotlivým uživatelům', 'V projektu budou dělat jen lidé kteří byly přiřazeni k projektu', 3, 0, 73, '2018-05-24 12:16:47', 449, NULL, NULL, NULL),
(1294, 'Settings_OtherSettings_Archive_POS', 'Archivování projektu', 'Projekt bude přesunut do archivu', 3, 0, 73, '2018-05-24 12:16:47', 449, NULL, NULL, NULL),
(1295, 'Settings_OtherSettings_Remove_POS', 'Odstranění projektu', 'Projekt se odstraní', 3, 0, 73, '2018-05-24 12:16:47', 449, NULL, NULL, NULL),
(1296, 'Settings_Services_SetIssueTracker_POS', 'Nastavení jiného Issue trackera', 'Jiný Issue Tracket', 3, 0, 73, '2018-05-24 12:16:47', 449, NULL, NULL, NULL),
(1297, 'Release/Camp_CreateRelease/Camp_Name_Diacritical_POS', 'Vytvoření kampaně v modulu Release/Camp - vyplnění kolonky Název znaky s diakritikou.', 'Vytvořená kampaň', 1, 0, 73, '2018-05-24 12:16:55', 450, NULL, NULL, NULL),
(1298, 'Release/Camp_CreateRelease/Camp_Name_NonDiacritical_POS', 'Vytvoření kampaně v modulu Release/Camp - vyplnění kolonky Název znaky bez diakritiky.', 'Vytvořená kampaň', 1, 0, 73, '2018-05-24 12:16:55', 450, NULL, NULL, NULL),
(1299, 'Release/Camp_CreateRelease/Camp_Name_Numbers_POS', 'Vytvoření kampaně v modulu Release/Camp - vyplnění kolonky Název pomocí čísel.', 'Vytvořená kampaň', 1, 0, 73, '2018-05-24 12:16:55', 450, NULL, NULL, NULL),
(1300, 'Release/Camp_CreateRelease/Camp_Name_Special_POS', 'Vytvoření kampaně v modulu Release/Camp - vyplnění kolonky Název pomocí speciálních znaků.', 'Vytvořená kampaň', 1, 0, 73, '2018-05-24 12:16:55', 450, NULL, NULL, NULL),
(1301, 'Release/Camp_CreateRelease/Camp_Name_Empty_NEG', 'Vytvoření kampaně v modulu Release/Camp - nevyplnění kolonky Název.', 'Nevytvořená kampaň.', 1, 0, 73, '2018-05-24 12:16:55', 450, NULL, NULL, NULL),
(1302, 'Release/Camp_CreateRelease/Camp_Name_SpaceBar_NEG', 'Vytvoření kampaně v modulu Release/Camp - vyplnění kolonky Název mezerami/spacebar.', 'Nevytvořená kampaň.', 1, 0, 73, '2018-05-24 12:16:55', 450, NULL, NULL, NULL),
(1303, 'Release/Camp_CreateRelease/Camp_Name_Duplicity_NEG 257080080', 'Vytvoření kampaně v modulu Release/Camp - vyplnění kolonky Název již existujícím(stejným Názvem).', 'Nevytvořená kampaň.', 1, 0, 73, '2018-05-24 12:16:55', 450, NULL, NULL, NULL),
(1304, 'Release/Camp_ShowRelease/Camp_POS', 'Zobrazení dané kampaně v modulu Release/Camp - otevření Dashboardu(nástěnky)', 'Otevře se Dashboard kampaně.', 1, 0, 73, '2018-05-24 12:16:55', 450, NULL, NULL, NULL),
(1305, 'Release/Camp_DeleteRelease/Camp_POS', 'Smazání dané kampaně v modulu Release/Camp - odstranění kampaně', 'Odstraní se Dashboard kampaně.', 1, 0, 73, '2018-05-24 12:16:55', 450, NULL, NULL, NULL),
(1306, 'Release/Camp_Delete_CloseRelease/Camp_POS', 'Smazání dané kampaně v modulu Release/Camp - zrušení smazání kampaně', 'Neodstraní se Dashboard kampaně.', 1, 0, 73, '2018-05-24 12:16:55', 450, NULL, NULL, NULL),
(1307, 'Release/Camp_tableOfRelease/Camp_CountOfRelease/Camp_POS', 'Počet zobrazených kampaní v tabulce Release/Camp v modulu Release/Camp ', 'Zobrazení jiného počtu kampaní v tabulce Release/Camp', 1, 0, 73, '2018-05-24 12:16:55', 450, NULL, NULL, NULL),
(1308, 'Release/Camp_tableOfRelease/Camp_TableView_POS', 'Úprava zobrazení tabulky v modulu Release/Camp. ', 'Upravené zobrazení tabulky Release/Camp.', 1, 0, 73, '2018-05-24 12:16:55', 450, NULL, NULL, NULL),
(1309, 'Release/Camp_Show_AddCommentRelease/Camp_POS', 'Zobrazení dané kampaně v modulu Release/Camp - přidání komentáře.', 'Otevře se Dashboard kampaně. Přidání komentáře.', 1, 0, 73, '2018-05-24 12:16:55', 450, NULL, NULL, NULL),
(1310, 'Release/Camp_Show_AddEmptyCommentRelease/Camp_NEG', 'Zobrazení dané kampaně v modulu Release/Camp - přidání prázdného komentáře .', 'Otevře se Dashboard kampaně. Nepřidá se prázdný komentář.', 1, 0, 73, '2018-05-24 12:16:55', 450, NULL, NULL, NULL),
(1311, 'Release/Camp_EditRelease_OpenEditRelease/Camp_POS', 'Zobrazení uprávení dané kampaně v modulu Release/Camp.', 'Otevře se záložka na úpravu kampaně.', 1, 0, 73, '2018-05-24 12:16:55', 450, NULL, NULL, NULL),
(1312, 'Release/Camp_EditTP_OpenTP_POS', 'Zobrazení uprávení daného Test Plánu z kampaně v modulu Release/Camp.', 'Otevře se záložka na úpravu Test Planu z kampaně.', 1, 0, 73, '2018-05-24 12:16:55', 450, NULL, NULL, NULL),
(1313, 'Release/Camp_DeleteTP_DeleteTPfromRelease_POS', 'Smazání Test Plánu z kampaně v modulu Release/Camp.', 'Smaže se Test Plan z kampaně.', 1, 0, 73, '2018-05-24 12:16:55', 450, NULL, NULL, NULL),
(1314, 'Release/Camp_CloseDeleteTP_DeleteTPfromRelease_POS', 'Nesmazání Test Plánu z kampaně v modulu Release/Camp.', 'Nesmaže se Test Plan z kampaně.', 1, 0, 73, '2018-05-24 12:16:55', 450, NULL, NULL, NULL),
(1315, 'Release/Camp_ShowTP_POS', 'Zobrazení daného Test Plánu  - otevření Dashboardu(nástěnky)', 'Otevře se Dashboard Test Plánu', 1, 0, 73, '2018-05-24 12:16:55', 450, NULL, NULL, NULL),
(1316, 'Release/Camp._EditCampaign_POS', 'Přehled průběhu Kampaně,její milníky a iterace. Možnost Upravení', 'Úprava Release/Camp', 3, 0, 73, '2018-05-24 12:16:55', 450, NULL, NULL, NULL),
(1317, 'Release/Camp._EditCampaign_AddIteration_Name_WithDiakritics_POS', 'Přidání nové iterace, kde v názvu budou znaky s diakritikoi', 'Iterace byla přidána', 3, 0, 73, '2018-05-24 12:16:55', 450, NULL, NULL, NULL),
(1318, 'Release/Camp._EditCampaign_AddIteration_Name_WithoutDiakritics_POS', 'Přidání nové iterace, kde v názvu budou znaky bez diakritikou', 'Iterace byla přidána', 3, 0, 73, '2018-05-24 12:16:55', 450, NULL, NULL, NULL),
(1319, 'Release/Camp._EditCampaign_AddIteration_Name_Numbers_POS', 'Přidání nové iterace, kde v názvu budou čísla', 'Iterace byla přidána', 3, 0, 73, '2018-05-24 12:16:55', 450, NULL, NULL, NULL),
(1320, 'Release/Camp._EditCampaign_AddIteration_Name_SpecialCharacters_POS', 'Přidání nové iterace, kde název bude tvořen pomocí speciálních znaků', 'Iterace byla přidána', 3, 0, 73, '2018-05-24 12:16:55', 450, NULL, NULL, NULL),
(1321, 'Release/Camp._EditCampaign_AddIteration_Name_Empty_NEG', 'Přidání nové iterace, kde název bude prázdný.', 'Iterace se nepřidá', 3, 0, 73, '2018-05-24 12:16:55', 450, NULL, NULL, NULL),
(1322, 'Release/Camp._EditCampaign_AddIteration_Description_WithDiakritics_POS', 'Přidání nové iterace, kde v popisu budou znaky s diakritikoi', 'Iterace byla přidána', 3, 0, 73, '2018-05-24 12:16:55', 450, NULL, NULL, NULL),
(1323, 'Release/Camp._EditCampaign_AddIteration_Description_WithoutDiakritics_POS', 'Přidání nové iterace, kde v popisu budou znaky bez diakritiky', 'Iterace byla přidána', 3, 0, 73, '2018-05-24 12:16:55', 450, NULL, NULL, NULL),
(1324, 'Release/Camp._EditCampaign_AddIteration_Description_SpecialCharacters_POS', 'Přidání nové iterace, kde v popisu budou specialní znaky', 'Iterace byla přidána', 3, 0, 73, '2018-05-24 12:16:55', 450, NULL, NULL, NULL),
(1325, 'Release/Camp._EditCampaign_AddIteration_Description_Numbers_POS', 'Přidání nové iterace, kde v popisu budou čísla', 'Iterace byla přidána', 3, 0, 73, '2018-05-24 12:16:55', 450, NULL, NULL, NULL),
(1326, 'Release/Camp._EditCampaign_AddIteration_Description_Empty_POS', 'Přidání nové iterace, kde popis bude prázdný', 'Iterace byla přidána', 3, 0, 73, '2018-05-24 12:16:55', 450, NULL, NULL, NULL),
(1327, 'Release/Camp._EditCampaign_AddIteration_SelectionFrom_POS', 'Přidání nové iterace, výběr od kdy bude iterece trvat', 'Přidání nové iterace', 3, 0, 73, '2018-05-24 12:16:55', 450, NULL, NULL, NULL),
(1328, 'Release/Camp._EditCampaign_AddIteration_SelectionTo_POS', 'Přidání nové iterace, výběr do kdy bude iterece trvat', 'Přidání nové iterace', 3, 0, 73, '2018-05-24 12:16:55', 450, NULL, NULL, NULL),
(1329, 'Release/Camp._EditCampaign_AddIteration_SelectionColor_POS', 'Přidání nové iterace, výběr barvy iterece.', 'Přidání nové iterace', 3, 0, 73, '2018-05-24 12:16:55', 450, NULL, NULL, NULL),
(1330, 'Release/Camp._EditCampaign_AddMillestones_Name_WithDiakritics_POS', 'Přidání nového milníku, kde v názvu budou znaky s diakritikoi', 'Milník byla přidána', 3, 0, 73, '2018-05-24 12:16:55', 450, NULL, NULL, NULL),
(1331, 'Release/Camp._EditCampaign_AddMillestones_Name_WithoutDiakritics_POS', 'Přidání nového milníku, kde v názvu budou znaky bez diakritikou', 'Milník byla přidána', 3, 0, 73, '2018-05-24 12:16:55', 450, NULL, NULL, NULL),
(1332, 'Release/Camp._EditCampaign_AddMillestones_Name_Numbers_POS', 'Přidání nového milníku, kde v názvu budou čísla', 'Milník byla přidána', 3, 0, 73, '2018-05-24 12:16:55', 450, NULL, NULL, NULL),
(1333, 'Release/Camp._EditCampaign_AddIMillestones_Name_SpecialCharacters_POS', 'Přidání nového milníku, kde název bude tvořen pomocí speciálních znaků', 'Milník byla přidána', 3, 0, 73, '2018-05-24 12:16:55', 450, NULL, NULL, NULL),
(1334, 'Release/Camp._EditCampaign_AddMillestones_Name_Empty_NEG', 'Přidání nového milníku, kde název bude prázdný.', 'Milník se nepřidá', 3, 0, 73, '2018-05-24 12:16:55', 450, NULL, NULL, NULL),
(1335, 'Release/Camp._EditCampaign_AddMillestones_Description_WithDiakritics_POS', 'Přidání nového milníku, kde v popisu budou znaky s diakritikoi', 'Milník byla přidána', 3, 0, 73, '2018-05-24 12:16:55', 450, NULL, NULL, NULL),
(1336, 'Release/Camp._EditCampaign_AddMillestones_Description_WithoutDiakritics_POS', 'Přidání nového milníku, kde v popisu budou znaky bez diakritiky', 'Milník byl přidán', 3, 0, 73, '2018-05-24 12:16:55', 450, NULL, NULL, NULL),
(1337, 'Release/Camp._EditCampaign_AddMillestones_Description_SpecialCharacters_POS', 'Přidání nového milníku, kde v popisu budou specialní znaky', 'Milník byl přidán', 3, 0, 73, '2018-05-24 12:16:55', 450, NULL, NULL, NULL),
(1338, 'Release/Camp._EditCampaign_AddMillestones_Description_Numbers_POS', 'Přidání nového milníku, kde v popisu budou čísla', 'Milník byla přidána', 3, 0, 73, '2018-05-24 12:16:55', 450, NULL, NULL, NULL),
(1339, 'Release/Camp._EditCampaign_AddMillestones_Description_Empty_POS', 'Přidání nového milníku, kde popis bude prázdný', 'Milník byl přidán', 3, 0, 73, '2018-05-24 12:16:55', 450, NULL, NULL, NULL),
(1340, 'Release/Camp._EditCampaign_AddMillestones_SelectionDate_POS', 'Přidání nové iterace, výběr data kdy bude milník probíhat', 'Přidání nového milníku', 3, 0, 73, '2018-05-24 12:16:55', 450, NULL, NULL, NULL),
(1341, 'Release/Camp._EditCampaign_AddMilestone_Importance_POS', 'Přidání nového milníku, výběr důležitosti milníku.', 'Přidání nového milníku', 3, 0, 73, '2018-05-24 12:16:55', 450, NULL, NULL, NULL),
(1342, 'Release/Camp._RemoveCampaign_POS', 'Smazání kampaně', 'Odstranění kampaně', 3, 0, 73, '2018-05-24 12:16:55', 450, NULL, NULL, NULL),
(1343, 'TExecution_Selection_Pos', 'Výběr Test Planu a Test Setu který je chceme testovat', 'Výběr Test Planu a Test Setu', 3, 0, 73, '2018-05-24 12:17:03', 451, NULL, NULL, NULL),
(1344, 'TExecution_Open_Manual_Pos', 'Otevření Test Setu a Testovaní', 'Provedení Test Execution', 3, 0, 73, '2018-05-24 12:17:03', 451, NULL, NULL, NULL),
(1345, 'TExecution_Open_Auto_Pos', 'Otevření Test Setu a Testovaní', 'Provedení Test Execution', 3, 0, 73, '2018-05-24 12:17:03', 451, NULL, NULL, NULL),
(1346, 'TExecution_Open_History_Pos', 'Po provedení Test Execution s e můžeme podívat na Historii jednotlivých kroků', 'Historie Test Setu', 3, 0, 73, '2018-05-24 12:17:03', 451, NULL, NULL, NULL),
(1347, 'TExecution_Open_Issue_Pos', 'Po provedení Test Execution  můžeme vytvořit Issue pokud Test Exekuce nebyla passed', 'Vytvoření Issue', 3, 0, 73, '2018-05-24 12:17:03', 451, NULL, NULL, NULL),
(1348, 'JIRA_Login_POS', 'Přihlášení do Jiry', 'Úspěné přihlášení', 1, 0, 73, '2018-05-24 12:17:40', 452, NULL, NULL, NULL),
(1349, 'JIRA_CreateIssue_Description_Diacritical_POS', 'Založení úlohy v Jira - vyplnění kolonky Popis znaky s diakritikou. ', 'Založení Úlohy', 1, 0, 73, '2018-05-24 12:17:40', 452, NULL, NULL, NULL),
(1350, 'JIRA_CreateIssue_Description_NonDiacritical_POS', 'Založení úlohy v Jira - vyplnění kolonky Popis znaky bez diakritiky. ', 'Založení Úlohy', 1, 0, 73, '2018-05-24 12:17:40', 452, NULL, NULL, NULL),
(1351, 'JIRA_CreateIssue_Description_Numbers_POS', 'Založení úlohy v Jira - vyplnění kolonky Popis čísly. ', 'Založení Úlohy', 1, 0, 73, '2018-05-24 12:17:40', 452, NULL, NULL, NULL),
(1352, 'JIRA_CreateIssue_Description_Special_POS', 'Založení úlohy v Jira - vyplnění kolonky Popis speciálními znaky.', 'Založení Úlohy', 1, 0, 73, '2018-05-24 12:17:40', 452, NULL, NULL, NULL),
(1353, 'JIRA_CreateIssue_Description_EmptyDescription_POS', 'Založení úlohy v Jira - nevyplnění kolonky Popis. ', 'Založení Úlohy', 1, 0, 73, '2018-05-24 12:17:40', 452, NULL, NULL, NULL),
(1354, 'JIRA_CreateIssue_Description_SpaceBar_POS', 'Založení úlohy v Jira  - vyplnění kolonky Popis mezerami/spacebar. ', 'Založení Úlohy', 1, 0, 73, '2018-05-24 12:17:40', 452, NULL, NULL, NULL),
(1355, 'JIRA_CreateIssue_Description_Duplicity_POS', 'Založení úlohy v Jira - vyplnění kolonky Popis již existijícím (stejným) popisem.', 'Založení Úlohy', 1, 0, 73, '2018-05-24 12:17:40', 452, NULL, NULL, NULL),
(1356, 'JIRA_CreateIssue_Priority_POS', 'Založení úlohy v Jira  - zvolení Priority', 'Založení Issue', 1, 0, 73, '2018-05-24 12:17:40', 452, NULL, NULL, NULL),
(1357, 'JIRA_CreateIssue_OriginalTime_POS', 'Založení úlohy v Jira  - vyplnění kolonky Původní odhad.', 'Založení Issue', 1, 0, 73, '2018-05-24 12:17:40', 452, NULL, NULL, NULL),
(1358, 'JIRA_CreateIssue_RemainingTime_POS', 'Založení úlohy v Jira - vyplnění kolonky Odhad zbývajícího', 'Založení Issue', 1, 0, 73, '2018-05-24 12:17:40', 452, NULL, NULL, NULL),
(1359, 'JIRA_CreateIssue_Environment_Diacritical_POS', 'Založení úlohy v Jira - vyplnění kolonky Prostředí znaky s diakritikou. ', 'Založení Úlohy', 1, 0, 73, '2018-05-24 12:17:40', 452, NULL, NULL, NULL),
(1360, 'JIRA_CreateIssue_Environment_NonDiacritical_POS', 'Založení úlohy v Jira - vyplnění kolonky  Prostředí znaky bez diakritiky. ', 'Založení Úlohy', 1, 0, 73, '2018-05-24 12:17:40', 452, NULL, NULL, NULL),
(1361, 'JIRA_CreateIssue_Environment_Numbers_POS', 'Založení úlohy v Jira - vyplnění kolonky  Prostředí  čísly. ', 'Založení Úlohy', 1, 0, 73, '2018-05-24 12:17:40', 452, NULL, NULL, NULL),
(1362, 'JIRA_CreateIssue_Environment_Special_POS', 'Založení úlohy v Jira - vyplnění kolonky  Prostředí  speciálními znaky.', 'Založení Úlohy', 1, 0, 73, '2018-05-24 12:17:40', 452, NULL, NULL, NULL),
(1363, 'JIRA_CreateIssue_Environment_EmptyEnvironment_POS', 'Založení úlohy v Jira - nevyplnění kolonky Prostředí . ', 'Založení Úlohy', 1, 0, 73, '2018-05-24 12:17:40', 452, NULL, NULL, NULL),
(1364, 'JIRA_CreateIssueEnvironment_SpaceBar_POS', 'Založení úlohy v Jira  - vyplnění kolonky  Prostředí mezerami/spacebar. ', 'Založení Úlohy', 1, 0, 73, '2018-05-24 12:17:40', 452, NULL, NULL, NULL),
(1365, 'JIRA_CreateIssue_Environment_Duplicity_POS', 'Založení úlohy v Jira - vyplnění kolonky  Prostředí již existijícím (stejným) popisem.', 'Založení Úlohy', 1, 0, 73, '2018-05-24 12:17:40', 452, NULL, NULL, NULL),
(1366, 'JIRA_CreateIssue_Deadline_POS', 'Založení úlohy v Jira - vyplnění kolonkyTermín dokončení', 'Založení Issue', 1, 0, 73, '2018-05-24 12:17:40', 452, NULL, NULL, NULL),
(1367, 'JIRA_CreateIssue_AssignTo_POS', 'Založení úlohy v Jira - přidání Řešitele', 'Založení Issue', 1, 0, 73, '2018-05-24 12:17:40', 452, NULL, NULL, NULL),
(1368, 'JIRA_CreateIssue_GeneralSettings_POS', 'Nastavení kolonek pro vytrváření Issue', 'Zvětšený/Zmenšený formulář pro Založení Issue', 1, 0, 73, '2018-05-24 12:17:40', 452, NULL, NULL, NULL),
(1369, 'JIRA_CreateIssue_IssueGeneralAtributtes_POS', 'Zvolení základních atributů Issue.', 'Vyplněné konkretní kolonky.', 1, 0, 73, '2018-05-24 12:17:40', 452, NULL, NULL, NULL),
(1370, 'Issue_CreateIssue_Heading_Diacritical_POS', 'Založení Issue v modulu Issue - vyplnění kolonky Nadpis znaky s diakritikou. ', 'Založení Issue', 1, 0, 73, '2018-05-24 12:18:00', 453, NULL, NULL, NULL),
(1371, 'Issue_CreateIssue_Heading_NonDiacritical_POS', 'Založení Issue v modulu Issue - vyplnění kolonky Nadpis znaky bez diakritiky. ', 'Založení Issue', 1, 0, 73, '2018-05-24 12:18:00', 453, NULL, NULL, NULL),
(1372, 'Issue_CreateIssue_Heading_Numbers_POS', 'Založení Issue v modulu Issue - vyplnění kolonky Nadpis čísly. ', 'Založení Issue', 1, 0, 73, '2018-05-24 12:18:00', 453, NULL, NULL, NULL),
(1373, 'Issue_CreateIssue_Heading_Special_POS', 'Založení Issue v modulu Issue - vyplnění kolonky Nadpis speciálními znaky. ', 'Založení Issue', 1, 0, 73, '2018-05-24 12:18:00', 453, NULL, NULL, NULL),
(1374, 'Issue_CreateIssue_Heading_EmptyHeading_NEG', 'Založení Issue v modulu Issue - nevyplnění kolonky Nadpis. ', 'Nezaložení Issue', 1, 0, 73, '2018-05-24 12:18:00', 453, NULL, NULL, NULL),
(1375, 'Issue_CreateIssue_Heading_SpaceBar_NEG', 'Založení Issue v modulu Issue - vyplnění kolonky Nadpis mezerami/spacebar. ', 'Nezaložení Issue', 1, 0, 73, '2018-05-24 12:18:00', 453, NULL, NULL, NULL),
(1376, 'Issue_CreateIssue_Heading_Duplicity_POS', 'Založení Issue v modulu Issue - vyplnění kolonky Nadpis již existujícím(stejným Nadpisem)', 'Založení Issue', 1, 0, 73, '2018-05-24 12:18:00', 453, NULL, NULL, NULL),
(1377, 'Issue_CreateIssue_Description_Diacritical_POS', 'Založení Issue v modulu Issue - vyplnění kolonky Popis znaky s diakritikou. ', 'Založení Issue', 1, 0, 73, '2018-05-24 12:18:00', 453, NULL, NULL, NULL),
(1378, 'Issue_CreateIssue_Description_NonDiacritical_POS', 'Založení Issue v modulu Issue - vyplnění kolonky Popis znaky bez diakritiky. ', 'Založení Issue', 1, 0, 73, '2018-05-24 12:18:00', 453, NULL, NULL, NULL),
(1379, 'Issue_CreateIssue_Description_Numbers_POS', 'Založení Issue v modulu Issue - vyplnění kolonky Popis čísly. ', 'Založení Issue', 1, 0, 73, '2018-05-24 12:18:00', 453, NULL, NULL, NULL),
(1380, 'Issue_CreateIssue_Description_Special_POS', 'Založení Issue v modulu Issue - vyplnění kolonky Popis speciálními znaky.', 'Založení Issue', 1, 0, 73, '2018-05-24 12:18:00', 453, NULL, NULL, NULL),
(1381, 'Issue_CreateIssue_Description_EmptyDescription_POS', 'Založení Issue v modulu Issue - nevyplnění kolonky Popis. ', 'Založení Issue', 1, 0, 73, '2018-05-24 12:18:00', 453, NULL, NULL, NULL),
(1382, 'Issue_CreateIssue_Description_SpaceBar_POS', 'Založení Issue v modulu Issue - vyplnění kolonky Popis mezerami/spacebar. ', 'Založení Issue', 1, 0, 73, '2018-05-24 12:18:00', 453, NULL, NULL, NULL),
(1383, 'Issue_CreateIssue_Description_Duplicity_POS', 'Založení Issue v modulu Issue - vyplnění kolonky Popis již existijícím (stejným) popisem.', 'Založení Issue', 1, 0, 73, '2018-05-24 12:18:00', 453, NULL, NULL, NULL),
(1384, 'Issue_CreateIssue_Attachment_<2MB_POS', 'Založení Issue v modulu Issue - přidání Přílohy', 'Založení Issue', 1, 0, 73, '2018-05-24 12:18:00', 453, NULL, NULL, NULL),
(1385, 'Issue_CreateIssue_Attachment_>2MB_NEG', 'Založení Issue v modulu Issue - přidání Přílohy', 'Nezaložení Issue', 1, 0, 73, '2018-05-24 12:18:00', 453, NULL, NULL, NULL),
(1386, 'Issue_CreateIssue_Attachments_<2MB_POS', 'Založení Issue v modulu Issue - přidání Příloh', 'Založení Issue', 1, 0, 73, '2018-05-24 12:18:00', 453, NULL, NULL, NULL),
(1387, 'Issue_CreateIssue_Attachments_>2MB_NEG', 'Založení Issue v modulu Issue - přidání Příloh', 'Nezaložení Issue', 1, 0, 73, '2018-05-24 12:18:00', 453, NULL, NULL, NULL),
(1388, 'Issue_CreateIssue_AssignTo_POS', 'Založení Issue v modulu Issue - přidání Řešitele', 'Založení Issue', 1, 0, 73, '2018-05-24 12:18:00', 453, NULL, NULL, NULL),
(1389, 'Issue_CreateIssue_Priority_POS', 'Založení Issue v modulu Issue - zvolení Priority', 'Založení Issue', 1, 0, 73, '2018-05-24 12:18:00', 453, NULL, NULL, NULL),
(1390, 'Issue_CreateIssue_Type_POS', 'Založení Issue v modulu Issue - Typ Issue', 'Založení Issue', 1, 0, 73, '2018-05-24 12:18:00', 453, NULL, NULL, NULL),
(1391, 'Issue_CreateIssue_Close_POS', 'Založení Issue v modulu Issue - Zavření Issue', 'Založení Issue', 1, 0, 73, '2018-05-24 12:18:00', 453, NULL, NULL, NULL),
(1392, 'Issue_CreateIssue_Adress_NoAdress_POS', 'Založení Issue v modulu Issue - nevyplnění kolonek Projekt, Test Plan, Test Sprint, Test Set, Test Case, Test Step.', 'Založení Issue', 1, 0, 73, '2018-05-24 12:18:00', 453, NULL, NULL, NULL),
(1393, 'Issue_tableOfIssue_Filter_TypeOfIssue_POS', 'Vyhledávání ve Filtru v modulu Issue - Zvolení kolonky Typ Issue.', 'Vyhledání Issue', 1, 0, 73, '2018-05-24 12:18:00', 453, NULL, NULL, NULL),
(1394, 'Issue_tableOfIssue_Filter_StatusIssue_POS', 'Vyhledávání ve Filtru v modulu Issue - Zvolení kolonky Status.', 'Vyhledání Issue', 1, 0, 73, '2018-05-24 12:18:00', 453, NULL, NULL, NULL),
(1395, 'Issue_tableOfIssue_Filter_PriorityOfIssue_POS', 'Vyhledávání ve Filtru v modulu Issue - Zvolení kolonky  Priorita.', 'Vyhledání Issue', 1, 0, 73, '2018-05-24 12:18:00', 453, NULL, NULL, NULL),
(1396, 'Issue_tableOfIssue_Filter_Reset_POS', 'Vyhledávání ve Filtru v modulu Issue - Resetování(Vynulování).', 'Vyhledání Issue', 1, 0, 73, '2018-05-24 12:18:00', 453, NULL, NULL, NULL),
(1397, 'Issue_tableOfIssue_CountOfIssue_POS', 'Počet zobrazených Issue v tabulce Issue v modulu Issue ', 'Zobrazení jiného počtu Issue v tabulce Issue', 1, 0, 73, '2018-05-24 12:18:00', 453, NULL, NULL, NULL),
(1398, 'Issue_tableOfIssue_TableView_POS', 'Úprava zobrazení tabulky v modulu Issue ', 'Upravené zobrazení tabulky Issue', 1, 0, 73, '2018-05-24 12:18:00', 453, NULL, NULL, NULL),
(1399, 'Issue_tableOfIssue_ViewIssue_POS', 'Zobrazení Issue v modulu Issue ', 'Zobrazení Issue', 1, 0, 73, '2018-05-24 12:18:00', 453, NULL, NULL, NULL),
(1400, 'Issue_ExportIssue_PartExport_POS', 'Export upravené tabulky v modulu Issue ', 'Export upravené tabulky Issue', 1, 0, 73, '2018-05-24 12:18:00', 453, NULL, NULL, NULL),
(1401, 'Issue_ExportIssue_FullExport_POS', 'Export celé tabulky v modulu Issue ', 'Export celé tabulky Issue', 1, 0, 73, '2018-05-24 12:18:00', 453, NULL, NULL, NULL),
(1551, 'MyProfile_EditProfile_Name_POS', 'Upravení Uživatele v modulu Můj Profil- změnění kolonky jméno.', 'Změna jména uživatele.', 2, 0, 73, '2018-05-24 12:19:10', 456, NULL, NULL, NULL),
(1552, 'MyProfile_EditProfile_SurName_POS', 'Upravení Uživatele v modulu Můj Profil - změnění kolonky příjmení.', 'Změna příjmení uživatele.', 2, 0, 73, '2018-05-24 12:19:10', 456, NULL, NULL, NULL),
(1553, 'My Profil_EditProfile_NickName_POS', 'Upravení Profilu v modulu Můj Profil - změnění kolonky NickName.', 'Změna NickName na profilu.', 2, 0, 73, '2018-05-24 12:19:10', 456, NULL, NULL, NULL),
(1554, 'MyProfile_EditProfile_PhoneNumber_POS', 'Upravení Profilu v modulu Můj Profil - změnění kolonky Tel.číslo', 'Změna Tel.čísla uživatele.', 2, 0, 73, '2018-05-24 12:19:10', 456, NULL, NULL, NULL),
(1555, 'MyProfile_EditProfile_Password_POS', 'Upravení Profilu v modulu MůjProfil - změnění kolonky heslo', 'Změna hesla uživatele.', 2, 0, 73, '2018-05-24 12:19:10', 456, NULL, NULL, NULL),
(1556, 'My Profil_EditProfile_JiraName_POS', 'Upravení Profilu v modulu Můj Profil - změnění kolonky Jira Name.', 'Změna Jira Name na profilu.', 2, 0, 73, '2018-05-24 12:19:10', 456, NULL, NULL, NULL),
(1560, 'ProfileMenu_Projects_TableView_POS', 'Kliknutí na tlačítko Projekty v menu profilu - následné vyskočení okna s tabulkou projektů', 'Otevření tabulky projektů.', 1, 0, 73, '2018-05-24 12:20:56', 458, NULL, NULL, NULL),
(1561, 'ProfileMenu_Projects_TableView_Close_POS', 'Kliknutí na tlačítko Projekty v menu profilu,  poté na Zavřít - vyskočení okna s tabulkou projektů a následné zavření okna.', 'Zavření okna.', 1, 0, 73, '2018-05-24 12:20:56', 458, NULL, NULL, NULL),
(1562, 'ProfileMenu_Projects_ProjectView_POS', 'Kliknutí na tlačítko Projekty v menu profilu, poté na název Projektu - následné vyskočení okna s tabulkou projektů a zobrazení projektu', 'Otevření projektu.', 1, 0, 73, '2018-05-24 12:20:56', 458, NULL, NULL, NULL),
(1563, 'Ticket_WriteTicket_TicketName_Parciality_NEG', 'Vyplnění kolonky Nadpis.', 'Vyskočení chybové hlášky.', 1, 0, 73, '2018-05-24 12:21:08', 459, NULL, NULL, NULL),
(1564, 'Ticket_WriteTicket_TicketDescription_Parciality_NEG', 'Vyplnění kolonky Popis.', 'Vyskočení chybové hlášky.', 1, 0, 73, '2018-05-24 12:21:08', 459, NULL, NULL, NULL),
(1565, 'Ticket_WriteTicket_RequiredColumns_Diacritical_POS', 'Vyplnění kolonek Nadpis a Popis znaky s diakritikou.', 'Odeslání tiketu.', 2, 0, 73, '2018-05-24 12:21:08', 459, NULL, NULL, NULL),
(1566, 'Ticket_WriteTicket_RequiredColumns_NonDiacritical_POS', 'Vyplnění kolonek Nadpis a Popis znaky bez diakritiky.', 'Odeslání tiketu.', 2, 0, 73, '2018-05-24 12:21:08', 459, NULL, NULL, NULL),
(1567, 'Ticket_WriteTicket_RequiredColumns_Numbers_POS', 'Vyplnění kolonek Nadpis a Popis pomocí čísel.', 'Odeslání tiketu.', 2, 0, 73, '2018-05-24 12:21:08', 459, NULL, NULL, NULL),
(1568, 'Ticket_WriteTicket_RequiredColumns_Special_POS', 'Vyplnění kolonek Nadpis a Popis pomocí speciálních znaků.', 'Odeslání tiketu.', 2, 0, 73, '2018-05-24 12:21:08', 459, NULL, NULL, NULL),
(1569, 'Ticket_WriteTicket_Attachment_<2MB_POS', 'Přidání jedné přílohy menší než 2MB', 'Odelsání tiketu.', 1, 0, 73, '2018-05-24 12:21:08', 459, NULL, NULL, NULL),
(1570, 'Ticket_WriteTicket_Attachment_>2MB_NEG', 'Přidání jedné přílohy větší než 2MB', 'Vyskočení chybové hlášky.', 1, 0, 73, '2018-05-24 12:21:08', 459, NULL, NULL, NULL),
(1571, 'Ticket_WriteTicket_Attachments_<2MB_POS', 'Přidání  více příloh menších než 2MB', 'Odelsání tiketu.', 1, 0, 73, '2018-05-24 12:21:08', 459, NULL, NULL, NULL),
(1572, 'Ticket_WriteTicket_Attachments_>2MB_NEG', 'Přidání  více příloh a alespoň jedna bude větší než 2MB', 'Vyskočení chybové hlášky.', 1, 0, 73, '2018-05-24 12:21:08', 459, NULL, NULL, NULL),
(1573, 'MyLogs_tableOfLogs_Filter_ActionOfLog_POS', 'Vyhledávání ve Filtru v modulu Moje Logy - Zvolení kolonky Akce Logu.', 'Vyhledání Logu', 1, 0, 73, '2018-05-24 12:21:24', 460, NULL, NULL, NULL),
(1574, 'MyLogs_tableOfLogs_Filter_PermissionOfLog_POS', 'Vyhledávání ve Filtru v modulu Moje Logy - Zvolení kolonky Povolení.', 'Vyhledání Logu', 1, 0, 73, '2018-05-24 12:21:24', 460, NULL, NULL, NULL),
(1575, 'MyLogs_tableOfLogs_Filter_DateInOfLog_POS', 'Vyhledávání ve Filtru v modulu Moje Logy - Zvolení kolonky datum vložení.', 'Vyhledání Logu', 1, 0, 73, '2018-05-24 12:21:24', 460, NULL, NULL, NULL),
(1576, 'MyLogs_tableOfLogs_Filter_TabOfLog_POS', 'Vyhledávání ve Filtru v modulu Moje Logy - Zvolení kolonky Tab.', 'Vyhledání Logu', 1, 0, 73, '2018-05-24 12:21:24', 460, NULL, NULL, NULL),
(1577, 'MyLogs_tableOfLogs_Filter_Reset_POS', 'Vyhledávání ve Filtru v modulu Moje Logy - Resetování(Vynulování).', 'Vyhledání Logu', 1, 0, 73, '2018-05-24 12:21:24', 460, NULL, NULL, NULL),
(1578, 'MyLogs_tableOfLogs_CountOfLogs_POS', 'Počet zobrazených logů v tabulce logů v modulu Moje Logy ', 'Zobrazení jiného počtu logů v tabulce Moje Logy.', 1, 0, 73, '2018-05-24 12:21:24', 460, NULL, NULL, NULL),
(1579, 'MyLogs_tableOfLogs_TableView_POS', 'Úprava zobrazení tabulky v modulu Moje Logy. ', 'Upravené zobrazení tabulky Logů.', 1, 0, 73, '2018-05-24 12:21:24', 460, NULL, NULL, NULL),
(1580, 'Language_Change_Pos', 'Změna jazyka ze svk na eng', 'Změna Jazyka', 3, 0, 73, '2018-05-24 12:21:37', 461, NULL, NULL, NULL),
(1581, 'Settings_General_EditName_Diacritical_POS', 'Změna kolonky v module Nastavení - změna jména znaky s diakritikou.', 'Změna jména', 1, 0, 73, '2018-05-24 12:22:38', 462, NULL, NULL, NULL),
(1582, 'Settings_General_EditName_NonDiacritical_POS', 'Změna kolonky v module Nastavení - změna jména znaky bez diakritiky.', 'Změna jména', 1, 0, 73, '2018-05-24 12:22:38', 462, NULL, NULL, NULL),
(1583, 'Settings_General_EditName_Numbers_POS', 'Změna kolonky v module Nastavení - změna jména čísly.', 'Změna jména', 1, 0, 73, '2018-05-24 12:22:38', 462, NULL, NULL, NULL),
(1584, 'Settings_General_EditName_Special_POS', 'Změna kolonky v module Nastavení - změna jména speciálními znaky.', 'Změna jména', 1, 0, 73, '2018-05-24 12:22:38', 462, NULL, NULL, NULL),
(1585, 'Settings_General_EditName_Empty_NEG', 'Změna kolonky v module Nastavení - nevyplnění jména  ', 'Vyskočí chybová hláška.', 1, 0, 73, '2018-05-24 12:22:38', 462, NULL, NULL, NULL),
(1586, 'Settings_General_EditName_Spacebar_NEG', 'Změna kolonky v module Nastavení - změna jména znaky mezery/spacebar. ', 'Vyskočí chybová hláška.', 1, 0, 73, '2018-05-24 12:22:38', 462, NULL, NULL, NULL),
(1587, 'Settings_General_EditEmail_Diacritical_NEG', 'Změna kolonky v module Nastavení - změna Emailu znaky s diakritikou.', 'Vyskočí chybová hláška.', 1, 0, 73, '2018-05-24 12:22:38', 462, NULL, NULL, NULL),
(1588, 'Settings_General_EditEmail_NonDiacritical_POS', 'Změna kolonky v module Nastavení - změna Emailu znaky bez diakritiky.', 'Změna emailu.', 1, 0, 73, '2018-05-24 12:22:38', 462, NULL, NULL, NULL),
(1589, 'Settings_General_EditEmail_Numbers_POS', 'Změna kolonky v module Nastavení - změna Emailu čísly.', 'Změna emailu', 1, 0, 73, '2018-05-24 12:22:38', 462, NULL, NULL, NULL),
(1590, 'Settings_General_EditEmail_Special_NEG', 'Změna kolonky v module Nastavení - změna Emailu speciálními znaky.', 'Vyskočí chybová hláška.', 1, 0, 73, '2018-05-24 12:22:38', 462, NULL, NULL, NULL),
(1591, 'Settings_General_EditEmail_Empty_POS', 'Změna kolonky v module Nastavení - nevyplnění Emailu.', 'Změna emailu.', 1, 0, 73, '2018-05-24 12:22:38', 462, NULL, NULL, NULL),
(1592, 'Settings_General_EditEmail_Spacebar_POS', 'Změna kolonky v module Nastavení - vyplnění  Emailu mezery/spacebar.', 'Změna emailu.', 1, 0, 73, '2018-05-24 12:22:38', 462, NULL, NULL, NULL),
(1593, 'Settings_General_EditPhoneNumber_Diacritical_NEG', 'Změna kolonky v module Nastavení - změna Tel.čísla s diakrtikou.', 'Vyskočení chybové hlášky.', 2, 0, 73, '2018-05-24 12:22:38', 462, NULL, NULL, NULL),
(1594, 'Settings_General_EditPhoneNumber_NonDiacritical_NEG', 'Změna kolonky v module Nastavení - změna Tel.čísla znaky bez diakritiky.', 'Vyskočení chybové hlášky.', 2, 0, 73, '2018-05-24 12:22:38', 462, NULL, NULL, NULL),
(1595, 'Settings_General_EditPhoneNumber_Numbers_POS', 'Změna kolonky v module Nastavení - změna Tel.čísla čísly.', 'Změna Tel.čísla', 2, 0, 73, '2018-05-24 12:22:38', 462, NULL, NULL, NULL),
(1596, 'Settings_General_EditPhoneNumber_Special_NEG', 'Změna kolonky v module Nastavení - změna Tel.čísla speciálními znaky.', 'Vyskočení chybové hlášky.', 2, 0, 73, '2018-05-24 12:22:38', 462, NULL, NULL, NULL),
(1597, 'Settings_General_EditPhoneNumber_Empty_NEG', 'Změna kolonky v module Nastavení - nevyplnění Tel.čísla', 'Vyskočení chybové hlášky.', 2, 0, 73, '2018-05-24 12:22:38', 462, NULL, NULL, NULL),
(1598, 'Settings_General_EditPhoneNumber_Spacebar_NEG', 'Změna kolonky v module Nastavení - nevyplnění Tel.čísla', 'Vyskočení chybové hlášky.', 2, 0, 73, '2018-05-24 12:22:38', 462, NULL, NULL, NULL),
(1599, 'Settings_General_Adress_EditStreet_Diacritical_POS', 'Změna kolonky v module Nastavení - Adresa / změna ulice znaky s diakritikou.', 'Změna ulice.', 1, 0, 73, '2018-05-24 12:22:38', 462, NULL, NULL, NULL),
(1600, 'Settings_General_Adress_EditStreet_NonDiacritical_POS', 'Změna kolonky v module Nastavení -  Adresa / změna ulice znaky bez diakritiky.', 'Změna ulice.', 1, 0, 73, '2018-05-24 12:22:38', 462, NULL, NULL, NULL),
(1601, 'Settings_General_Adress_EditStreet_Numbers_POS', 'Změna kolonky v module Nastavení -  Adresa / změna ulice čísly.', 'Změna ulice.', 1, 0, 73, '2018-05-24 12:22:38', 462, NULL, NULL, NULL),
(1602, 'Settings_General_Adress_EditStreet_Special_NEG', 'Změna kolonky v module Nastavení -  Adresa / změna ulice speciálními znaky.', 'Vyskočí chybová hláška.', 1, 0, 73, '2018-05-24 12:22:38', 462, NULL, NULL, NULL),
(1603, 'Settings_General_Adress_EditStreet_Empty_NEG', 'Změna kolonky v module Nastavení - Adresy / nevyplnění ulice  ', 'Vyskočí chybová hláška.', 1, 0, 73, '2018-05-24 12:22:38', 462, NULL, NULL, NULL),
(1604, 'Settings_General_Adress_EditStreet_Spacebar_NEG', 'Změna kolonky v module Nastavení -  Adresa / změna ulice znaky mezery/spacebar. ', 'Vyskočí chybová hláška.', 1, 0, 73, '2018-05-24 12:22:38', 462, NULL, NULL, NULL),
(1605, 'Settings_General_Adress_EditCity_Diacritical_POS', 'Změna kolonky v module Nastavení - Adresa / změna města znaky s diakritikou.', 'Změna města', 1, 0, 73, '2018-05-24 12:22:38', 462, NULL, NULL, NULL),
(1606, 'Settings_General_Adress_EditCity_NonDiacritical_POS', 'Změna kolonky v module Nastavení -  Adresa / změna města znaky bez diakritiky.', 'Změna města', 1, 0, 73, '2018-05-24 12:22:38', 462, NULL, NULL, NULL),
(1607, 'Settings_General_Adress_EditCity_Numbers_POS', 'Změna kolonky v module Nastavení -  Adresa / změna města čísly.', 'Změna města', 1, 0, 73, '2018-05-24 12:22:38', 462, NULL, NULL, NULL),
(1608, 'Settings_General_Adress_EditCity_Special_NEG', 'Změna kolonky v module Nastavení -  Adresa / změna města speciálními znaky.', 'Vyskočí chybová hláška.', 1, 0, 73, '2018-05-24 12:22:38', 462, NULL, NULL, NULL),
(1609, 'Settings_General_Adress_EditCity_Empty_NEG', 'Změna kolonky v module Nastavení - Adresy / nevyplnění města  ', 'Vyskočí chybová hláška.', 1, 0, 73, '2018-05-24 12:22:38', 462, NULL, NULL, NULL),
(1610, 'Settings_General_Adress_EditCity_Spacebar_NEG', 'Změna kolonky v module Nastavení -  Adresa / změna města znaky mezery/spacebar. ', 'Vyskočí chybová hláška.', 1, 0, 73, '2018-05-24 12:22:38', 462, NULL, NULL, NULL),
(1611, 'Settings_General_Adress_EditCountry_Diacritical_POS', 'Změna kolonky v module Nastavení - Adresa / změna státu znaky s diakritikou.', 'Změna státu', 1, 0, 73, '2018-05-24 12:22:38', 462, NULL, NULL, NULL),
(1612, 'Settings_General_Adress_EditCountry_NonDiacritical_POS', 'Změna kolonky v module Nastavení -  Adresa / změna státu znaky bez diakritiky.', 'Změna státu', 1, 0, 73, '2018-05-24 12:22:38', 462, NULL, NULL, NULL),
(1613, 'Settings_General_Adress_EditCountry_Numbers_NEG', 'Změna kolonky v module Nastavení -  Adresa / změna státu čísly.', 'Vyskočí chybová hláška.', 1, 0, 73, '2018-05-24 12:22:38', 462, NULL, NULL, NULL),
(1614, 'Settings_General_Adress_EditCountry_Special_NEG', 'Změna kolonky v module Nastavení -  Adresa / změna státu speciálními znaky.', 'Vyskočí chybová hláška.', 1, 0, 73, '2018-05-24 12:22:38', 462, NULL, NULL, NULL),
(1615, 'Settings_General_Adress_EditCountry_Empty_NEG', 'Změna kolonky v module Nastavení - Adresy / nevyplnění státu  ', 'Vyskočí chybová hláška.', 1, 0, 73, '2018-05-24 12:22:38', 462, NULL, NULL, NULL),
(1616, 'Settings_General_Adress_EditCountry_Spacebar_NEG', 'Změna kolonky v module Nastavení -  Adresa / změna státu znaky mezery/spacebar. ', 'Vyskočí chybová hláška.', 1, 0, 73, '2018-05-24 12:22:38', 462, NULL, NULL, NULL),
(1617, 'Settings_General_Adress_EditPostalCode_Diacritical_NEG', 'Změna kolonky v module Nastavení - Adresa / změna PSČ znaky s diakritikou.', 'Vyskočí chybová hláška.', 1, 0, 73, '2018-05-24 12:22:38', 462, NULL, NULL, NULL),
(1618, 'Settings_General_Adress_EditPostalCode_NonDiacritical_NEG', 'Změna kolonky v module Nastavení -  Adresa / změna PSČ znaky bez diakritiky.', 'Vyskočí chybová hláška.', 1, 0, 73, '2018-05-24 12:22:38', 462, NULL, NULL, NULL),
(1619, 'Settings_General_Adress_EditPostalCode_Numbers_POS', 'Změna kolonky v module Nastavení -  Adresa / změna PSČ čísly.', 'Změna PSČ.', 1, 0, 73, '2018-05-24 12:22:38', 462, NULL, NULL, NULL),
(1620, 'Settings_General_Adress_EditPostalCode_Special_NEG', 'Změna kolonky v module Nastavení -  Adresa / změna PSČ speciálními znaky.', 'Vyskočí chybová hláška.', 1, 0, 73, '2018-05-24 12:22:38', 462, NULL, NULL, NULL),
(1621, 'Settings_General_Adress_EditPostalCode_Empty_NEG', 'Změna kolonky v module Nastavení - Adresy / nevyplnění PSČ  ', 'Vyskočí chybová hláška.', 1, 0, 73, '2018-05-24 12:22:38', 462, NULL, NULL, NULL),
(1622, 'Settings_General_Adress_EditPostalCode_Spacebar_NEG', 'Změna kolonky v module Nastavení -  Adresa / změna PSČ znaky mezery/spacebar. ', 'Vyskočí chybová hláška.', 1, 0, 73, '2018-05-24 12:22:38', 462, NULL, NULL, NULL),
(1623, 'Settings_General_Favicon_EditFavicon_JPEG_PNG_POS', 'Změna faviconu v module Nastavení -změna faviconu souborem JPEG/PNG', 'Změní se Favicon.', 1, 0, 73, '2018-05-24 12:22:38', 462, NULL, NULL, NULL),
(1624, 'Settings_General_Favicon_EditFavicon_OtherFiles_NEG', 'Změna faviconu v module Nastavení -změna faviconu jiným souborem.', 'Vyskočí chybová hláška.', 1, 0, 73, '2018-05-24 12:22:38', 462, NULL, NULL, NULL),
(1625, 'Settings_General_Logo_EditLogo_JPEG_PNG_POS', 'Změna loga v module Nastavení -změna loga souborem JPEG/PNG', 'Změní se logo.', 1, 0, 73, '2018-05-24 12:22:38', 462, NULL, NULL, NULL),
(1626, 'Settings_General_Logo_EditLogo_OtherFiles_NEG', 'Změna loga v module Nastavení -změna loga jiným souborem.', 'Vyskočí chybová hláška.', 1, 0, 73, '2018-05-24 12:22:38', 462, NULL, NULL, NULL),
(1627, 'Settings_General_BillingInfo_EditComName_Diacritical_POS', 'Změna kolonky v module Nastavení - Fakturační údaje /  změna jména znaky s diakritikou.', 'Změna jména společnosti.', 1, 0, 73, '2018-05-24 12:22:38', 462, NULL, NULL, NULL),
(1628, 'Settings_General_BillingInfo_EditComName_NonDiacritical_POS', 'Změna kolonky v module Nastavení - Fakturační údaje /   změna jména znaky bez diakritiky.', 'Změna jména společnosti.', 1, 0, 73, '2018-05-24 12:22:38', 462, NULL, NULL, NULL),
(1629, 'Settings_General_BillingInfo_EditComName_Numbers_POS', 'Změna kolonky v module Nastavení - Fakturační údaje /   změna jména čísly.', 'Změna jména společnosti.', 1, 0, 73, '2018-05-24 12:22:38', 462, NULL, NULL, NULL),
(1630, 'Settings_General_BillingInfo-EditComName_Special_POS', 'Změna kolonky v module Nastavení - Fakturační údaje /  změna jména speciálními znaky.', 'Změna jména společnosti.', 1, 0, 73, '2018-05-24 12:22:38', 462, NULL, NULL, NULL),
(1631, 'Settings_General_BillingInfo_EditComName_Empty_NEG', 'Změna kolonky v module Nastavení - Fakturační údaje /   nevyplnění jména  ', 'Vyskočí chybová hláška.', 1, 0, 73, '2018-05-24 12:22:38', 462, NULL, NULL, NULL),
(1632, 'Settings_General_BillingInfo_EditComName_Spacebar_NEG', 'Změna kolonky v module Nastavení - Fakturační údaje /   změna jména znaky mezery/spacebar. ', 'Vyskočí chybová hláška.', 1, 0, 73, '2018-05-24 12:22:38', 462, NULL, NULL, NULL),
(1633, 'Settings_General_BillingInfos_EditStreet_Diacritical_POS', 'Změna kolonky v module Nastavení - Fakturační údaje / změna ulice znaky s diakritikou.', 'Změna ulice.', 1, 0, 73, '2018-05-24 12:22:38', 462, NULL, NULL, NULL),
(1634, 'Settings_General_BillingInfo_EditStreet_NonDiacritical_POS', 'Změna kolonky v module Nastavení -   Fakturační údaje / změna ulice znaky bez diakritiky.', 'Změna ulice.', 1, 0, 73, '2018-05-24 12:22:38', 462, NULL, NULL, NULL),
(1635, 'Settings_General_BillingInfo_EditStreet_Numbers_POS', 'Změna kolonky v module Nastavení -   Fakturační údaje / změna ulice čísly.', 'Změna ulice.', 1, 0, 73, '2018-05-24 12:22:38', 462, NULL, NULL, NULL),
(1636, 'Settings_General_BillingInfo_EditStreet_Special_NEG', 'Změna kolonky v module Nastavení -  Fakturační údaje / změna ulice speciálními znaky.', 'Vyskočí chybová hláška.', 1, 0, 73, '2018-05-24 12:22:38', 462, NULL, NULL, NULL),
(1637, 'Settings_General_BillingInfo_EditStreet_Empty_NEG', 'Změna kolonky v module Nastavení - Fakturační údaje / nevyplnění ulice  ', 'Vyskočí chybová hláška.', 1, 0, 73, '2018-05-24 12:22:38', 462, NULL, NULL, NULL),
(1638, 'Settings_General_BillingInfo_EditStreet_Spacebar_NEG', 'Změna kolonky v module Nastavení -  Fakturační údaje / změna ulice znaky mezery/spacebar. ', 'Vyskočí chybová hláška.', 1, 0, 73, '2018-05-24 12:22:38', 462, NULL, NULL, NULL),
(1639, 'Settings_General_BillingInfo_EditCity_Diacritical_POS', 'Změna kolonky v module Nastavení - Fakturační údaje / změna města znaky s diakritikou.', 'Změna města', 1, 0, 73, '2018-05-24 12:22:38', 462, NULL, NULL, NULL),
(1640, 'Settings_General_BillingInfo_EditCity_NonDiacritical_POS', 'Změna kolonky v module Nastavení -   Fakturační údaje / změna města znaky bez diakritiky.', 'Změna města', 1, 0, 73, '2018-05-24 12:22:38', 462, NULL, NULL, NULL),
(1641, 'Settings_General_BillingInfo_EditCity_Numbers_POS', 'Změna kolonky v module Nastavení -   Fakturační údaje / změna města čísly.', 'Změna města', 1, 0, 73, '2018-05-24 12:22:38', 462, NULL, NULL, NULL),
(1642, 'Settings_General_BillingInfo_EditCity_Special_NEG', 'Změna kolonky v module Nastavení -   Fakturační údaje /změna města speciálními znaky.', 'Vyskočí chybová hláška.', 1, 0, 73, '2018-05-24 12:22:38', 462, NULL, NULL, NULL),
(1643, 'Settings_General_BillingInfo_EditCity_Empty_NEG', 'Změna kolonky v module Nastavení -  Fakturační údaje / nevyplnění města  ', 'Vyskočí chybová hláška.', 1, 0, 73, '2018-05-24 12:22:38', 462, NULL, NULL, NULL),
(1644, 'Settings_General_BillingInfo_EditCity_Spacebar_NEG', 'Změna kolonky v module Nastavení -   Fakturační údaje / změna města znaky mezery/spacebar. ', 'Vyskočí chybová hláška.', 1, 0, 73, '2018-05-24 12:22:38', 462, NULL, NULL, NULL),
(1645, 'Settings_General_BillingInfo_EditCountry_Diacritical_POS', 'Změna kolonky v module Nastavení - Fakturační údaje / změna státu znaky s diakritikou.', 'Změna státu', 1, 0, 73, '2018-05-24 12:22:38', 462, NULL, NULL, NULL),
(1646, 'Settings_General_BillingInfo_EditCountry_NonDiacritical_POS', 'Změna kolonky v module Nastavení -  Fakturační údaje / změna státu znaky bez diakritiky.', 'Změna státu', 1, 0, 73, '2018-05-24 12:22:38', 462, NULL, NULL, NULL),
(1647, 'Settings_General_BillingInfo_EditCountry_Numbers_NEG', 'Změna kolonky v module Nastavení -   Fakturační údaje / změna státu čísly.', 'Vyskočí chybová hláška.', 1, 0, 73, '2018-05-24 12:22:38', 462, NULL, NULL, NULL),
(1648, 'Settings_General_BillingInfo_EditCountry_Special_NEG', 'Změna kolonky v module Nastavení - Fakturační údaje / změna státu speciálními znaky.', 'Vyskočí chybová hláška.', 1, 0, 73, '2018-05-24 12:22:38', 462, NULL, NULL, NULL),
(1649, 'Settings_General_BillingInfo_EditCountry_Empty_NEG', 'Změna kolonky v module Nastavení -  Fakturační údaje / nevyplnění státu  ', 'Vyskočí chybová hláška.', 1, 0, 73, '2018-05-24 12:22:38', 462, NULL, NULL, NULL),
(1650, 'Settings_General_BillingInfo_EditCountry_Spacebar_NEG', 'Změna kolonky v module Nastavení -  Fakturační údaje / změna státu znaky mezery/spacebar. ', 'Vyskočí chybová hláška.', 1, 0, 73, '2018-05-24 12:22:38', 462, NULL, NULL, NULL),
(1651, 'Settings_General_BillingInfo_EditPostalCode_Diacritical_NEG', 'Změna kolonky v module Nastavení -  Fakturační údaje / změna PSČ znaky s diakritikou.', 'Vyskočí chybová hláška.', 1, 0, 73, '2018-05-24 12:22:38', 462, NULL, NULL, NULL),
(1652, 'Settings_General_BillingInfo_EditPostalCode_NonDiacritical_NEG', 'Změna kolonky v module Nastavení -  Fakturační údaje / změna PSČ znaky bez diakritiky.', 'Vyskočí chybová hláška.', 1, 0, 73, '2018-05-24 12:22:38', 462, NULL, NULL, NULL),
(1653, 'Settings_General_BillingInfo_EditPostalCode_Numbers_POS', 'Změna kolonky v module Nastavení -  Fakturační údaje / změna PSČ čísly.', 'Změna PSČ.', 1, 0, 73, '2018-05-24 12:22:38', 462, NULL, NULL, NULL),
(1654, 'Settings_General_BillingInfo_EditPostalCode_Special_NEG', 'Změna kolonky v module Nastavení -   Fakturační údaje / změna PSČ speciálními znaky.', 'Vyskočí chybová hláška.', 1, 0, 73, '2018-05-24 12:22:38', 462, NULL, NULL, NULL),
(1655, 'Settings_General_BillingInfo_EditPostalCode_Empty_NEG', 'Změna kolonky v module Nastavení -  Fakturační údaje / nevyplnění PSČ  ', 'Vyskočí chybová hláška.', 1, 0, 73, '2018-05-24 12:22:38', 462, NULL, NULL, NULL);
INSERT INTO `test_case` (`id`, `name`, `description`, `result`, `priority`, `approved`, `creator_id`, `create_date`, `test_set_id`, `application_id`, `environment_id`, `module_id`) VALUES
(1656, 'Settings_General_BillingInfo_EditPostalCode_Spacebar_NEG', 'Změna kolonky v module Nastavení -   Fakturační údaje / změna PSČ znaky mezery/spacebar. ', 'Vyskočí chybová hláška.', 1, 0, 73, '2018-05-24 12:22:38', 462, NULL, NULL, NULL),
(1657, 'Settings_General_BillingInfo_EditICO_Diacritical_NEG', 'Změna kolonky v module Nastavení -  Fakturační údaje / změna IČO znaky s diakritikou.', 'Vyskočí chybová hláška.', 1, 0, 73, '2018-05-24 12:22:38', 462, NULL, NULL, NULL),
(1658, 'Settings_General_BillingInfo_EditICO_NonDiacritical_NEG', 'Změna kolonky v module Nastavení -  Fakturační údaje / změna IČO znaky bez diakritiky.', 'Vyskočí chybová hláška.', 1, 0, 73, '2018-05-24 12:22:38', 462, NULL, NULL, NULL),
(1659, 'Settings_General_BillingInfo_EditICO_Numbers_POS', 'Změna kolonky v module Nastavení -  Fakturační údaje / změna IČO čísly.', 'Změna IČO', 1, 0, 73, '2018-05-24 12:22:38', 462, NULL, NULL, NULL),
(1660, 'Settings_General_BillingInfo_EditICO_Special_NEG', 'Změna kolonky v module Nastavení -   Fakturační údaje / změna IČO speciálními znaky.', 'Vyskočí chybová hláška.', 1, 0, 73, '2018-05-24 12:22:38', 462, NULL, NULL, NULL),
(1661, 'Settings_General_BillingInfo_EditICO_Empty_NEG', 'Změna kolonky v module Nastavení -  Fakturační údaje / nevyplnění IČO  ', 'Vyskočí chybová hláška.', 1, 0, 73, '2018-05-24 12:22:38', 462, NULL, NULL, NULL),
(1662, 'Settings_General_BillingInfo_EditICO_Spacebar_NEG', 'Změna kolonky v module Nastavení -   Fakturační údaje / změna IČO znaky mezery/spacebar. ', 'Vyskočí chybová hláška.', 1, 0, 73, '2018-05-24 12:22:38', 462, NULL, NULL, NULL),
(1663, 'Settings_General_BillingInfo_EditDIC_Diacritical_NEG', 'Změna kolonky v module Nastavení -  Fakturační údaje / změna DIČ znaky s diakritikou.', 'Vyskočí chybová hláška.', 1, 0, 73, '2018-05-24 12:22:38', 462, NULL, NULL, NULL),
(1664, 'Settings_General_BillingInfo_EditDIC_NonDiacritical_NEG', 'Změna kolonky v module Nastavení -  Fakturační údaje / změna DIČ znaky bez diakritiky.', 'Vyskočí chybová hláška.', 1, 0, 73, '2018-05-24 12:22:38', 462, NULL, NULL, NULL),
(1665, 'Settings_General_BillingInfo_EditDIC_Numbers_POS', 'Změna kolonky v module Nastavení -  Fakturační údaje / změna DIČ čísly.', 'Změna DIČ', 1, 0, 73, '2018-05-24 12:22:38', 462, NULL, NULL, NULL),
(1666, 'Settings_General_BillingInfo_EditDIC_Special_NEG', 'Změna kolonky v module Nastavení -   Fakturační údaje / změna DIČ speciálními znaky.', 'Vyskočí chybová hláška.', 1, 0, 73, '2018-05-24 12:22:38', 462, NULL, NULL, NULL),
(1667, 'Settings_General_BillingInfo_EditDIC_Empty_NEG', 'Změna kolonky v module Nastavení -  Fakturační údaje / nevyplnění DIČ  ', 'Vyskočí chybová hláška.', 1, 0, 73, '2018-05-24 12:22:38', 462, NULL, NULL, NULL),
(1668, 'Settings_General_BillingInfo_EditDIC_Spacebar_NEG', 'Změna kolonky v module Nastavení -   Fakturační údaje / změna DIČ znaky mezery/spacebar. ', 'Vyskočí chybová hláška.', 1, 0, 73, '2018-05-24 12:22:38', 462, NULL, NULL, NULL),
(1669, 'Settings_General_BillingInfo_EditICDPH_Diacritical_NEG', 'Změna kolonky v module Nastavení -  Fakturační údaje / změna IČ DPH znaky s diakritikou.', 'Vyskočí chybová hláška.', 1, 0, 73, '2018-05-24 12:22:38', 462, NULL, NULL, NULL),
(1670, 'Settings_General_BillingInfo_EditICDPH_NonDiacritical_NEG', 'Změna kolonky v module Nastavení -  Fakturační údaje / změna IČ DPH znaky bez diakritiky.', 'Vyskočí chybová hláška.', 1, 0, 73, '2018-05-24 12:22:38', 462, NULL, NULL, NULL),
(1671, 'Settings_General_BillingInfo_EditICDPH_Numbers_POS', 'Změna kolonky v module Nastavení -  Fakturační údaje / změna IČ DPH čísly.', 'Změna IČ DPH', 1, 0, 73, '2018-05-24 12:22:38', 462, NULL, NULL, NULL),
(1672, 'Settings_General_BillingInfo_EditICDPH_Special_NEG', 'Změna kolonky v module Nastavení -   Fakturační údaje / změna IČ DPH speciálními znaky.', 'Vyskočí chybová hláška.', 1, 0, 73, '2018-05-24 12:22:38', 462, NULL, NULL, NULL),
(1673, 'Settings_General_BillingInfo_EditICDPH_Empty_NEG', 'Změna kolonky v module Nastavení -  Fakturační údaje / nevyplnění IČ DPH  ', 'Vyskočí chybová hláška.', 1, 0, 73, '2018-05-24 12:22:38', 462, NULL, NULL, NULL),
(1674, 'Settings_General_BillingInfo_EditICDPH_Spacebar_NEG', 'Změna kolonky v module Nastavení -   Fakturační údaje / změna IČ DPH znaky mezery/spacebar. ', 'Vyskočí chybová hláška.', 1, 0, 73, '2018-05-24 12:22:38', 462, NULL, NULL, NULL),
(1675, 'Settings_Specific_Role_AddRole_Name_Diacritical_POS', 'Vytvoření nové role - vyplnění kolonky jméno znaky s diakritikou.', 'Přidání role.', 1, 0, 73, '2018-05-24 12:22:38', 462, NULL, NULL, NULL),
(1676, 'Settings_Specific_Role_AddRole_Name_NonDiacritical_POS', 'Vytvoření nové role - vyplnění kolonky jméno znaky bez diakritiky.', 'Přidání role.', 1, 0, 73, '2018-05-24 12:22:38', 462, NULL, NULL, NULL),
(1677, 'Settings_Specific_Role_AddRole_Name_Numbers_POS', 'Vytvoření nové role - vyplnění kolonky jméno čísly.', 'Přidání role.', 1, 0, 73, '2018-05-24 12:22:38', 462, NULL, NULL, NULL),
(1678, 'Settings_Specific_Role_AddRole_Name_Special_POS', 'Vytvoření nové role - vyplnění kolonky jméno speciálními znaky.', 'Přidání role.', 1, 0, 73, '2018-05-24 12:22:38', 462, NULL, NULL, NULL),
(1679, 'Settings_Specific_Role_AddRole_Name_Empty_NEG', 'Vytvoření nové role - nevyplnění kolonky jméno  ', 'Přidání role.', 1, 0, 73, '2018-05-24 12:22:38', 462, NULL, NULL, NULL),
(1680, 'Settings_Specific_Role_AddRole_Name_Spacebar_NEG', 'Vytvoření nové role - vyplnění kolonky jméno znaky mezery/spacebar. ', 'Přidání role.', 1, 0, 73, '2018-05-24 12:22:38', 462, NULL, NULL, NULL),
(1681, 'Settings_Specific_Role_AddProjectRole_Name_Diacritical_POS', 'Vytvoření nové role - vyplnění kolonky jméno znaky s diakritikou.', 'Přidání role.', 1, 0, 73, '2018-05-24 12:22:38', 462, NULL, NULL, NULL),
(1682, 'Settings_Specific_Role_AddProjectRole_Name_NonDiacritical_POS', 'Vytvoření nové role - vyplnění kolonky jméno znaky bez diakritiky.', 'Přidání role.', 1, 0, 73, '2018-05-24 12:22:38', 462, NULL, NULL, NULL),
(1683, 'Settings_Specific_Role_AddProjectRole_Name_Numbers_POS', 'Vytvoření nové role - vyplnění kolonky jméno čísly.', 'Přidání role.', 1, 0, 73, '2018-05-24 12:22:38', 462, NULL, NULL, NULL),
(1684, 'Settings_Specific_Role_AddProjectRole_Name_Special_POS', 'Vytvoření nové role - vyplnění kolonky jméno speciálními znaky.', 'Přidání role.', 1, 0, 73, '2018-05-24 12:22:38', 462, NULL, NULL, NULL),
(1685, 'Settings_Specific_Role_AddProjectRole_Name_Empty_NEG', 'Vytvoření nové role - nevyplnění kolonky jméno  ', 'Přidání role.', 1, 0, 73, '2018-05-24 12:22:38', 462, NULL, NULL, NULL),
(1686, 'Settings_Specific_Role_AddProjectRole_Name_Spacebar_NEG', 'Vytvoření nové role - vyplnění kolonky jméno znaky mezery/spacebar. ', 'Přidání role.', 1, 0, 73, '2018-05-24 12:22:38', 462, NULL, NULL, NULL),
(1687, 'Settings_Specific_Role_EditRole_EditName_POS', 'Změna kolonky v module Nastavení - změna jména role.', 'Změna jména', 1, 0, 73, '2018-05-24 12:22:38', 462, NULL, NULL, NULL),
(1688, 'Settings_Specific_Role_EditProjectRole_EditName_POS', 'Změna kolonky v module Nastavení - změna jména projektové role', 'Změna jména', 1, 0, 73, '2018-05-24 12:22:38', 462, NULL, NULL, NULL),
(1689, 'Settings_Specific_Role_EditRole_Rights_POS', 'Změna práv - úprava role.', 'Změna práv', 1, 0, 73, '2018-05-24 12:22:38', 462, NULL, NULL, NULL),
(1690, 'Settings_Specific_Role_EditProjectRole_Rights_POS', 'Změna práv projektové role - úprava role.', 'Změna práv', 1, 0, 73, '2018-05-24 12:22:38', 462, NULL, NULL, NULL),
(1691, 'Settings_Specific_Role_ViewInfoOfRole_Description_POS', 'Zobrazení popisu práv jednotlivých práv - zobrazení popisu.', 'Zobrazení popisu práv.', 1, 0, 73, '2018-05-24 12:22:38', 462, NULL, NULL, NULL),
(1692, 'Settings_Specific_Role_DeleteRole_POS', 'Smazání dané role..', 'Smazání role.', 1, 0, 73, '2018-05-24 12:22:38', 462, NULL, NULL, NULL),
(1693, 'System_Help_EditHelp_POS', 'Upravení nápovědy v module Systém - Nápověda', 'Upravení nápovědy', 1, 0, 73, '2018-05-24 12:22:51', 463, NULL, NULL, NULL),
(1694, 'System_Help_DownloadHelp_POS', 'Stažení nápovědy v module Systém - Nápověda', 'Stažení nápovědy', 1, 0, 73, '2018-05-24 12:22:51', 463, NULL, NULL, NULL),
(1695, 'System_Info_InfoView_POS', 'Zobrazení informací v  module Systém - Informace', 'Zobrazení informací', 1, 0, 73, '2018-05-24 12:22:51', 463, NULL, NULL, NULL),
(1696, 'Users_CreateUser_Name_Parciality_NEG', 'Založení Uživatele v modulu Uživatelé - vyplnění kolonky Jméno. ', 'Vyskočení chybové hlášky.', 2, 0, 73, '2018-05-24 12:23:32', 464, NULL, NULL, NULL),
(1697, 'Users_CreateUser_SurName_Parciality_NEG', 'Založení Uživatele v modulu Uživatelé - vyplnění kolonky Příjmení. ', 'Vyskočení chybové hlášky.', 2, 0, 73, '2018-05-24 12:23:32', 464, NULL, NULL, NULL),
(1698, 'Users_CreateUser_Email_Parciality_NEG', 'Založení Uživatele v modulu Uživatelé - vyplnění kolonky Email ', 'Vyskočení chybové hlášky.', 2, 0, 73, '2018-05-24 12:23:32', 464, NULL, NULL, NULL),
(1699, 'Users_CreateUser_PhoneNumber_Parciality_NEG', 'Založení Uživatele v modulu Uživatelé - vyplnění kolonky telefonní číslo. ', 'Vyskočení chybové hlášky.', 2, 0, 73, '2018-05-24 12:23:32', 464, NULL, NULL, NULL),
(1700, 'Users_CreateUser_Password_Parciality_NEG', 'Založení Uživatele v modulu Uživatelé - vyplnění kolonky heslo. ', 'Vyskočení chybové hlášky.', 2, 0, 73, '2018-05-24 12:23:32', 464, NULL, NULL, NULL),
(1701, 'Users_CreateUser_ControlPassword_Parciality_NEG', 'Založení Uživatele v modulu Uživatelé - vyplnění kolonky kontrolní heslo.', 'Vyskočení chybové hlášky.', 2, 0, 73, '2018-05-24 12:23:32', 464, NULL, NULL, NULL),
(1702, 'Users_CreateUser_RequiredColumns_Diacritical_NEG', 'Založení Uživatele v modulu Uživatelé - vyplnění povinných kolonek znaky s diakritikou.', 'Vyskočení chybové hlášky.', 2, 0, 73, '2018-05-24 12:23:32', 464, NULL, NULL, NULL),
(1703, 'Users_CreateUser_RequiredColumns_NonDiacritical_POS', 'Založení Uživatele v modulu Uživatelé - vyplnění povinných kolonek znaky bez diakritiky.', 'Vytvoření uživatele', 2, 0, 73, '2018-05-24 12:23:32', 464, NULL, NULL, NULL),
(1704, 'Users_CreateUser_RequiredColumns_Numbers_POS', 'Založení Uživatele v modulu Uživatelé - vyplnění povinných kolonek pomocí čísel.', 'Vytvoření uživatele', 2, 0, 73, '2018-05-24 12:23:32', 464, NULL, NULL, NULL),
(1705, 'Users_CreateUser_RequiredColumns_Special_NEG', 'Založení Uživatele v modulu Uživatelé - vyplnění povinných kolonek pomocí speciálních znaků.', 'Vyskočení chybové hlášky.', 2, 0, 73, '2018-05-24 12:23:32', 464, NULL, NULL, NULL),
(1706, 'Users_CreateUser_RequiredColumns_NoSpecialEmail_POS', 'Založení Uživatele v modulu Uživatelé - vyplnění povinných kolonek jméno, heslo a kontrolní heslo pomocí speciálních znaků a email pomocí povolených znaků. ', 'Vytvoření uživatele', 2, 0, 73, '2018-05-24 12:23:32', 464, NULL, NULL, NULL),
(1707, 'Users_CreateUser_RequiredColumns_NoNumberEmail_POS', 'Založení Uživatele v modulu Uživatelé - vyplnění povinných kolonek jméno, heslo a kontrolní heslo pomocí čísel a email pomocí povolených znaků. ', 'Vytvoření uživatele', 2, 0, 73, '2018-05-24 12:23:32', 464, NULL, NULL, NULL),
(1708, 'Users_CreateUser_RequiredColumns_NoDiacriticalEmail_POS', 'Založení Uživatele v modulu Uživatelé - vyplnění povinných kolonek jméno, heslo a kontrolní heslo pomocí znaků s diakritikou a email pomocí povolených znaků. ', 'Vytvoření uživatele', 2, 0, 73, '2018-05-24 12:23:32', 464, NULL, NULL, NULL),
(1709, 'Users_CreateUser_SurName_Diacritical_POS', 'Založení Uživatele v modulu Uživatelé - vyplnění povinných kolonek jméno,email, heslo a kontrolní heslo pomocí povolených znaků a kolonku příjmení pomocí znaků s diakritikou. ', 'Vytvoření uživatele', 2, 0, 73, '2018-05-24 12:23:32', 464, NULL, NULL, NULL),
(1710, 'Users_CreateUser_SurName_NonDiacritical_POS', 'Založení Uživatele v modulu Uživatelé - vyplnění povinných kolonek jméno,email, heslo a kontrolní heslo pomocí povolených znaků a kolonku příjmení pomocí znaků bez diakritiky. ', 'Vytvoření uživatele', 2, 0, 73, '2018-05-24 12:23:32', 464, NULL, NULL, NULL),
(1711, 'Users_CreateUser_SurName_Numbers_POS', 'Založení Uživatele v modulu Uživatelé - vyplnění povinných kolonek jméno,email, heslo a kontrolní heslo pomocí povolených znaků a kolonku příjmení pomocí čísel. ', 'Vytvoření uživatele', 2, 0, 73, '2018-05-24 12:23:32', 464, NULL, NULL, NULL),
(1712, 'Users_CreateUser_SurName_Special_POS', 'Založení Uživatele v modulu Uživatelé - vyplnění povinných kolonek jméno,email, heslo a kontrolní heslo pomocí povolených znaků a kolonku příjmení pomocí speciálních znaků.', 'Vytvoření uživatele', 2, 0, 73, '2018-05-24 12:23:32', 464, NULL, NULL, NULL),
(1713, 'Users_CreateUser_SurName_Empty_POS', 'Založení Uživatele v modulu Uživatelé - vyplnění povinných kolonek jméno,email, heslo a kontrolní heslo pomocí povolených znaků a kolonku příjmení nech prázdnou.', 'Vytvoření uživatele', 2, 0, 73, '2018-05-24 12:23:32', 464, NULL, NULL, NULL),
(1714, 'Users_CreateUser_PhoneNumber_Diacritical_NEG', 'Založení Uživatele v modulu Uživatelé - vyplnění povinných kolonek jméno,email, heslo a kontrolní heslo pomocí povolených znaků a kolonku Tel.číslo pomocí znaků s diakritikou.', 'Vyskočení chybové hlášky.', 2, 0, 73, '2018-05-24 12:23:32', 464, NULL, NULL, NULL),
(1715, 'Users_CreateUser_PhoneNumber_NonDiacritical_NEG', 'Založení Uživatele v modulu Uživatelé - vyplnění povinných kolonek jméno,email, heslo a kontrolní heslo pomocí povolených znaků a kolonku Tel.číslo pomocí znaků bez diakritiky.', 'Vyskočení chybové hlášky.', 2, 0, 73, '2018-05-24 12:23:32', 464, NULL, NULL, NULL),
(1716, 'Users_CreateUser_PhoneNumber_Numbers_POS', 'Založení Uživatele v modulu Uživatelé - vyplnění povinných kolonek jméno,email, heslo a kontrolní heslo pomocí povolených znaků a kolonku Tel.číslo pomocí čísel.', 'Vytvoření uživatele', 2, 0, 73, '2018-05-24 12:23:32', 464, NULL, NULL, NULL),
(1717, 'Users_CreateUser_PhoneNumber_Special_NEG', 'Založení Uživatele v modulu Uživatelé - vyplnění povinných kolonek jméno,email, heslo a kontrolní heslo pomocí povolených znaků a kolonku Tel.číslo pomocí speciálních znaků.', 'Vyskočení chybové hlášky.', 2, 0, 73, '2018-05-24 12:23:32', 464, NULL, NULL, NULL),
(1718, 'Users_CreateUser_PhoneNumber_Empty_POS', 'Založení Uživatele v modulu Uživatelé - vyplnění povinných kolonek jméno,email, heslo a kontrolní heslo pomocí povolených znaků a kolonku Tel.číslo nech prázdnou.', 'Vytvoření uživatele', 2, 0, 73, '2018-05-24 12:23:32', 464, NULL, NULL, NULL),
(1719, 'Users_CreateUser_PhoneNumber_Duplicity_NEG', 'Založení Uživatele v modulu Uživatelé - vyplnění povinných kolonek jméno,email, heslo a kontrolní heslo pomocí povolených znaků a kolonku Tel.číslo již existujícím(použitým) Tel.číslem.', 'Vyskočení chybové hlášky.', 2, 0, 73, '2018-05-24 12:23:32', 464, NULL, NULL, NULL),
(1720, 'Users_CreateUser_Email_Duplicity_NEG', 'Založení Uživatele v modulu Uživatelé - vyplnění povinných kolonek jméno,email, heslo a kontrolní heslo pomocí povolených znaků a kolonku email již existujícím(použitým) emailem.', 'Vyskočení chybové hlášky.', 2, 0, 73, '2018-05-24 12:23:32', 464, NULL, NULL, NULL),
(1721, 'Users_CreateUser_Rights_SuperAdmin_POS', 'Založení Uživatele v modulu Uživatelé - vyplnění povinných kolonek jméno,email, heslo a kontrolní heslo pomocí povolených znaků a zaškrtneme kolonku SuperAdmin.', 'Vytvoření uživatele s právy SuperAdmina', 2, 0, 73, '2018-05-24 12:23:32', 464, NULL, NULL, NULL),
(1722, 'Users_CreateUser_PortalRoles_WebAdministrator_POS', 'Založení Uživatele v modulu Uživatelé - vyplnění povinných kolonek jméno,email, heslo a kontrolní heslo pomocí povolených znaků a zaškrtneme kolonku Web administrátor.', 'Vytvoření uživatele s portálovou rolí Web Administrátora.', 2, 0, 73, '2018-05-24 12:23:32', 464, NULL, NULL, NULL),
(1723, 'Users_CreateUser_PortalRoles_MenuRights_POS', 'Založení Uživatele v modulu Uživatelé - vyplnění povinných kolonek jméno,email, heslo a kontrolní heslo pomocí povolených znaků a zaškrtneme kolonku Menu práva.', 'Vytvoření uživatele s portálovou rolí Menu práva.', 2, 0, 73, '2018-05-24 12:23:32', 464, NULL, NULL, NULL),
(1724, 'Users_LoginUser_Login_POS', 'Přihlášení na jiného Uživatele v modulu Uživatelé - kliknutí na tlačítko Přihlásit v Tabulce Uživatelů', 'Přihlášení na jiného uživatele.', 2, 0, 73, '2018-05-24 12:23:32', 464, NULL, NULL, NULL),
(1725, 'Users_LoginUser_LoginBack_POS', 'Přihlášení na jiného Uživatele v modulu Uživatelé a přihlášení zpět na předchozího Uživatele - kliknutí na tlačítko Přihlásit v Tabulce Uživatelů, poté na Zpět', 'Přihlášení na jiného uživatele a poté na výchozího..', 2, 0, 73, '2018-05-24 12:23:32', 464, NULL, NULL, NULL),
(1726, 'Users_EditUser_Name_POS', 'Upravení Uživatele v modulu Uživatelé - změnění kolonky jméno.', 'Změna jména uživatele.', 2, 0, 73, '2018-05-24 12:23:32', 464, NULL, NULL, NULL),
(1727, 'Users_EditUser_SurName_POS', 'Upravení Uživatele v modulu Uživatelé - změnění kolonky příjmení.', 'Změna příjmení uživatele.', 2, 0, 73, '2018-05-24 12:23:32', 464, NULL, NULL, NULL),
(1728, 'Users_EditUser_Email_POS', 'Upravení Uživatele v modulu Uživatelé - změnění kolonky email.', 'Změna emailu uživatele.', 2, 0, 73, '2018-05-24 12:23:32', 464, NULL, NULL, NULL),
(1729, 'Users_EditUser_PhoneNumber_POS', 'Upravení Uživatele v modulu Uživatelé - změnění kolonky Tel.číslo', 'Změna Tel.čísla uživatele.', 2, 0, 73, '2018-05-24 12:23:32', 464, NULL, NULL, NULL),
(1730, 'Users_EditUser_Password_POS', 'Upravení Uživatele v modulu Uživatelé - změnění kolonky heslo', 'Změna hesla uživatele.', 2, 0, 73, '2018-05-24 12:23:32', 464, NULL, NULL, NULL),
(1731, 'Users_EditUser_EditRights_POS', 'Upravení Uživatele v modulu Uživatelé - změnění práv SuperAdmin', 'Změna práv uživatele.', 2, 0, 73, '2018-05-24 12:23:32', 464, NULL, NULL, NULL),
(1732, 'Users_EditUser_EditRolesWebAdmin_POS', 'Upravení Uživatele v modulu Uživatelé - změnění rolí WebAdmin', 'Změna rolí uživatele.', 2, 0, 73, '2018-05-24 12:23:32', 464, NULL, NULL, NULL),
(1733, 'Users_EditUser_EditRolesMenu_POS', 'Upravení Uživatele v modulu Uživatelé - změnění rolí Menu práv', 'Změna rolí uživatele.', 2, 0, 73, '2018-05-24 12:23:32', 464, NULL, NULL, NULL),
(1734, 'Users_ArchiveUser_Archive_POS', 'Archivování Uživatele v modulu Uživatelé - kliknutí na tlačítko Archivovat', 'Archivování uživatele.', 2, 0, 73, '2018-05-24 12:23:32', 464, NULL, NULL, NULL),
(1735, 'Users_DeArchiveUser_DeArchive_POS', 'Odarchivování Uživatele v modulu Uživatelé - kliknutí na tlačítko Od/Archivovat', 'Odarchivování uživatele.', 2, 0, 73, '2018-05-24 12:23:32', 464, NULL, NULL, NULL),
(1736, 'Users_DeleteUser_Delete_POS', 'Smazání Uživatele v modulu Uživatelé - kliknutí na tlačítko smazat', 'Smazání uživatele.', 2, 0, 73, '2018-05-24 12:23:32', 464, NULL, NULL, NULL),
(1737, 'Users_tableOfUsers_TableView_POS', 'Úprava zobrazení tabulky v modulu Users. ', 'Upravené zobrazení tabulky uživatelů.', 1, 0, 73, '2018-05-24 12:23:32', 464, NULL, NULL, NULL),
(1738, 'Users_tableOfUsers_CountOfUsers_POS', 'Počet zobrazených Uživatelů v tabulce Uživatelé v modulu Users ', 'Zobrazení jiného počtu Uživatelů v tabulce Uživatelů', 1, 0, 73, '2018-05-24 12:23:32', 464, NULL, NULL, NULL),
(1739, 'Issue_CreateIssue_Heading_Diacritical_POS', 'Založení Issue v modulu Issue - vyplnění kolonky Nadpis znaky s diakritikou. ', 'Založení Issue', 1, 0, 73, '2018-05-24 12:25:06', 465, NULL, NULL, NULL),
(1740, 'Issue_CreateIssue_Heading_NonDiacritical_POS', 'Založení Issue v modulu Issue - vyplnění kolonky Nadpis znaky bez diakritiky. ', 'Založení Issue', 1, 0, 73, '2018-05-24 12:25:06', 465, NULL, NULL, NULL),
(1741, 'Issue_CreateIssue_Heading_Numbers_POS', 'Založení Issue v modulu Issue - vyplnění kolonky Nadpis čísly. ', 'Založení Issue', 1, 0, 73, '2018-05-24 12:25:06', 465, NULL, NULL, NULL),
(1742, 'Issue_CreateIssue_Heading_Special_POS', 'Založení Issue v modulu Issue - vyplnění kolonky Nadpis speciálními znaky. ', 'Založení Issue', 1, 0, 73, '2018-05-24 12:25:06', 465, NULL, NULL, NULL),
(1743, 'Issue_CreateIssue_Heading_EmptyHeading_NEG', 'Založení Issue v modulu Issue - nevyplnění kolonky Nadpis. ', 'Nezaložení Issue', 1, 0, 73, '2018-05-24 12:25:06', 465, NULL, NULL, NULL),
(1744, 'Issue_CreateIssue_Heading_SpaceBar_NEG', 'Založení Issue v modulu Issue - vyplnění kolonky Nadpis mezerami/spacebar. ', 'Nezaložení Issue', 1, 0, 73, '2018-05-24 12:25:06', 465, NULL, NULL, NULL),
(1745, 'Issue_CreateIssue_Heading_Duplicity_POS', 'Založení Issue v modulu Issue - vyplnění kolonky Nadpis již exustijícím(stejným Nadpisem)', 'Založení Issue', 1, 0, 73, '2018-05-24 12:25:06', 465, NULL, NULL, NULL),
(1746, 'Issue_CreateIssue_Description_Diacritical_POS', 'Založení Issue v modulu Issue - vyplnění kolonky Popis znaky s diakritikou. ', 'Založení Issue', 1, 0, 73, '2018-05-24 12:25:06', 465, NULL, NULL, NULL),
(1747, 'Issue_CreateIssue_Description_NonDiacritical_POS', 'Založení Issue v modulu Issue - vyplnění kolonky Popis znaky bez diakritiky. ', 'Založení Issue', 1, 0, 73, '2018-05-24 12:25:06', 465, NULL, NULL, NULL),
(1748, 'Issue_CreateIssue_Description_Numbers_POS', 'Založení Issue v modulu Issue - vyplnění kolonky Popis čísly. ', 'Založení Issue', 1, 0, 73, '2018-05-24 12:25:06', 465, NULL, NULL, NULL),
(1749, 'Issue_CreateIssue_Description_Special_POS', 'Založení Issue v modulu Issue - vyplnění kolonky Popis speciálními znaky.', 'Založení Issue', 1, 0, 73, '2018-05-24 12:25:06', 465, NULL, NULL, NULL),
(1750, 'Issue_CreateIssue_Description_EmptyDescription_POS', 'Založení Issue v modulu Issue - nevyplnění kolonky Popis. ', 'Založení Issue', 1, 0, 73, '2018-05-24 12:25:06', 465, NULL, NULL, NULL),
(1751, 'Issue_CreateIssue_Description_SpaceBar_POS', 'Založení Issue v modulu Issue - vyplnění kolonky Popis mezerami/spacebar. ', 'Založení Issue', 1, 0, 73, '2018-05-24 12:25:06', 465, NULL, NULL, NULL),
(1752, 'Issue_CreateIssue_Description_Duplicity_POS', 'Založení Issue v modulu Issue - vyplnění kolonky Popis již existijícím (stejným) popisem.', 'Založení Issue', 1, 0, 73, '2018-05-24 12:25:06', 465, NULL, NULL, NULL),
(1753, 'Issue_CreateIssue_Attachment_<2MB_POS', 'Založení Issue v modulu Issue - přidání Přílohy', 'Založení Issue', 1, 0, 73, '2018-05-24 12:25:06', 465, NULL, NULL, NULL),
(1754, 'Issue_CreateIssue_Attachment_>2MB_NEG', 'Založení Issue v modulu Issue - přidání Přílohy', 'Nezaložení Issue', 1, 0, 73, '2018-05-24 12:25:06', 465, NULL, NULL, NULL),
(1755, 'Issue_CreateIssue_Attachments_<2MB_POS', 'Založení Issue v modulu Issue - přidání Příloh', 'Založení Issue', 1, 0, 73, '2018-05-24 12:25:06', 465, NULL, NULL, NULL),
(1756, 'Issue_CreateIssue_Attachments_>2MB_NEG', 'Založení Issue v modulu Issue - přidání Příloh', 'Nezaložení Issue', 1, 0, 73, '2018-05-24 12:25:06', 465, NULL, NULL, NULL),
(1757, 'Issue_CreateIssue_AssignTo_POS', 'Založení Issue v modulu Issue - přidání Řešitele', 'Založení Issue', 1, 0, 73, '2018-05-24 12:25:06', 465, NULL, NULL, NULL),
(1758, 'Issue_CreateIssue_Priority_POS', 'Založení Issue v modulu Issue - zvolení Priority', 'Založení Issue', 1, 0, 73, '2018-05-24 12:25:06', 465, NULL, NULL, NULL),
(1759, 'Issue_CreateIssue_Type_POS', 'Založení Issue v modulu Issue - Typ Issue', 'Založení Issue', 1, 0, 73, '2018-05-24 12:25:06', 465, NULL, NULL, NULL),
(1760, 'Issue_CreateIssue_Close_POS', 'Založení Issue v modulu Issue - Zavření Issue', 'Založení Issue', 1, 0, 73, '2018-05-24 12:25:06', 465, NULL, NULL, NULL),
(1761, 'Issue_CreateIssue_Adress_NoAdress_POS', 'Založení Issue v modulu Issue - nevyplnění kolonek Projekt, Test Plan, Test Sprint, Test Set, Test Case, Test Step.', 'Založení Issue', 1, 0, 73, '2018-05-24 12:25:06', 465, NULL, NULL, NULL),
(1762, 'Issue_tableOfIssue_Filter_TypeOfIssue_POS', 'Vyhledávání ve Filtru v modulu Issue - Zvolení kolonky Typ Issue.', 'Vyhledání Issue', 1, 0, 73, '2018-05-24 12:25:06', 465, NULL, NULL, NULL),
(1763, 'Issue_tableOfIssue_Filter_StatusIssue_POS', 'Vyhledávání ve Filtru v modulu Issue - Zvolení kolonky Status.', 'Vyhledání Issue', 1, 0, 73, '2018-05-24 12:25:06', 465, NULL, NULL, NULL),
(1764, 'Issue_tableOfIssue_Filter_PriorityOfIssue_POS', 'Vyhledávání ve Filtru v modulu Issue - Zvolení kolonky  Priorita.', 'Vyhledání Issue', 1, 0, 73, '2018-05-24 12:25:06', 465, NULL, NULL, NULL),
(1765, 'Issue_tableOfIssue_Filter_Reset_POS', 'Vyhledávání ve Filtru v modulu Issue - Resetování(Vynulování).', 'Vyhledání Issue', 1, 0, 73, '2018-05-24 12:25:06', 465, NULL, NULL, NULL),
(1766, 'Issue_tableOfIssue_CountOfIssue_POS', 'Počet zobrazených Issue v tabulce Issue v modulu Issue ', 'Zobrazení jiného počtu Issue v tabulce Issue', 1, 0, 73, '2018-05-24 12:25:06', 465, NULL, NULL, NULL),
(1767, 'Issue_tableOfIssue_TableView_POS', 'Úprava zobrazení tabulky v modulu Issue ', 'Upravené zobrazení tabulky Issue', 1, 0, 73, '2018-05-24 12:25:06', 465, NULL, NULL, NULL),
(1768, 'Issue_tableOfIssue_ViewIssue_POS', 'Zobrazení Issue v modulu Issue ', 'Zobrazení Issue', 1, 0, 73, '2018-05-24 12:25:06', 465, NULL, NULL, NULL),
(1769, 'Issue_ExportIssue_PartExport_POS', 'Export upravené tabulky v modulu Issue ', 'Export upravené tabulky Issue', 1, 0, 73, '2018-05-24 12:25:06', 465, NULL, NULL, NULL),
(1770, 'Issue_ExportIssue_FullExport_POS', 'Export celé tabulky v modulu Issue ', 'Export celé tabulky Issue', 1, 0, 73, '2018-05-24 12:25:06', 465, NULL, NULL, NULL),
(1771, 'Issue_showIssue_View_POS', 'Náhled Issue', 'Zjištění podrobností o Issue', 1, 0, 73, '2018-05-24 12:25:06', 465, NULL, NULL, NULL),
(1772, 'Issue_EditIssue_Name_POS', 'Úprava názvu Issue ', 'Upravení  Issue', 1, 0, 73, '2018-05-24 12:25:06', 465, NULL, NULL, NULL),
(1773, 'Issue_EditIssue_Description_POS', 'Úprava Popisu Issue ', 'Upravení  Issue', 1, 0, 73, '2018-05-24 12:25:06', 465, NULL, NULL, NULL),
(1774, 'Issue_EditIssue_Priority_POS', 'Úprava priority u Issue', 'Úprava Issue', 1, 0, 73, '2018-05-24 12:25:06', 465, NULL, NULL, NULL),
(1775, 'Issue_EditIssue_Type_POS', 'Úprava typu u Issue', 'Úprava Issue', 1, 0, 73, '2018-05-24 12:25:06', 465, NULL, NULL, NULL),
(1776, 'Issue_EditIssue_Solver_POS', 'Úprava Řešitele u Issue', 'Úprava Issue', 1, 0, 73, '2018-05-24 12:25:06', 465, NULL, NULL, NULL),
(1777, 'Issue_Delete_POS', 'Odstranění Issue', 'Odstranění', 3, 0, 73, '2018-05-24 12:25:06', 465, NULL, NULL, NULL),
(1778, 'Settings_GeneralSettings_EditProjectName_Diakritic_POS', 'Vyplnění kolonky název pomocí znaků s diakritikou', 'Výsledkem je, že Projekt bude mít v názvu znaky s diakritikou ', 3, 0, 73, '2018-05-24 12:25:34', 466, NULL, NULL, NULL),
(1779, 'Settings_GeneralSettings_EditProjectName_Number_POS', 'Vyplnění kolonky název pomocí čísel', 'Výsledkem je, že Projekt bude mít v názvu čísla', 3, 0, 73, '2018-05-24 12:25:34', 466, NULL, NULL, NULL),
(1780, 'Settings_GeneralSettings_EditProjectName_SpecialCharacters_POS', 'Vyplnění kolonky název pomocí Speciálních znaků.', 'Výsledkem je, že Projekt bude mít v názvu Speciální znaky.', 3, 0, 73, '2018-05-24 12:25:34', 466, NULL, NULL, NULL),
(1781, 'Settings_GeneralSettings_EditProjectName_Empty_NEG', 'Do kolonky název vůbec nic nenapíše', 'Název projektu se nezmění.', 3, 0, 73, '2018-05-24 12:25:34', 466, NULL, NULL, NULL),
(1782, 'Settings_GeneralSettings_EditProjectName_Duplicate_NEG', 'Vyplnění kolonky název stejným názvem který už byl použit u jiného Projektu', 'Projekt se nemůže mít stejný název jako jiný', 3, 0, 73, '2018-05-24 12:25:34', 466, NULL, NULL, NULL),
(1783, 'Settings_GeneralSettings_EditDescription_Diakritic_POS', 'Vyplnění kolonky popis pomocí znaků s diakritikou', 'Výsledkem je, že Projekt bude mít v popise znaky s diakritikou ', 3, 0, 73, '2018-05-24 12:25:34', 466, NULL, NULL, NULL),
(1784, 'Settings_GeneralSettings_EditDescription_Number_POS', 'Vyplnění kolonky Popis pomocí čísel', 'Výsledkem je, že Projekt bude mít v popisu čísla', 3, 0, 73, '2018-05-24 12:25:34', 466, NULL, NULL, NULL),
(1785, 'Settings_GeneralSettings_EditDescription_SpecialCharacters_POS', 'Vyplnění kolonky popis pomocí Speciálních znaků.', 'Výsledkem je, že Projekt bude mít v popis Speciální znaky.', 3, 0, 73, '2018-05-24 12:25:34', 466, NULL, NULL, NULL),
(1786, 'Settings_GeneralSettings_EditDescription_Empty_Pos', 'Do kolonky popis vůbec nic nenapíše', 'Popis projektu bude prázdný', 3, 0, 73, '2018-05-24 12:25:34', 466, NULL, NULL, NULL),
(1787, 'Settings_GeneralSettings_EditDescription_Duplicate_POS', 'Vyplnění kolonky popis stejným popisem který už byl použit u jiného Projektu', 'Popis projektu bude stejný jako u jiného projektu', 3, 0, 73, '2018-05-24 12:25:34', 466, NULL, NULL, NULL),
(1788, 'Settings_ProjectRoles_Selection_Empty_POS', 'Projektové role nebudou přiřazeny žádnému určitému uživateli', 'V projektu bude každý moci vytvářet nové věci aj.', 3, 0, 73, '2018-05-24 12:25:34', 466, NULL, NULL, NULL),
(1789, 'Settings_ProjectRoles_Selection_POS', 'Přiřaďte projektové role jednotlivým uživatelům', 'V projektu budou dělat jen lidé kteří byly přiřazeni k projektu', 3, 0, 73, '2018-05-24 12:25:34', 466, NULL, NULL, NULL),
(1790, 'Settings_OtherSettings_Archive_POS', 'Archivování projektu', 'Projekt bude přesunut do archivu', 3, 0, 73, '2018-05-24 12:25:34', 466, NULL, NULL, NULL),
(1791, 'Settings_OtherSettings_Remove_POS', 'Odstranění projektu', 'Projekt se odstraní', 3, 0, 73, '2018-05-24 12:25:34', 466, NULL, NULL, NULL),
(1792, 'Settings_Services_SetIssueTracker_POS', 'Nastavení jiného Issue trackera', 'Jiný Issue Tracket', 3, 0, 73, '2018-05-24 12:25:34', 466, NULL, NULL, NULL),
(1793, 'Homepage_Projects_TableView_POS', 'Kliknutí na tlačítko Projekty - následné vyskočení okna s tabulkou projektů', 'Otevření tabulky projektů.', 1, 0, 73, '2018-05-24 12:26:02', 467, NULL, NULL, NULL),
(1794, 'Homepage_Projects_TableView_Close_POS', 'Kliknutí na tlačítko Projekty, poté na Zavřít - vyskočení okna s tabulkou projektů a následné zavření okna.', 'Zavření okna.', 1, 0, 73, '2018-05-24 12:26:02', 467, NULL, NULL, NULL),
(1795, 'Homepage_Projects_ProjectView_POS', 'Kliknutí na tlačítko Projekty, poté na název Projektu - následné vyskočení okna s tabulkou projektů a zobrazení projektu', 'Otevření projektu.', 1, 0, 73, '2018-05-24 12:26:02', 467, NULL, NULL, NULL),
(1796, 'Homepage_Calendar_View_POS', 'Kliknutí na tlačítko Kalendář - vyskočení okna s Kalendářem.', 'Otevření kalendáře.', 1, 0, 73, '2018-05-24 12:26:02', 467, NULL, NULL, NULL),
(1797, 'Homepage_Calendar_TableView_Close_POS', 'Kliknutí na tlačítko Kalendář, poté na Zavřít - vyskočení okna s kalendářem a následné zavření okna.', 'Zavření okna.', 1, 0, 73, '2018-05-24 12:26:02', 467, NULL, NULL, NULL),
(1798, 'Homepage_Calendar_TableView_Week_POS', 'Kliknutí na tlačítko Kalendář, poté na tlačítko Týden - vyskočení okna s kalendářem a následné přepnutí kalendáře na týdení zobrazení.', 'Tydenní zobrazení.', 1, 0, 73, '2018-05-24 12:26:02', 467, NULL, NULL, NULL),
(1799, 'Homepage_Calendar_TableView_Month_POS', 'Kliknutí na tlačítko Kalendář, poté na tlačítko Měsíc - vyskočení okna s kalendářem a následné přepnutí kalendáře na měsíční zobrazení.', 'Měsíční zobrazení.', 1, 0, 73, '2018-05-24 12:26:02', 467, NULL, NULL, NULL),
(1800, 'Homepage_Calendar_TableView_Today_POS', 'Kliknutí na tlačítko Kalendář, poté na tlačítko Dnes - vyskočení okna s kalendářem a následné zobrazení dnešního dne.', 'Dnešní zobrazení.', 1, 0, 73, '2018-05-24 12:26:02', 467, NULL, NULL, NULL),
(1801, 'Homepage_SprintProgress_SwitchTag_POS', 'Kliknutí na tlačítko Vyber Tag, poté zvolení libovolného Tagu - zobrazení progresu v procentech', 'Procentuální progres ve sprintu daného Tagu.', 1, 0, 73, '2018-05-24 12:26:02', 467, NULL, NULL, NULL),
(1802, 'Homepage_AssignedTestCases_ShowTC_POS', 'Kliknutí na číslo v kolonce Počet mých scénářů.', 'Zobrazení přiřazených scénářů v projektu.', 1, 0, 73, '2018-05-24 12:26:02', 467, NULL, NULL, NULL),
(1813, 'Issue_CreateIssue_Heading_Diacritical_POS', 'Založení Issue v modulu Issue - vyplnění kolonky Nadpis znaky s diakritikou. ', 'Založení Issue', 1, 0, 73, '2018-05-24 12:26:10', 469, NULL, NULL, NULL),
(1814, 'Issue_CreateIssue_Heading_NonDiacritical_POS', 'Založení Issue v modulu Issue - vyplnění kolonky Nadpis znaky bez diakritiky. ', 'Založení Issue', 1, 0, 73, '2018-05-24 12:26:10', 469, NULL, NULL, NULL),
(1815, 'Issue_CreateIssue_Heading_Numbers_POS', 'Založení Issue v modulu Issue - vyplnění kolonky Nadpis čísly. ', 'Založení Issue', 1, 0, 73, '2018-05-24 12:26:10', 469, NULL, NULL, NULL),
(1816, 'Issue_CreateIssue_Heading_Special_POS', 'Založení Issue v modulu Issue - vyplnění kolonky Nadpis speciálními znaky. ', 'Založení Issue', 1, 0, 73, '2018-05-24 12:26:10', 469, NULL, NULL, NULL),
(1817, 'Issue_CreateIssue_Heading_EmptyHeading_NEG', 'Založení Issue v modulu Issue - nevyplnění kolonky Nadpis. ', 'Nezaložení Issue', 1, 0, 73, '2018-05-24 12:26:10', 469, NULL, NULL, NULL),
(1818, 'Issue_CreateIssue_Heading_SpaceBar_NEG', 'Založení Issue v modulu Issue - vyplnění kolonky Nadpis mezerami/spacebar. ', 'Nezaložení Issue', 1, 0, 73, '2018-05-24 12:26:10', 469, NULL, NULL, NULL),
(1819, 'Issue_CreateIssue_Heading_Duplicity_POS', 'Založení Issue v modulu Issue - vyplnění kolonky Nadpis již existujícím(stejným Nadpisem)', 'Založení Issue', 1, 0, 73, '2018-05-24 12:26:10', 469, NULL, NULL, NULL),
(1820, 'Issue_CreateIssue_Description_Diacritical_POS', 'Založení Issue v modulu Issue - vyplnění kolonky Popis znaky s diakritikou. ', 'Založení Issue', 1, 0, 73, '2018-05-24 12:26:10', 469, NULL, NULL, NULL),
(1821, 'Issue_CreateIssue_Description_NonDiacritical_POS', 'Založení Issue v modulu Issue - vyplnění kolonky Popis znaky bez diakritiky. ', 'Založení Issue', 1, 0, 73, '2018-05-24 12:26:10', 469, NULL, NULL, NULL),
(1822, 'Issue_CreateIssue_Description_Numbers_POS', 'Založení Issue v modulu Issue - vyplnění kolonky Popis čísly. ', 'Založení Issue', 1, 0, 73, '2018-05-24 12:26:10', 469, NULL, NULL, NULL),
(1823, 'Issue_CreateIssue_Description_Special_POS', 'Založení Issue v modulu Issue - vyplnění kolonky Popis speciálními znaky.', 'Založení Issue', 1, 0, 73, '2018-05-24 12:26:10', 469, NULL, NULL, NULL),
(1824, 'Issue_CreateIssue_Description_EmptyDescription_POS', 'Založení Issue v modulu Issue - nevyplnění kolonky Popis. ', 'Založení Issue', 1, 0, 73, '2018-05-24 12:26:10', 469, NULL, NULL, NULL),
(1825, 'Issue_CreateIssue_Description_SpaceBar_POS', 'Založení Issue v modulu Issue - vyplnění kolonky Popis mezerami/spacebar. ', 'Založení Issue', 1, 0, 73, '2018-05-24 12:26:10', 469, NULL, NULL, NULL),
(1826, 'Issue_CreateIssue_Description_Duplicity_POS', 'Založení Issue v modulu Issue - vyplnění kolonky Popis již existijícím (stejným) popisem.', 'Založení Issue', 1, 0, 73, '2018-05-24 12:26:10', 469, NULL, NULL, NULL),
(1827, 'Issue_CreateIssue_Attachment_<2MB_POS', 'Založení Issue v modulu Issue - přidání Přílohy', 'Založení Issue', 1, 0, 73, '2018-05-24 12:26:10', 469, NULL, NULL, NULL),
(1828, 'Issue_CreateIssue_Attachment_>2MB_NEG', 'Založení Issue v modulu Issue - přidání Přílohy', 'Nezaložení Issue', 1, 0, 73, '2018-05-24 12:26:10', 469, NULL, NULL, NULL),
(1829, 'Issue_CreateIssue_Attachments_<2MB_POS', 'Založení Issue v modulu Issue - přidání Příloh', 'Založení Issue', 1, 0, 73, '2018-05-24 12:26:10', 469, NULL, NULL, NULL),
(1830, 'Issue_CreateIssue_Attachments_>2MB_NEG', 'Založení Issue v modulu Issue - přidání Příloh', 'Nezaložení Issue', 1, 0, 73, '2018-05-24 12:26:10', 469, NULL, NULL, NULL),
(1831, 'Issue_CreateIssue_AssignTo_POS', 'Založení Issue v modulu Issue - přidání Řešitele', 'Založení Issue', 1, 0, 73, '2018-05-24 12:26:10', 469, NULL, NULL, NULL),
(1832, 'Issue_CreateIssue_Priority_POS', 'Založení Issue v modulu Issue - zvolení Priority', 'Založení Issue', 1, 0, 73, '2018-05-24 12:26:10', 469, NULL, NULL, NULL),
(1833, 'Issue_CreateIssue_Type_POS', 'Založení Issue v modulu Issue - Typ Issue', 'Založení Issue', 1, 0, 73, '2018-05-24 12:26:10', 469, NULL, NULL, NULL),
(1834, 'Issue_CreateIssue_Close_POS', 'Založení Issue v modulu Issue - Zavření Issue', 'Založení Issue', 1, 0, 73, '2018-05-24 12:26:10', 469, NULL, NULL, NULL),
(1835, 'Issue_CreateIssue_Adress_NoAdress_POS', 'Založení Issue v modulu Issue - nevyplnění kolonek Projekt, Test Plan, Test Sprint, Test Set, Test Case, Test Step.', 'Založení Issue', 1, 0, 73, '2018-05-24 12:26:10', 469, NULL, NULL, NULL),
(1836, 'Issue_tableOfIssue_Filter_TypeOfIssue_POS', 'Vyhledávání ve Filtru v modulu Issue - Zvolení kolonky Typ Issue.', 'Vyhledání Issue', 1, 0, 73, '2018-05-24 12:26:10', 469, NULL, NULL, NULL),
(1837, 'Issue_tableOfIssue_Filter_StatusIssue_POS', 'Vyhledávání ve Filtru v modulu Issue - Zvolení kolonky Status.', 'Vyhledání Issue', 1, 0, 73, '2018-05-24 12:26:10', 469, NULL, NULL, NULL),
(1838, 'Issue_tableOfIssue_Filter_PriorityOfIssue_POS', 'Vyhledávání ve Filtru v modulu Issue - Zvolení kolonky  Priorita.', 'Vyhledání Issue', 1, 0, 73, '2018-05-24 12:26:10', 469, NULL, NULL, NULL),
(1839, 'Issue_tableOfIssue_Filter_Reset_POS', 'Vyhledávání ve Filtru v modulu Issue - Resetování(Vynulování).', 'Vyhledání Issue', 1, 0, 73, '2018-05-24 12:26:10', 469, NULL, NULL, NULL),
(1840, 'Issue_tableOfIssue_CountOfIssue_POS', 'Počet zobrazených Issue v tabulce Issue v modulu Issue ', 'Zobrazení jiného počtu Issue v tabulce Issue', 1, 0, 73, '2018-05-24 12:26:10', 469, NULL, NULL, NULL),
(1841, 'Issue_tableOfIssue_TableView_POS', 'Úprava zobrazení tabulky v modulu Issue ', 'Upravené zobrazení tabulky Issue', 1, 0, 73, '2018-05-24 12:26:10', 469, NULL, NULL, NULL),
(1842, 'Issue_tableOfIssue_ViewIssue_POS', 'Zobrazení Issue v modulu Issue ', 'Zobrazení Issue', 1, 0, 73, '2018-05-24 12:26:10', 469, NULL, NULL, NULL),
(1843, 'Issue_ExportIssue_PartExport_POS', 'Export upravené tabulky v modulu Issue ', 'Export upravené tabulky Issue', 1, 0, 73, '2018-05-24 12:26:10', 469, NULL, NULL, NULL),
(1844, 'Issue_ExportIssue_FullExport_POS', 'Export celé tabulky v modulu Issue ', 'Export celé tabulky Issue', 1, 0, 73, '2018-05-24 12:26:10', 469, NULL, NULL, NULL),
(1845, 'Logs_tableOfLogs_Filter_ActionOfLog_POS', 'Vyhledávání ve Filtru v modulu Logs - Zvolení kolonky Akce Logu.', 'Vyhledání Logu', 1, 0, 73, '2018-05-24 12:26:19', 470, NULL, NULL, NULL),
(1846, 'Logs_tableOfLogs_Filter_PermissionOfLog_POS', 'Vyhledávání ve Filtru v modulu Logs - Zvolení kolonky Povolení.', 'Vyhledání Logu', 1, 0, 73, '2018-05-24 12:26:19', 470, NULL, NULL, NULL),
(1847, 'Logs_tableOfLogs_Filter_DateInOfLog_POS', 'Vyhledávání ve Filtru v modulu Logs - Zvolení kolonky datum vložení.', 'Vyhledání Logu', 1, 0, 73, '2018-05-24 12:26:19', 470, NULL, NULL, NULL),
(1848, 'Logs_tableOfLogs_Filter_TabOfLog_POS', 'Vyhledávání ve Filtru v modulu Logs - Zvolení kolonky Tab.', 'Vyhledání Logu', 1, 0, 73, '2018-05-24 12:26:19', 470, NULL, NULL, NULL),
(1849, 'Logs_tableOfLogs_Filter_UserOfLog_POS', 'Vyhledávání ve Filtru v modulu Logs - Zvolení kolonky  Uživatel.', 'Vyhledání Logu', 1, 0, 73, '2018-05-24 12:26:19', 470, NULL, NULL, NULL),
(1850, 'Logs_tableOfLogs_Filter_Reset_POS', 'Vyhledávání ve Filtru v modulu Logs - Resetování(Vynulování).', 'Vyhledání Logu', 1, 0, 73, '2018-05-24 12:26:19', 470, NULL, NULL, NULL),
(1851, 'Logs_tableOfLogs_CountOfLogs_POS', 'Počet zobrazených logů v tabulce logů v modulu Logs ', 'Zobrazení jiného počtu logů v tabulce Logů.', 1, 0, 73, '2018-05-24 12:26:19', 470, NULL, NULL, NULL),
(1852, 'Logs_tableOfLogs_TableView_POS', 'Úprava zobrazení tabulky v modulu Logs. ', 'Upravené zobrazení tabulky Logů.', 1, 0, 73, '2018-05-24 12:26:19', 470, NULL, NULL, NULL),
(1853, 'Release/Camp_CreateRelease/Camp_Name_Diacritical_POS', 'Vytvoření kampaně v modulu Release/Camp - vyplnění kolonky Název znaky s diakritikou.', 'Vytvořená kampaň', 1, 0, 73, '2018-05-24 12:26:27', 471, NULL, NULL, NULL),
(1854, 'Release/Camp_CreateRelease/Camp_Name_NonDiacritical_POS', 'Vytvoření kampaně v modulu Release/Camp - vyplnění kolonky Název znaky bez diakritiky.', 'Vytvořená kampaň', 1, 0, 73, '2018-05-24 12:26:27', 471, NULL, NULL, NULL),
(1855, 'Release/Camp_CreateRelease/Camp_Name_Numbers_POS', 'Vytvoření kampaně v modulu Release/Camp - vyplnění kolonky Název pomocí čísel.', 'Vytvořená kampaň', 1, 0, 73, '2018-05-24 12:26:27', 471, NULL, NULL, NULL),
(1856, 'Release/Camp_CreateRelease/Camp_Name_Special_POS', 'Vytvoření kampaně v modulu Release/Camp - vyplnění kolonky Název pomocí speciálních znaků.', 'Vytvořená kampaň', 1, 0, 73, '2018-05-24 12:26:27', 471, NULL, NULL, NULL),
(1857, 'Release/Camp_CreateRelease/Camp_Name_Empty_NEG', 'Vytvoření kampaně v modulu Release/Camp - nevyplnění kolonky Název.', 'Nevytvořená kampaň.', 1, 0, 73, '2018-05-24 12:26:27', 471, NULL, NULL, NULL),
(1858, 'Release/Camp_CreateRelease/Camp_Name_SpaceBar_NEG', 'Vytvoření kampaně v modulu Release/Camp - vyplnění kolonky Název mezerami/spacebar.', 'Nevytvořená kampaň.', 1, 0, 73, '2018-05-24 12:26:27', 471, NULL, NULL, NULL),
(1859, 'Release/Camp_CreateRelease/Camp_Name_Duplicity_NEG 257080080', 'Vytvoření kampaně v modulu Release/Camp - vyplnění kolonky Název již existujícím(stejným Názvem).', 'Nevytvořená kampaň.', 1, 0, 73, '2018-05-24 12:26:27', 471, NULL, NULL, NULL),
(1860, 'Release/Camp_ShowRelease/Camp_POS', 'Zobrazení dané kampaně v modulu Release/Camp - otevření Dashboardu(nástěnky)', 'Otevře se Dashboard kampaně.', 1, 0, 73, '2018-05-24 12:26:27', 471, NULL, NULL, NULL),
(1861, 'Release/Camp_DeleteRelease/Camp_POS', 'Smazání dané kampaně v modulu Release/Camp - odstranění kampaně', 'Odstraní se Dashboard kampaně.', 1, 0, 73, '2018-05-24 12:26:27', 471, NULL, NULL, NULL),
(1862, 'Release/Camp_Delete_CloseRelease/Camp_POS', 'Smazání dané kampaně v modulu Release/Camp - zrušení smazání kampaně', 'Neodstraní se Dashboard kampaně.', 1, 0, 73, '2018-05-24 12:26:27', 471, NULL, NULL, NULL),
(1863, 'Release/Camp_tableOfRelease/Camp_CountOfRelease/Camp_POS', 'Počet zobrazených kampaní v tabulce Release/Camp v modulu Release/Camp ', 'Zobrazení jiného počtu kampaní v tabulce Release/Camp', 1, 0, 73, '2018-05-24 12:26:27', 471, NULL, NULL, NULL),
(1864, 'Release/Camp_tableOfRelease/Camp_TableView_POS', 'Úprava zobrazení tabulky v modulu Release/Camp. ', 'Upravené zobrazení tabulky Release/Camp.', 1, 0, 73, '2018-05-24 12:26:27', 471, NULL, NULL, NULL),
(1865, 'Release/Camp_Show_AddCommentRelease/Camp_POS', 'Zobrazení dané kampaně v modulu Release/Camp - přidání komentáře.', 'Otevře se Dashboard kampaně. Přidání komentáře.', 1, 0, 73, '2018-05-24 12:26:27', 471, NULL, NULL, NULL),
(1866, 'Release/Camp_Show_AddEmptyCommentRelease/Camp_NEG', 'Zobrazení dané kampaně v modulu Release/Camp - přidání prázdného komentáře .', 'Otevře se Dashboard kampaně. Nepřidá se prázdný komentář.', 1, 0, 73, '2018-05-24 12:26:27', 471, NULL, NULL, NULL),
(1867, 'Release/Camp_EditRelease_OpenEditRelease/Camp_POS', 'Zobrazení uprávení dané kampaně v modulu Release/Camp.', 'Otevře se záložka na úpravu kampaně.', 1, 0, 73, '2018-05-24 12:26:27', 471, NULL, NULL, NULL),
(1868, 'Release/Camp_EditTP_OpenTP_POS', 'Zobrazení uprávení daného Test Plánu z kampaně v modulu Release/Camp.', 'Otevře se záložka na úpravu Test Planu z kampaně.', 1, 0, 73, '2018-05-24 12:26:27', 471, NULL, NULL, NULL),
(1869, 'Release/Camp_DeleteTP_DeleteTPfromRelease_POS', 'Smazání Test Plánu z kampaně v modulu Release/Camp.', 'Smaže se Test Plan z kampaně.', 1, 0, 73, '2018-05-24 12:26:27', 471, NULL, NULL, NULL),
(1870, 'Release/Camp_CloseDeleteTP_DeleteTPfromRelease_POS', 'Nesmazání Test Plánu z kampaně v modulu Release/Camp.', 'Nesmaže se Test Plan z kampaně.', 1, 0, 73, '2018-05-24 12:26:27', 471, NULL, NULL, NULL),
(1871, 'Release/Camp_ShowTP_POS', 'Zobrazení daného Test Plánu  - otevření Dashboardu(nástěnky)', 'Otevře se Dashboard Test Plánu', 1, 0, 73, '2018-05-24 12:26:27', 471, NULL, NULL, NULL),
(1872, 'Release/Camp._EditCampaign_POS', 'Přehled průběhu Kampaně,její milníky a iterace. Možnost Upravení', 'Úprava Release/Camp', 3, 0, 73, '2018-05-24 12:26:27', 471, NULL, NULL, NULL),
(1873, 'Release/Camp._EditCampaign_AddIteration_Name_WithDiakritics_POS', 'Přidání nové iterace, kde v názvu budou znaky s diakritikoi', 'Iterace byla přidána', 3, 0, 73, '2018-05-24 12:26:27', 471, NULL, NULL, NULL),
(1874, 'Release/Camp._EditCampaign_AddIteration_Name_WithoutDiakritics_POS', 'Přidání nové iterace, kde v názvu budou znaky bez diakritikou', 'Iterace byla přidána', 3, 0, 73, '2018-05-24 12:26:27', 471, NULL, NULL, NULL),
(1875, 'Release/Camp._EditCampaign_AddIteration_Name_Numbers_POS', 'Přidání nové iterace, kde v názvu budou čísla', 'Iterace byla přidána', 3, 0, 73, '2018-05-24 12:26:27', 471, NULL, NULL, NULL),
(1876, 'Release/Camp._EditCampaign_AddIteration_Name_SpecialCharacters_POS', 'Přidání nové iterace, kde název bude tvořen pomocí speciálních znaků', 'Iterace byla přidána', 3, 0, 73, '2018-05-24 12:26:27', 471, NULL, NULL, NULL),
(1877, 'Release/Camp._EditCampaign_AddIteration_Name_Empty_NEG', 'Přidání nové iterace, kde název bude prázdný.', 'Iterace se nepřidá', 3, 0, 73, '2018-05-24 12:26:27', 471, NULL, NULL, NULL),
(1878, 'Release/Camp._EditCampaign_AddIteration_Description_WithDiakritics_POS', 'Přidání nové iterace, kde v popisu budou znaky s diakritikoi', 'Iterace byla přidána', 3, 0, 73, '2018-05-24 12:26:27', 471, NULL, NULL, NULL),
(1879, 'Release/Camp._EditCampaign_AddIteration_Description_WithoutDiakritics_POS', 'Přidání nové iterace, kde v popisu budou znaky bez diakritiky', 'Iterace byla přidána', 3, 0, 73, '2018-05-24 12:26:27', 471, NULL, NULL, NULL),
(1880, 'Release/Camp._EditCampaign_AddIteration_Description_SpecialCharacters_POS', 'Přidání nové iterace, kde v popisu budou specialní znaky', 'Iterace byla přidána', 3, 0, 73, '2018-05-24 12:26:27', 471, NULL, NULL, NULL),
(1881, 'Release/Camp._EditCampaign_AddIteration_Description_Numbers_POS', 'Přidání nové iterace, kde v popisu budou čísla', 'Iterace byla přidána', 3, 0, 73, '2018-05-24 12:26:27', 471, NULL, NULL, NULL),
(1882, 'Release/Camp._EditCampaign_AddIteration_Description_Empty_POS', 'Přidání nové iterace, kde popis bude prázdný', 'Iterace byla přidána', 3, 0, 73, '2018-05-24 12:26:27', 471, NULL, NULL, NULL),
(1883, 'Release/Camp._EditCampaign_AddIteration_SelectionFrom_POS', 'Přidání nové iterace, výběr od kdy bude iterece trvat', 'Přidání nové iterace', 3, 0, 73, '2018-05-24 12:26:27', 471, NULL, NULL, NULL),
(1884, 'Release/Camp._EditCampaign_AddIteration_SelectionTo_POS', 'Přidání nové iterace, výběr do kdy bude iterece trvat', 'Přidání nové iterace', 3, 0, 73, '2018-05-24 12:26:27', 471, NULL, NULL, NULL),
(1885, 'Release/Camp._EditCampaign_AddIteration_SelectionColor_POS', 'Přidání nové iterace, výběr barvy iterece.', 'Přidání nové iterace', 3, 0, 73, '2018-05-24 12:26:27', 471, NULL, NULL, NULL),
(1886, 'Release/Camp._EditCampaign_AddMillestones_Name_WithDiakritics_POS', 'Přidání nového milníku, kde v názvu budou znaky s diakritikoi', 'Milník byla přidána', 3, 0, 73, '2018-05-24 12:26:27', 471, NULL, NULL, NULL),
(1887, 'Release/Camp._EditCampaign_AddMillestones_Name_WithoutDiakritics_POS', 'Přidání nového milníku, kde v názvu budou znaky bez diakritikou', 'Milník byla přidána', 3, 0, 73, '2018-05-24 12:26:27', 471, NULL, NULL, NULL),
(1888, 'Release/Camp._EditCampaign_AddMillestones_Name_Numbers_POS', 'Přidání nového milníku, kde v názvu budou čísla', 'Milník byla přidána', 3, 0, 73, '2018-05-24 12:26:27', 471, NULL, NULL, NULL),
(1889, 'Release/Camp._EditCampaign_AddIMillestones_Name_SpecialCharacters_POS', 'Přidání nového milníku, kde název bude tvořen pomocí speciálních znaků', 'Milník byla přidána', 3, 0, 73, '2018-05-24 12:26:27', 471, NULL, NULL, NULL),
(1890, 'Release/Camp._EditCampaign_AddMillestones_Name_Empty_NEG', 'Přidání nového milníku, kde název bude prázdný.', 'Milník se nepřidá', 3, 0, 73, '2018-05-24 12:26:27', 471, NULL, NULL, NULL),
(1891, 'Release/Camp._EditCampaign_AddMillestones_Description_WithDiakritics_POS', 'Přidání nového milníku, kde v popisu budou znaky s diakritikoi', 'Milník byla přidána', 3, 0, 73, '2018-05-24 12:26:27', 471, NULL, NULL, NULL),
(1892, 'Release/Camp._EditCampaign_AddMillestones_Description_WithoutDiakritics_POS', 'Přidání nového milníku, kde v popisu budou znaky bez diakritiky', 'Milník byl přidán', 3, 0, 73, '2018-05-24 12:26:27', 471, NULL, NULL, NULL),
(1893, 'Release/Camp._EditCampaign_AddMillestones_Description_SpecialCharacters_POS', 'Přidání nového milníku, kde v popisu budou specialní znaky', 'Milník byl přidán', 3, 0, 73, '2018-05-24 12:26:27', 471, NULL, NULL, NULL),
(1894, 'Release/Camp._EditCampaign_AddMillestones_Description_Numbers_POS', 'Přidání nového milníku, kde v popisu budou čísla', 'Milník byla přidána', 3, 0, 73, '2018-05-24 12:26:27', 471, NULL, NULL, NULL),
(1895, 'Release/Camp._EditCampaign_AddMillestones_Description_Empty_POS', 'Přidání nového milníku, kde popis bude prázdný', 'Milník byl přidán', 3, 0, 73, '2018-05-24 12:26:27', 471, NULL, NULL, NULL),
(1896, 'Release/Camp._EditCampaign_AddMillestones_SelectionDate_POS', 'Přidání nové iterace, výběr data kdy bude milník probíhat', 'Přidání nového milníku', 3, 0, 73, '2018-05-24 12:26:27', 471, NULL, NULL, NULL),
(1897, 'Release/Camp._EditCampaign_AddMilestone_Importance_POS', 'Přidání nového milníku, výběr důležitosti milníku.', 'Přidání nového milníku', 3, 0, 73, '2018-05-24 12:26:27', 471, NULL, NULL, NULL),
(1898, 'Release/Camp._RemoveCampaign_POS', 'Smazání kampaně', 'Odstranění kampaně', 3, 0, 73, '2018-05-24 12:26:27', 471, NULL, NULL, NULL),
(1899, 'Projects_CreateProjects_Name_Diacritical_POS', 'Vytvoření projektu v modulu Projekt - vyplnění kolonky Název znaky s diakritikou.', 'Vytvořený projekt.', 2, 0, 73, '2018-05-24 12:26:28', 472, NULL, NULL, NULL),
(1900, 'Projects_CreateProjects_Name_NonDiacritical_POS', 'Vytvoření projektu v modulu Projekt - vyplnění kolonky Název znaky bez diakritiky.', 'Vytvořený projekt.', 2, 0, 73, '2018-05-24 12:26:28', 472, NULL, NULL, NULL),
(1901, 'Projects_CreateProjects_Name_Numbers_POS', 'Vytvoření projektu v modulu Projekt - vyplnění kolonky Název čísly.', 'Vytvořený projekt.', 2, 0, 73, '2018-05-24 12:26:28', 472, NULL, NULL, NULL),
(1902, 'Projects_CreateProjects_Name_Special_POS', 'Vytvoření projektu v modulu Projekt - vyplnění kolonky Název speciálními znaky.', 'Vytvořený projekt.', 2, 0, 73, '2018-05-24 12:26:28', 472, NULL, NULL, NULL);
INSERT INTO `test_case` (`id`, `name`, `description`, `result`, `priority`, `approved`, `creator_id`, `create_date`, `test_set_id`, `application_id`, `environment_id`, `module_id`) VALUES
(1903, 'Projects_CreateProjects_Name_EmptyName_NEG', 'Vytvoření projektu v modulu Projekt -  nevyplnění kolonky Název.', 'Nevytvořený projekt.', 2, 0, 73, '2018-05-24 12:26:28', 472, NULL, NULL, NULL),
(1904, 'Projects_CreateProjects_Name_SpaceBar_NEG', 'Vytvoření projektu v modulu Projekt- vyplnění kolonky Název mezerami/spacebar.', 'Nevytvořený projekt.', 2, 0, 73, '2018-05-24 12:26:28', 472, NULL, NULL, NULL),
(1905, 'Projects_CreateProjects_Name_Duplicity_NEG', 'Vytvoření projektu v modulu Projekt - vyplnění kolonky Název již exustijícím(stejným Názvem)', 'Nevytvořený projekt.', 2, 0, 73, '2018-05-24 12:26:28', 472, NULL, NULL, NULL),
(1906, 'Projects_CreateProjects_Description_Diacritical_POS', 'Vytvoření projektu v modulu Projekt - vyplnění kolonky Popis znaky s diakritikou.', 'Vytvořený projekt.', 2, 0, 73, '2018-05-24 12:26:28', 472, NULL, NULL, NULL),
(1907, 'Projects_CreateProjects_Description_NonDiacritical_POS', 'Vytvoření projektu v modulu Projekt - vyplnění kolonky Popis znaky bez diakritiky.', 'Vytvořený projekt.', 2, 0, 73, '2018-05-24 12:26:28', 472, NULL, NULL, NULL),
(1908, 'Projects_CreateProjects_Description_Numbers_POS', 'Vytvoření projektu v modulu Projekt - vyplnění kolonky Popis čísly.', 'Vytvořený projekt.', 2, 0, 73, '2018-05-24 12:26:28', 472, NULL, NULL, NULL),
(1909, 'Projects_CreateProjects_Description_Special_POS', 'Vytvoření projektu v modulu Projekt - vyplnění kolonky Popis speciálními znaky.', 'Vytvořený projekt.', 2, 0, 73, '2018-05-24 12:26:28', 472, NULL, NULL, NULL),
(1910, 'Projects_CreateProjects_Description_EmptyDescription_POS', 'Vytvoření projektu v modulu Projekt - nevyplnění kolonky Popis.', 'Vytvořený projekt.', 2, 0, 73, '2018-05-24 12:26:28', 472, NULL, NULL, NULL),
(1911, 'Projects_CreateProjects_Description_SpaceBar_POS', 'Vytvoření projektu v modulu Projekt - vyplnění kolonky Popis mezerami/spacebar.', 'Vytvořený projekt.', 2, 0, 73, '2018-05-24 12:26:28', 472, NULL, NULL, NULL),
(1912, 'Projects_CreateProjects_Description_Duplicity_POS', 'Vytvoření projektu v modulu Projekt - vyplnění kolonky Popis již existujícím Popisem.', 'Vytvořený projekt.', 2, 0, 73, '2018-05-24 12:26:28', 472, NULL, NULL, NULL),
(1913, 'Projects_CreateProjects_Close_POS', 'Vytvoření projektu v modulu Projekt - zavření okna na vytvoření Projektu.', 'Vytvořený projekt.', 2, 0, 73, '2018-05-24 12:26:28', 472, NULL, NULL, NULL),
(1914, 'Projects_tableOfProjects_TableView_POS', 'Úprava zobrazení tabulky v modulu Projects. ', 'Upravené zobrazení tabulky Projects.', 1, 0, 73, '2018-05-24 12:26:28', 472, NULL, NULL, NULL),
(1915, 'Projects_tableOfProjects_CountOfProjects_POS', 'Počet zobrazených Projektů v tabulce Projects v modulu Projects ', 'Zobrazení jiného počtu Projektů v tabulce Projects', 1, 0, 73, '2018-05-24 12:26:28', 472, NULL, NULL, NULL),
(1916, 'Projects_tableOfProjects_ArchiveOfProjects_POS', 'Zobrazení archivu Projektů v module Projects.', 'Zobrazení archivu Projektů v module Projects.', 1, 0, 73, '2018-05-24 12:26:28', 472, NULL, NULL, NULL),
(1917, 'Projects_ArchiveOfProjects_CountOfProjects_POS', 'Počet zobrazených Projektů v Archivu Projects v modulu Projects ', 'Zobrazení jiného počtu Projektů v Archivu Projects', 1, 0, 73, '2018-05-24 12:26:28', 472, NULL, NULL, NULL),
(1918, 'Projects_ArchiveOfProjects_TableView_POS', 'Úprava zobrazení tabulky Archivu v modulu Projects. ', 'Upravené zobrazení tabulky v Archivu Projects.', 1, 0, 73, '2018-05-24 12:26:28', 472, NULL, NULL, NULL),
(1919, 'TPlan_CreateTPlanName_Diakritic_POS', 'Vyplnění kolonky název pomocí znaků s diakritikou', 'Výsledkem je, že Test Plan bude mít v názvu znaky s diakritikou ', 3, 0, 73, '2018-05-24 12:26:39', 473, NULL, NULL, NULL),
(1920, 'TPlan_CreateTPlanName_Number_POS', 'Vyplnění kolonky název pomocí čísel', 'Výsledkem je, že Test Plan bude mít  název vytvořen pomocí Čísel', 2, 0, 73, '2018-05-24 12:26:39', 473, NULL, NULL, NULL),
(1921, 'TPlan_CreateTPlanName_SpecialCharacters_POS', 'Vyplnění kolonky Název pomocí speciálních znaků', 'Výsledkem je, že Test Plan bude mít  Název tvořen pomocí Specialních znaků ', 3, 0, 73, '2018-05-24 12:26:39', 473, NULL, NULL, NULL),
(1922, 'TPlan_CreateTPlanName_Empty_NEG', 'Do kolonky název vůbec nic nenapíše', 'Výsledkem je vytvoření Test Plan, kde nebude vyplněn řadek název', 3, 0, 73, '2018-05-24 12:26:39', 473, NULL, NULL, NULL),
(1923, 'TPlan_CreateTPlanName_Duplicate_NEG', 'Vyplnění kolonky název stejným názvem který už byl použit u jiného Test Planu', 'Výsledkem je aby se nevytvořil Test Plan , který by měl stejný název jako jiný, který už vytvořený je.', 3, 0, 73, '2018-05-24 12:26:39', 473, NULL, NULL, NULL),
(1924, 'TPlan_CreateTSprintName_Number_POS', 'Vyplnění kolonky název pomocí čísel', 'Výsledkem je, že Test Sprint bude mít  název vytvořen pomocí Čísel', 2, 0, 73, '2018-05-24 12:26:39', 473, NULL, NULL, NULL),
(1925, 'TPlan_CreateTPSprintName_SpecialCharacters_POS', 'Vyplnění kolonky Název pomocí speciálních znaků', 'Výsledkem je, že Test Sprint bude mít  Název tvořen pomocí Specialních znaků ', 3, 0, 73, '2018-05-24 12:26:39', 473, NULL, NULL, NULL),
(1926, 'TPlan_CreateTSprintName_Empty_NEG', 'Do kolonky název vůbec nic nenapíše', 'Výsledkem je,aby se nevytvořil Test Sprint bez názvu. Název je povinné pole.', 3, 0, 73, '2018-05-24 12:26:39', 473, NULL, NULL, NULL),
(1927, 'TPlan_CreateTSprintName_Duplicate_NEG', 'Vyplnění kolonky název stejným názvem který už byl použit u jiného Test Sprint', 'Výsledkem je aby se nevytvořil Test Sprint , který by měl stejný název jako jiný, který už vytvořený je.', 3, 0, 73, '2018-05-24 12:26:39', 473, NULL, NULL, NULL),
(1928, 'TPlan_CreateTSprintName_Diakritic_POS', 'Vyplnění kolonky název pomocí znaků s diakritikou', 'Výsledkem je, že Test Plan bude mít v názvu znaky s diakritikou ', 3, 0, 73, '2018-05-24 12:26:39', 473, NULL, NULL, NULL),
(1929, 'TPlan_Filter_POS', 'Usnadnění vyhledávání daného Test Planu', 'Rychlejší vyhledávání oproti hledání v seznamu všech Test Planu', 3, 0, 73, '2018-05-24 12:26:39', 473, NULL, NULL, NULL),
(1930, 'TPlan_EditList_POS', 'Upravení seznamu Test Planu, tak aby byly vidět pouze věci které chcete', 'Přehlednost seznamu Test Planu', 3, 0, 73, '2018-05-24 12:26:39', 473, NULL, NULL, NULL),
(1931, 'TPlan_OpenTPlan_POS', 'Zobrazení průběhu test exekuce', 'Průbeh u jednotlivých Tagů', 3, 0, 73, '2018-05-24 12:26:39', 473, NULL, NULL, NULL),
(1932, 'TPlan_OpenTSprint_POS', 'Zobrazení průběhu test exekuce', 'Průbeh u jednotlivých Tagů', 3, 0, 73, '2018-05-24 12:26:39', 473, NULL, NULL, NULL),
(1933, 'TPlan_CreateTPlanName_Diakritic_POS', 'Vyplnění kolonky název pomocí znaků s diakritikou', 'Výsledkem je, že Test Plan bude mít v názvu znaky s diakritikou ', 3, 0, 73, '2018-05-24 12:28:26', 474, NULL, NULL, NULL),
(1934, 'TPlan_CreateTPlanName_Number_POS', 'Vyplnění kolonky název pomocí čísel', 'Výsledkem je, že Test Plan bude mít  název vytvořen pomocí Čísel', 2, 0, 73, '2018-05-24 12:28:26', 474, NULL, NULL, NULL),
(1935, 'TPlan_CreateTPlanName_SpecialCharacters_POS', 'Vyplnění kolonky Název pomocí speciálních znaků', 'Výsledkem je, že Test Plan bude mít  Název tvořen pomocí Specialních znaků ', 3, 0, 73, '2018-05-24 12:28:26', 474, NULL, NULL, NULL),
(1936, 'TPlan_CreateTPlanName_Empty_NEG', 'Do kolonky název vůbec nic nenapíše', 'Výsledkem je vytvoření Test Plan, kde nebude vyplněn řadek název', 3, 0, 73, '2018-05-24 12:28:26', 474, NULL, NULL, NULL),
(1937, 'TPlan_CreateTPlanName_Duplicate_NEG', 'Vyplnění kolonky název stejným názvem který už byl použit u jiného Test Planu', 'Výsledkem je aby se nevytvořil Test Plan , který by měl stejný název jako jiný, který už vytvořený je.', 3, 0, 73, '2018-05-24 12:28:26', 474, NULL, NULL, NULL),
(1938, 'TPlan_CreateTSprintName_Number_POS', 'Vyplnění kolonky název pomocí čísel', 'Výsledkem je, že Test Sprint bude mít  název vytvořen pomocí Čísel', 2, 0, 73, '2018-05-24 12:28:26', 474, NULL, NULL, NULL),
(1939, 'TPlan_CreateTPSprintName_SpecialCharacters_POS', 'Vyplnění kolonky Název pomocí speciálních znaků', 'Výsledkem je, že Test Sprint bude mít  Název tvořen pomocí Specialních znaků ', 3, 0, 73, '2018-05-24 12:28:26', 474, NULL, NULL, NULL),
(1940, 'TPlan_CreateTSprintName_Empty_NEG', 'Do kolonky název vůbec nic nenapíše', 'Výsledkem je,aby se nevytvořil Test Sprint bez názvu. Název je povinné pole.', 3, 0, 73, '2018-05-24 12:28:26', 474, NULL, NULL, NULL),
(1941, 'TPlan_CreateTSprintName_Duplicate_NEG', 'Vyplnění kolonky název stejným názvem který už byl použit u jiného Test Sprint', 'Výsledkem je aby se nevytvořil Test Sprint , který by měl stejný název jako jiný, který už vytvořený je.', 3, 0, 73, '2018-05-24 12:28:26', 474, NULL, NULL, NULL),
(1942, 'TPlan_CreateTSprintName_Diakritic_POS', 'Vyplnění kolonky název pomocí znaků s diakritikou', 'Výsledkem je, že Test Plan bude mít v názvu znaky s diakritikou ', 3, 0, 73, '2018-05-24 12:28:26', 474, NULL, NULL, NULL),
(1943, 'TPlan_Filter_POS', 'Usnadnění vyhledávání daného Test Planu', 'Rychlejší vyhledávání oproti hledání v seznamu všech Test Planu', 3, 0, 73, '2018-05-24 12:28:26', 474, NULL, NULL, NULL),
(1944, 'TPlan_EditList_POS', 'Upravení seznamu Test Planu, tak aby byly vidět pouze věci které chcete', 'Přehlednost seznamu Test Planu', 3, 0, 73, '2018-05-24 12:28:26', 474, NULL, NULL, NULL),
(1945, 'TPlan_OpenTPlan_POS', 'Zobrazení průběhu test exekuce', 'Průbeh u jednotlivých Tagů', 3, 0, 73, '2018-05-24 12:28:26', 474, NULL, NULL, NULL),
(1946, 'TPlan_OpenTSprint_POS', 'Zobrazení průběhu test exekuce', 'Průbeh u jednotlivých Tagů', 3, 0, 73, '2018-05-24 12:28:26', 474, NULL, NULL, NULL),
(1947, 'TExecution_Selection_Pos', 'Výběr Test Planu a Test Setu který je chceme testovat', 'Výběr Test Planu a Test Setu', 3, 0, 73, '2018-05-24 12:28:33', 475, NULL, NULL, NULL),
(1948, 'TExecution_Open_Manual_Pos', 'Otevření Test Setu a Testovaní', 'Provedení Test Execution', 3, 0, 73, '2018-05-24 12:28:33', 475, NULL, NULL, NULL),
(1949, 'TExecution_Open_Auto_Pos', 'Otevření Test Setu a Testovaní', 'Provedení Test Execution', 3, 0, 73, '2018-05-24 12:28:33', 475, NULL, NULL, NULL),
(1950, 'TExecution_Open_History_Pos', 'Po provedení Test Execution s e můžeme podívat na Historii jednotlivých kroků', 'Historie Test Setu', 3, 0, 73, '2018-05-24 12:28:33', 475, NULL, NULL, NULL),
(1951, 'TExecution_Open_Issue_Pos', 'Po provedení Test Execution  můžeme vytvořit Issue pokud Test Exekuce nebyla passed', 'Vytvoření Issue', 3, 0, 73, '2018-05-24 12:28:33', 475, NULL, NULL, NULL),
(1952, 'TAnalyses_CreateTCase_Selection_Pos', 'Výběr Test Setu ke kterému chceme tento Test Case přiřadit', 'Výsledkem test case byl přiřazen k určeném Test Stepu', 3, 0, 73, '2018-05-24 12:33:14', 476, NULL, NULL, NULL),
(1953, 'TAnalyses_CreateTCase_Name_Diacritic_POS', 'Vyplnění kolonky název pomocí znaků s diakritikou', 'Výsledkem je, že Test Case bude mít v názvu znaky s diakritikou ', 3, 0, 73, '2018-05-24 12:33:14', 476, NULL, NULL, NULL),
(1954, 'TAnalyses_CreateTCase_Name_SpecialCharacters_POS', 'Vyplnění kolonky název pomocí speciálních znaků', 'Výsledkem je, že Test Case bude mít  název vytvořen pomocí Specialních znaků ', 3, 0, 73, '2018-05-24 12:33:14', 476, NULL, NULL, NULL),
(1955, 'TAnalyses_CreateTCase_Name_Number_POS', 'Vyplnění kolonky název pomocí čísel', 'Výsledkem je, že Test Case bude mít  název vytvořen pomocí Čísel', 3, 0, 73, '2018-05-24 12:33:14', 476, NULL, NULL, NULL),
(1956, 'TAnalyses_CreateTCase_Name_Empty_NEG', 'Do kolonky název se  nic nenapíše', 'Výsledkem je vytvoření Test Case, kde nebude vyplněn řadek název', 3, 0, 73, '2018-05-24 12:33:14', 476, NULL, NULL, NULL),
(1957, 'TAnalyses_CreateTCase_Tag_SpecialCharacters_POS', 'Vyplnění kolonky Tag pomocí speciálních znaků', 'Výsledkem je, že Test Case bude mít  Tag vytvořen pomocí Specialních znaků ', 3, 0, 73, '2018-05-24 12:33:14', 476, NULL, NULL, NULL),
(1958, 'TAnalyses_CreateTCase_Tag_Diacritic_POS', 'Vyplnění kolonky Tag pomocí znaků s diakritikou', 'Výsledkem je, že Test Case bude mít řádku Tag znaky s diakritikou ', 3, 0, 73, '2018-05-24 12:33:14', 476, NULL, NULL, NULL),
(1959, 'TAnalyses_CreateTCase_Tag_Number_POS', 'Vyplnění kolonky Tag pomocí čísel', 'Výsledkem je, že Test Case bude mít  Tag vytvořen pomocí Čísel', 3, 0, 73, '2018-05-24 12:33:14', 476, NULL, NULL, NULL),
(1960, 'TAnalyses_CreateTCase_Tag_Duplicate_POS', 'Vyplnění kolonky Tag stejným názvem který už byl použit', 'Výsledkem je aby se nevytvořil stejný Tag, který už vytvořen byl', 3, 0, 73, '2018-05-24 12:33:14', 476, NULL, NULL, NULL),
(1961, 'TAnalyses_CreateTCase_Description_Empty_POS', 'Do kolonky popis vůbec nic nenapíše', 'Výsledkem je vytvoření Test Case, kde nebude vyplněn řadek popis', 3, 0, 73, '2018-05-24 12:33:14', 476, NULL, NULL, NULL),
(1962, 'TAnalyses_CreateTCase_Description_Diacritic_POS', 'Vyplnění kolonky Popis pomocí znaků s diakritikou', 'Výsledkem je, že Test Case bude mít v popisu znaky s diakritikou ', 3, 0, 73, '2018-05-24 12:33:14', 476, NULL, NULL, NULL),
(1963, 'TAnalyses_CreateTCase_Description_SpecialCharacters_POS', 'Vyplnění kolonky Popis pomocí speciálních znaků', 'Výsledkem je, že Test Case bude mít  Popis tvořen Specialními znaky ', 3, 0, 73, '2018-05-24 12:33:14', 476, NULL, NULL, NULL),
(1964, 'TAnalyses_CreateTCase_Description_Number_POS', 'Vyplnění kolonky Popis pomocí čísel', 'Výsledkem je, že Test Case bude mít  Popis vytvořen pomocí Čísel', 3, 0, 73, '2018-05-24 12:33:14', 476, NULL, NULL, NULL),
(1965, 'TAnalyses_CreateTCase_Result_Empty_POS', 'Do kolonky Result vůbec nic nenapíše', 'Výsledkem je vytvoření Test Case, kde nebude vyplněn řadek Result', 3, 0, 73, '2018-05-24 12:33:14', 476, NULL, NULL, NULL),
(1966, 'TAnalyses_CreateTCase_Result_Diacritic_POS', 'Vyplnění kolonky Result pomocí znaků s diakritikou', 'Výsledkem je, že Test Case bude mít v řádku Result znaky s diakritikou ', 3, 0, 73, '2018-05-24 12:33:14', 476, NULL, NULL, NULL),
(1967, 'TAnalyses_CreateTCase_Result_Number_POS', 'Vyplnění kolonky Result pomocí čísel', 'Výsledkem je, že Test Case bude mít  Result popsán pomocí Čísel', 3, 0, 73, '2018-05-24 12:33:14', 476, NULL, NULL, NULL),
(1968, 'TAnalyses_CreateTCase_Result_SpecialCharacters_POS', 'Vyplnění kolonky Result pomocí speciálních znaků', 'Výsledkem je, že Test Case bude mít  Result popsán pomocí Specialních znaků ', 3, 0, 73, '2018-05-24 12:33:14', 476, NULL, NULL, NULL),
(1969, 'TAnalyses_CreateTCase_Priority_Selection_POS', 'Výběr Priority, jak důležité je tento Test Set splnit', 'Výsledkem je lepší seřazení podle důležitosti', 3, 0, 73, '2018-05-24 12:33:14', 476, NULL, NULL, NULL),
(1970, 'TAnalyses_CreateTCase_Approved_Selection_POS', 'Výběr Schválené, značí jestli může daná Test Case pokračovat dále k Test Execution', 'Výsledek , plnění současných úloh', 3, 0, 73, '2018-05-24 12:33:14', 476, NULL, NULL, NULL),
(1971, 'TAnalyses_CreateTCase_Attachments_Rar_POS', 'Do přílohy vložíme soubor s koncovkou .rar', 'Uložení souboru v Test Casu ', 3, 0, 73, '2018-05-24 12:33:14', 476, NULL, NULL, NULL),
(1972, 'TAnalyses_CreateTCase_Attachments_Zip_POS', 'Do přílohy vložíme soubor s koncovkou .zip', 'Uložení souboru v Test Casu ', 3, 0, 73, '2018-05-24 12:33:14', 476, NULL, NULL, NULL),
(1973, 'TAnalyses_CreateTCase_Attachments_Xlsx_POS', 'Do přílohy vložíme soubor s koncovkou .xlsx', 'Uložení souboru v Test Casu ', 3, 0, 73, '2018-05-24 12:33:14', 476, NULL, NULL, NULL),
(1974, 'TAnalyses_CreateTCase_Attachments_Docx_POS', 'Do přílohy vložíme soubor s koncovkou .docx', 'Uložení souboru v Test Casu ', 3, 0, 73, '2018-05-24 12:33:14', 476, NULL, NULL, NULL),
(1975, 'TAnalyses_CreateTCase_Attachments_PNG_POS', 'Do přílohy vložíme soubor s koncovkou .png', 'Uložení souboru v Test Casu ', 3, 0, 73, '2018-05-24 12:33:14', 476, NULL, NULL, NULL),
(1976, 'TAnalyses_CreateTCase_Attachments_JPEG_POS', 'Do přílohy vložíme soubor s koncovkou .jpeg', 'Uložení souboru v Test Casu ', 3, 0, 73, '2018-05-24 12:33:14', 476, NULL, NULL, NULL),
(1977, 'TAnalyses_CreateTCase_TestSteps_SpecialCharacters_POS', 'Vyplnění kolonek Test Step pomocí speciálních znaků', 'Výsledkem je, že Test Case bude mít  Test Stepy tvořeny pomocí Specialních znaků ', 3, 0, 73, '2018-05-24 12:33:14', 476, NULL, NULL, NULL),
(1978, 'TAnalyses_CreateTCase_TestSteps_Diacritics_POS', 'Vyplnění kolonky název pomocí znaků s diakritikou', 'Výsledkem je, že Test Case bude mít v Test Stepu znaky s diakritikou ', 3, 0, 73, '2018-05-24 12:33:14', 476, NULL, NULL, NULL),
(1979, 'TAnalyses_CreateTCase_TestSteps_Number_POS', 'Vyplnění kolonky název pomocí čísel', 'Výsledkem je, že Test Case bude mít  Test Stepy tvořen pomocí Čísel', 3, 0, 73, '2018-05-24 12:33:14', 476, NULL, NULL, NULL),
(1980, 'TAnalyses_CreateTCase_TestSteps_Empty_POS', 'Do kolonky test Step vůbec nic nenapíše', 'Výsledkem je vytvoření Test Case, kde nebude vyplněn Test Step', 3, 0, 73, '2018-05-24 12:33:14', 476, NULL, NULL, NULL),
(1981, 'TAnalyses_CreateTSet_Name_Diacritic_POS', 'Vyplnění kolonky název pomocí znaků s diakritikou', 'Výsledkem je, že Test Set bude mít v názvu znaky s diakritikou ', 3, 0, 73, '2018-05-24 12:33:14', 476, NULL, NULL, NULL),
(1982, 'TAnalyses_CreateTSet_Name_SpecialCharacters_POS', 'Vyplnění kolonky název pomocí speciálních znaků', 'Výsledkem je, že Test Set bude mít  název vytvořen pomocí Specialních znaků ', 3, 0, 73, '2018-05-24 12:33:14', 476, NULL, NULL, NULL),
(1983, 'TAnalyses_CreateTSet_Name_Number_POS', 'Vyplnění kolonky název pomocí čísel', 'Výsledkem je, že Test Set bude mít  název vytvořen pomocí Čísel', 3, 0, 73, '2018-05-24 12:33:14', 476, NULL, NULL, NULL),
(1984, 'TAnalyses_CreateTSet_Name_Empty_NEG', 'Do kolonky název se  nic nenapíše', 'Výsledkem je vytvoření Test Set, kde nebude vyplněn řadek název', 3, 0, 73, '2018-05-24 12:33:14', 476, NULL, NULL, NULL),
(1985, 'TAnalyses_CreateTSet_Tag_SpecialCharacters_POS', 'Vyplnění kolonky Tag pomocí speciálních znaků', 'Výsledkem je, že Test Set bude mít  Tag vytvořen pomocí Specialních znaků ', 3, 0, 73, '2018-05-24 12:33:14', 476, NULL, NULL, NULL),
(1986, 'TAnalyses_CreateTSet_Tag_Diacritic_POS', 'Vyplnění kolonky Tag pomocí znaků s diakritikou', 'Výsledkem je, že Test Set bude mít řádku Tag znaky s diakritikou ', 3, 0, 73, '2018-05-24 12:33:14', 476, NULL, NULL, NULL),
(1987, 'TAnalyses_CreateTSet_Tag_Number_POS', 'Vyplnění kolonky Tag pomocí čísel', 'Výsledkem je, že Test Set bude mít  Tag vytvořen pomocí Čísel', 3, 0, 73, '2018-05-24 12:33:14', 476, NULL, NULL, NULL),
(1988, 'TAnalyses_CreateTSet_Tag_Duplicate_POS', 'Vyplnění kolonky Tag stejným názvem který už byl použit', 'Výsledkem je aby se nevytvořil stejný Tag, který už vytvořen byl', 3, 0, 73, '2018-05-24 12:33:14', 476, NULL, NULL, NULL),
(1989, 'TAnalyses_CreateTSet_Tag_Empty_NEG', 'Do kolonky tag se  nic nenapíše', 'Výsledkem je vytvoření Test Set, kde nebude vyplněn řadek tag', 3, 0, 73, '2018-05-24 12:33:14', 476, NULL, NULL, NULL),
(1990, 'TAnalyses_CreateTSet_Description_Empty_POS', 'Do kolonky popis vůbec nic nenapíše', 'Výsledkem je vytvoření Test Set, kde nebude vyplněn řadek popis', 3, 0, 73, '2018-05-24 12:33:14', 476, NULL, NULL, NULL),
(1991, 'TAnalyses_CreateTSet_Description_Diacritic_POS', 'Vyplnění kolonky Popis pomocí znaků s diakritikou', 'Výsledkem je, že Test Set bude mít v popisu znaky s diakritikou ', 3, 0, 73, '2018-05-24 12:33:14', 476, NULL, NULL, NULL),
(1992, 'TAnalyses_CreateTSet_Description_SpecialCharacters_POS', 'Vyplnění kolonky Popis pomocí speciálních znaků', 'Výsledkem je, že Test Set bude mít  Popis tvořen Specialními znaky ', 3, 0, 73, '2018-05-24 12:33:14', 476, NULL, NULL, NULL),
(1993, 'TAnalyses_CreateTSet_Description_Number_POS', 'Vyplnění kolonky Popis pomocí čísel', 'Výsledkem je, že Test Set bude mít  Popis vytvořen pomocí Čísel', 3, 0, 73, '2018-05-24 12:33:14', 476, NULL, NULL, NULL),
(1994, 'TAnalyses_AddBulkTCase_SelectionCreateNewTSet_EmptyColumns_Neg', 'Výběr jestli chceme vytvořit nový Test Set nebo Test Casy přiřadit k již vytvořenému', 'Výběr', 3, 0, 73, '2018-05-24 12:33:14', 476, NULL, NULL, NULL),
(1995, 'TAnalyses_AddBulkTCase_NonMark_SelectionTSet_Neg', 'Výběr Test Setu ke kterému chceme tuto skupinu Test Casu přiřadit', 'Výsledkem test casy byly přiřazeny k určeném Test Stepu', 3, 0, 73, '2018-05-24 12:33:14', 476, NULL, NULL, NULL),
(1996, 'TAnalyses_AddBulkTCase_NonMark_NameTCase_Duplicate_Neg', 'Vyplnění kolonky název Test Casu stejným názvem, který už byl použit u jiného Test Casu', 'Test Case se nevytvoří.', 3, 0, 73, '2018-05-24 12:33:14', 476, NULL, NULL, NULL),
(1997, 'TAnalyses_AddBulkTCase_NonMark_NameTCase_Diacritic_Pos', 'Vyplnění kolonky název pomocí znaků s diakritikou', 'Výsledkem je, že Test Case bude mít v názvu znaky s diakritikou ', 3, 0, 73, '2018-05-24 12:33:14', 476, NULL, NULL, NULL),
(1998, 'TAnalyses_AddBulkTCase_NonMark_NameTCase_SpecialCharacters_Pos', 'Vyplnění kolonky název pomocí speciálních znaků', 'Výsledkem je, že Test Case bude mít  název vytvořen pomocí Specialních znaků ', 3, 0, 73, '2018-05-24 12:33:14', 476, NULL, NULL, NULL),
(1999, 'TAnalyses_AddBulkTCase_NonMark_NameTCase_Number_Pos', 'Vyplnění kolonky název pomocí čísel', 'Výsledkem je, že Test Case bude mít  název vytvořen pomocí Čísel', 3, 0, 73, '2018-05-24 12:33:14', 476, NULL, NULL, NULL),
(2000, 'TAnalyses_AddBulkTCase_NonMark_NameTCase_Empty_Neg', 'Do kolonky název Test Casu se  nic nenapíše', 'Výsledkem je vytvoření Test Case, kde nebude vyplněn řadek název', 3, 0, 73, '2018-05-24 12:33:14', 476, NULL, NULL, NULL),
(2001, 'TAnalyses_AddBulkTCase_Mark_Obligation_TSetName_Neg', 'Vytvoření skupinu Test Setu ', 'Test Case se nevytvoří.', 3, 0, 73, '2018-05-24 12:33:14', 476, NULL, NULL, NULL),
(2002, 'MyProfile_EditProfile_Name_POS', 'Upravení Uživatele v modulu Můj Profil- změnění kolonky jméno.', 'Změna jména uživatele.', 2, 0, 73, '2018-05-24 12:38:14', 477, NULL, NULL, NULL),
(2003, 'MyProfile_EditProfile_SurName_POS', 'Upravení Uživatele v modulu Můj Profil - změnění kolonky příjmení.', 'Změna příjmení uživatele.', 2, 0, 73, '2018-05-24 12:38:14', 477, NULL, NULL, NULL),
(2004, 'My Profil_EditProfile_NickName_POS', 'Upravení Profilu v modulu Můj Profil - změnění kolonky NickName.', 'Změna NickName na profilu.', 2, 0, 73, '2018-05-24 12:38:14', 477, NULL, NULL, NULL),
(2005, 'MyProfile_EditProfile_PhoneNumber_POS', 'Upravení Profilu v modulu Můj Profil - změnění kolonky Tel.číslo', 'Změna Tel.čísla uživatele.', 2, 0, 73, '2018-05-24 12:38:14', 477, NULL, NULL, NULL),
(2006, 'MyProfile_EditProfile_Password_POS', 'Upravení Profilu v modulu MůjProfil - změnění kolonky heslo', 'Změna hesla uživatele.', 2, 0, 73, '2018-05-24 12:38:14', 477, NULL, NULL, NULL),
(2007, 'My Profil_EditProfile_JiraName_POS', 'Upravení Profilu v modulu Můj Profil - změnění kolonky Jira Name.', 'Změna Jira Name na profilu.', 2, 0, 73, '2018-05-24 12:38:14', 477, NULL, NULL, NULL),
(2008, 'ProfileMenu_Projects_TableView_POS', 'Kliknutí na tlačítko Projekty v menu profilu - následné vyskočení okna s tabulkou projektů', 'Otevření tabulky projektů.', 1, 0, 73, '2018-05-24 12:38:23', 478, NULL, NULL, NULL),
(2009, 'ProfileMenu_Projects_TableView_Close_POS', 'Kliknutí na tlačítko Projekty v menu profilu,  poté na Zavřít - vyskočení okna s tabulkou projektů a následné zavření okna.', 'Zavření okna.', 1, 0, 73, '2018-05-24 12:38:23', 478, NULL, NULL, NULL),
(2010, 'ProfileMenu_Projects_ProjectView_POS', 'Kliknutí na tlačítko Projekty v menu profilu, poté na název Projektu - následné vyskočení okna s tabulkou projektů a zobrazení projektu', 'Otevření projektu.', 1, 0, 73, '2018-05-24 12:38:23', 478, NULL, NULL, NULL),
(2011, 'JIRA_Login_POS', 'Přihlášení do Jiry', 'Úspěné přihlášení', 1, 0, 73, '2018-05-24 12:38:32', 479, NULL, NULL, NULL),
(2012, 'JIRA_CreateIssue_Description_Diacritical_POS', 'Založení úlohy v Jira - vyplnění kolonky Popis znaky s diakritikou. ', 'Založení Úlohy', 1, 0, 73, '2018-05-24 12:38:32', 479, NULL, NULL, NULL),
(2013, 'JIRA_CreateIssue_Description_NonDiacritical_POS', 'Založení úlohy v Jira - vyplnění kolonky Popis znaky bez diakritiky. ', 'Založení Úlohy', 1, 0, 73, '2018-05-24 12:38:32', 479, NULL, NULL, NULL),
(2014, 'JIRA_CreateIssue_Description_Numbers_POS', 'Založení úlohy v Jira - vyplnění kolonky Popis čísly. ', 'Založení Úlohy', 1, 0, 73, '2018-05-24 12:38:32', 479, NULL, NULL, NULL),
(2015, 'JIRA_CreateIssue_Description_Special_POS', 'Založení úlohy v Jira - vyplnění kolonky Popis speciálními znaky.', 'Založení Úlohy', 1, 0, 73, '2018-05-24 12:38:32', 479, NULL, NULL, NULL),
(2016, 'JIRA_CreateIssue_Description_EmptyDescription_POS', 'Založení úlohy v Jira - nevyplnění kolonky Popis. ', 'Založení Úlohy', 1, 0, 73, '2018-05-24 12:38:32', 479, NULL, NULL, NULL),
(2017, 'JIRA_CreateIssue_Description_SpaceBar_POS', 'Založení úlohy v Jira  - vyplnění kolonky Popis mezerami/spacebar. ', 'Založení Úlohy', 1, 0, 73, '2018-05-24 12:38:32', 479, NULL, NULL, NULL),
(2018, 'JIRA_CreateIssue_Description_Duplicity_POS', 'Založení úlohy v Jira - vyplnění kolonky Popis již existijícím (stejným) popisem.', 'Založení Úlohy', 1, 0, 73, '2018-05-24 12:38:32', 479, NULL, NULL, NULL),
(2019, 'JIRA_CreateIssue_Priority_POS', 'Založení úlohy v Jira  - zvolení Priority', 'Založení Issue', 1, 0, 73, '2018-05-24 12:38:32', 479, NULL, NULL, NULL),
(2020, 'JIRA_CreateIssue_OriginalTime_POS', 'Založení úlohy v Jira  - vyplnění kolonky Původní odhad.', 'Založení Issue', 1, 0, 73, '2018-05-24 12:38:32', 479, NULL, NULL, NULL),
(2021, 'JIRA_CreateIssue_RemainingTime_POS', 'Založení úlohy v Jira - vyplnění kolonky Odhad zbývajícího', 'Založení Issue', 1, 0, 73, '2018-05-24 12:38:32', 479, NULL, NULL, NULL),
(2022, 'JIRA_CreateIssue_Environment_Diacritical_POS', 'Založení úlohy v Jira - vyplnění kolonky Prostředí znaky s diakritikou. ', 'Založení Úlohy', 1, 0, 73, '2018-05-24 12:38:32', 479, NULL, NULL, NULL),
(2023, 'JIRA_CreateIssue_Environment_NonDiacritical_POS', 'Založení úlohy v Jira - vyplnění kolonky  Prostředí znaky bez diakritiky. ', 'Založení Úlohy', 1, 0, 73, '2018-05-24 12:38:32', 479, NULL, NULL, NULL),
(2024, 'JIRA_CreateIssue_Environment_Numbers_POS', 'Založení úlohy v Jira - vyplnění kolonky  Prostředí  čísly. ', 'Založení Úlohy', 1, 0, 73, '2018-05-24 12:38:32', 479, NULL, NULL, NULL),
(2025, 'JIRA_CreateIssue_Environment_Special_POS', 'Založení úlohy v Jira - vyplnění kolonky  Prostředí  speciálními znaky.', 'Založení Úlohy', 1, 0, 73, '2018-05-24 12:38:32', 479, NULL, NULL, NULL),
(2026, 'JIRA_CreateIssue_Environment_EmptyEnvironment_POS', 'Založení úlohy v Jira - nevyplnění kolonky Prostředí . ', 'Založení Úlohy', 1, 0, 73, '2018-05-24 12:38:32', 479, NULL, NULL, NULL),
(2027, 'JIRA_CreateIssueEnvironment_SpaceBar_POS', 'Založení úlohy v Jira  - vyplnění kolonky  Prostředí mezerami/spacebar. ', 'Založení Úlohy', 1, 0, 73, '2018-05-24 12:38:32', 479, NULL, NULL, NULL),
(2028, 'JIRA_CreateIssue_Environment_Duplicity_POS', 'Založení úlohy v Jira - vyplnění kolonky  Prostředí již existijícím (stejným) popisem.', 'Založení Úlohy', 1, 0, 73, '2018-05-24 12:38:32', 479, NULL, NULL, NULL),
(2029, 'JIRA_CreateIssue_Deadline_POS', 'Založení úlohy v Jira - vyplnění kolonkyTermín dokončení', 'Založení Issue', 1, 0, 73, '2018-05-24 12:38:32', 479, NULL, NULL, NULL),
(2030, 'JIRA_CreateIssue_AssignTo_POS', 'Založení úlohy v Jira - přidání Řešitele', 'Založení Issue', 1, 0, 73, '2018-05-24 12:38:32', 479, NULL, NULL, NULL),
(2031, 'JIRA_CreateIssue_GeneralSettings_POS', 'Nastavení kolonek pro vytrváření Issue', 'Zvětšený/Zmenšený formulář pro Založení Issue', 1, 0, 73, '2018-05-24 12:38:32', 479, NULL, NULL, NULL),
(2032, 'JIRA_CreateIssue_IssueGeneralAtributtes_POS', 'Zvolení základních atributů Issue.', 'Vyplněné konkretní kolonky.', 1, 0, 73, '2018-05-24 12:38:32', 479, NULL, NULL, NULL),
(2043, 'MyProfile_EditProfile_Name_POS', 'Upravení Uživatele v modulu Můj Profil- změnění kolonky jméno.', 'Změna jména uživatele.', 2, 0, 73, '2018-05-28 18:57:44', 481, NULL, NULL, NULL),
(2044, 'MyProfile_EditProfile_SurName_POS', 'Upravení Uživatele v modulu Můj Profil - změnění kolonky příjmení.', 'Změna příjmení uživatele.', 2, 0, 73, '2018-05-28 18:57:44', 481, NULL, NULL, NULL),
(2045, 'My Profil_EditProfile_NickName_POS', 'Upravení Profilu v modulu Můj Profil - změnění kolonky NickName.', 'Změna NickName na profilu.', 2, 0, 73, '2018-05-28 18:57:44', 481, NULL, NULL, NULL),
(2046, 'MyProfile_EditProfile_PhoneNumber_POS', 'Upravení Profilu v modulu Můj Profil - změnění kolonky Tel.číslo', 'Změna Tel.čísla uživatele.', 2, 0, 73, '2018-05-28 18:57:44', 481, NULL, NULL, NULL),
(2047, 'MyProfile_EditProfile_Password_POS', 'Upravení Profilu v modulu MůjProfil - změnění kolonky heslo', 'Změna hesla uživatele.', 2, 0, 73, '2018-05-28 18:57:44', 481, NULL, NULL, NULL),
(2048, 'My Profil_EditProfile_JiraName_POS', 'Upravení Profilu v modulu Můj Profil - změnění kolonky Jira Name.', 'Změna Jira Name na profilu.', 2, 0, 73, '2018-05-28 18:57:44', 481, NULL, NULL, NULL),
(2049, 'Ticket_WriteTicket_TicketName_Parciality_NEG', 'Vyplnění kolonky Nadpis.', 'Vyskočení chybové hlášky.', 1, 0, 73, '2018-05-28 18:57:58', 482, NULL, NULL, NULL),
(2050, 'Ticket_WriteTicket_TicketDescription_Parciality_NEG', 'Vyplnění kolonky Popis.', 'Vyskočení chybové hlášky.', 1, 0, 73, '2018-05-28 18:57:58', 482, NULL, NULL, NULL),
(2051, 'Ticket_WriteTicket_RequiredColumns_Diacritical_POS', 'Vyplnění kolonek Nadpis a Popis znaky s diakritikou.', 'Odeslání tiketu.', 2, 0, 73, '2018-05-28 18:57:58', 482, NULL, NULL, NULL),
(2052, 'Ticket_WriteTicket_RequiredColumns_NonDiacritical_POS', 'Vyplnění kolonek Nadpis a Popis znaky bez diakritiky.', 'Odeslání tiketu.', 2, 0, 73, '2018-05-28 18:57:58', 482, NULL, NULL, NULL),
(2053, 'Ticket_WriteTicket_RequiredColumns_Numbers_POS', 'Vyplnění kolonek Nadpis a Popis pomocí čísel.', 'Odeslání tiketu.', 2, 0, 73, '2018-05-28 18:57:58', 482, NULL, NULL, NULL),
(2054, 'Ticket_WriteTicket_RequiredColumns_Special_POS', 'Vyplnění kolonek Nadpis a Popis pomocí speciálních znaků.', 'Odeslání tiketu.', 2, 0, 73, '2018-05-28 18:57:58', 482, NULL, NULL, NULL),
(2055, 'Ticket_WriteTicket_Attachment_<2MB_POS', 'Přidání jedné přílohy menší než 2MB', 'Odelsání tiketu.', 1, 0, 73, '2018-05-28 18:57:58', 482, NULL, NULL, NULL),
(2056, 'Ticket_WriteTicket_Attachment_>2MB_NEG', 'Přidání jedné přílohy větší než 2MB', 'Vyskočení chybové hlášky.', 1, 0, 73, '2018-05-28 18:57:58', 482, NULL, NULL, NULL),
(2057, 'Ticket_WriteTicket_Attachments_<2MB_POS', 'Přidání  více příloh menších než 2MB', 'Odelsání tiketu.', 1, 0, 73, '2018-05-28 18:57:58', 482, NULL, NULL, NULL),
(2058, 'Ticket_WriteTicket_Attachments_>2MB_NEG', 'Přidání  více příloh a alespoň jedna bude větší než 2MB', 'Vyskočení chybové hlášky.', 1, 0, 73, '2018-05-28 18:57:58', 482, NULL, NULL, NULL),
(2059, 'ProfileMenu_Projects_TableView_POS', 'Kliknutí na tlačítko Projekty v menu profilu - následné vyskočení okna s tabulkou projektů', 'Otevření tabulky projektů.', 1, 0, 73, '2018-05-28 18:58:08', 483, NULL, NULL, NULL),
(2060, 'ProfileMenu_Projects_TableView_Close_POS', 'Kliknutí na tlačítko Projekty v menu profilu,  poté na Zavřít - vyskočení okna s tabulkou projektů a následné zavření okna.', 'Zavření okna.', 1, 0, 73, '2018-05-28 18:58:08', 483, NULL, NULL, NULL),
(2061, 'ProfileMenu_Projects_ProjectView_POS', 'Kliknutí na tlačítko Projekty v menu profilu, poté na název Projektu - následné vyskočení okna s tabulkou projektů a zobrazení projektu', 'Otevření projektu.', 1, 0, 73, '2018-05-28 18:58:08', 483, NULL, NULL, NULL),
(2062, 'Homepage_Projects_TableView_POS', 'Kliknutí na tlačítko Projekty - následné vyskočení okna s tabulkou projektů', 'Otevření tabulky projektů.', 1, 0, 73, '2018-05-28 18:58:23', 484, NULL, NULL, NULL),
(2063, 'Homepage_Projects_TableView_Close_POS', 'Kliknutí na tlačítko Projekty, poté na Zavřít - vyskočení okna s tabulkou projektů a následné zavření okna.', 'Zavření okna.', 1, 0, 73, '2018-05-28 18:58:23', 484, NULL, NULL, NULL),
(2064, 'Homepage_Projects_ProjectView_POS', 'Kliknutí na tlačítko Projekty, poté na název Projektu - následné vyskočení okna s tabulkou projektů a zobrazení projektu', 'Otevření projektu.', 1, 0, 73, '2018-05-28 18:58:23', 484, NULL, NULL, NULL),
(2065, 'Homepage_Calendar_View_POS', 'Kliknutí na tlačítko Kalendář - vyskočení okna s Kalendářem.', 'Otevření kalendáře.', 1, 0, 73, '2018-05-28 18:58:23', 484, NULL, NULL, NULL),
(2066, 'Homepage_Calendar_TableView_Close_POS', 'Kliknutí na tlačítko Kalendář, poté na Zavřít - vyskočení okna s kalendářem a následné zavření okna.', 'Zavření okna.', 1, 0, 73, '2018-05-28 18:58:23', 484, NULL, NULL, NULL),
(2067, 'Homepage_Calendar_TableView_Week_POS', 'Kliknutí na tlačítko Kalendář, poté na tlačítko Týden - vyskočení okna s kalendářem a následné přepnutí kalendáře na týdení zobrazení.', 'Tydenní zobrazení.', 1, 0, 73, '2018-05-28 18:58:23', 484, NULL, NULL, NULL),
(2068, 'Homepage_Calendar_TableView_Month_POS', 'Kliknutí na tlačítko Kalendář, poté na tlačítko Měsíc - vyskočení okna s kalendářem a následné přepnutí kalendáře na měsíční zobrazení.', 'Měsíční zobrazení.', 1, 0, 73, '2018-05-28 18:58:23', 484, NULL, NULL, NULL),
(2069, 'Homepage_Calendar_TableView_Today_POS', 'Kliknutí na tlačítko Kalendář, poté na tlačítko Dnes - vyskočení okna s kalendářem a následné zobrazení dnešního dne.', 'Dnešní zobrazení.', 1, 0, 73, '2018-05-28 18:58:23', 484, NULL, NULL, NULL),
(2070, 'Homepage_SprintProgress_SwitchTag_POS', 'Kliknutí na tlačítko Vyber Tag, poté zvolení libovolného Tagu - zobrazení progresu v procentech', 'Procentuální progres ve sprintu daného Tagu.', 1, 0, 73, '2018-05-28 18:58:23', 484, NULL, NULL, NULL),
(2071, 'Homepage_AssignedTestCases_ShowTC_POS', 'Kliknutí na číslo v kolonce Počet mých scénářů.', 'Zobrazení přiřazených scénářů v projektu.', 1, 0, 73, '2018-05-28 18:58:23', 484, NULL, NULL, NULL),
(2072, 'TPlan_CreateTPlanName_Diakritic_POS', 'Vyplnění kolonky název pomocí znaků s diakritikou', 'Výsledkem je, že Test Plan bude mít v názvu znaky s diakritikou ', 3, 0, 73, '2018-05-28 18:58:43', 485, NULL, NULL, NULL),
(2073, 'TPlan_CreateTPlanName_Number_POS', 'Vyplnění kolonky název pomocí čísel', 'Výsledkem je, že Test Plan bude mít  název vytvořen pomocí Čísel', 2, 0, 73, '2018-05-28 18:58:43', 485, NULL, NULL, NULL),
(2074, 'TPlan_CreateTPlanName_SpecialCharacters_POS', 'Vyplnění kolonky Název pomocí speciálních znaků', 'Výsledkem je, že Test Plan bude mít  Název tvořen pomocí Specialních znaků ', 3, 0, 73, '2018-05-28 18:58:43', 485, NULL, NULL, NULL),
(2075, 'TPlan_CreateTPlanName_Empty_NEG', 'Do kolonky název vůbec nic nenapíše', 'Výsledkem je vytvoření Test Plan, kde nebude vyplněn řadek název', 3, 0, 73, '2018-05-28 18:58:43', 485, NULL, NULL, NULL),
(2076, 'TPlan_CreateTPlanName_Duplicate_NEG', 'Vyplnění kolonky název stejným názvem který už byl použit u jiného Test Planu', 'Výsledkem je aby se nevytvořil Test Plan , který by měl stejný název jako jiný, který už vytvořený je.', 3, 0, 73, '2018-05-28 18:58:43', 485, NULL, NULL, NULL),
(2077, 'TPlan_CreateTSprintName_Number_POS', 'Vyplnění kolonky název pomocí čísel', 'Výsledkem je, že Test Sprint bude mít  název vytvořen pomocí Čísel', 2, 0, 73, '2018-05-28 18:58:43', 485, NULL, NULL, NULL),
(2078, 'TPlan_CreateTPSprintName_SpecialCharacters_POS', 'Vyplnění kolonky Název pomocí speciálních znaků', 'Výsledkem je, že Test Sprint bude mít  Název tvořen pomocí Specialních znaků ', 3, 0, 73, '2018-05-28 18:58:43', 485, NULL, NULL, NULL),
(2079, 'TPlan_CreateTSprintName_Empty_NEG', 'Do kolonky název vůbec nic nenapíše', 'Výsledkem je,aby se nevytvořil Test Sprint bez názvu. Název je povinné pole.', 3, 0, 73, '2018-05-28 18:58:43', 485, NULL, NULL, NULL),
(2080, 'TPlan_CreateTSprintName_Duplicate_NEG', 'Vyplnění kolonky název stejným názvem který už byl použit u jiného Test Sprint', 'Výsledkem je aby se nevytvořil Test Sprint , který by měl stejný název jako jiný, který už vytvořený je.', 3, 0, 73, '2018-05-28 18:58:43', 485, NULL, NULL, NULL),
(2081, 'TPlan_CreateTSprintName_Diakritic_POS', 'Vyplnění kolonky název pomocí znaků s diakritikou', 'Výsledkem je, že Test Plan bude mít v názvu znaky s diakritikou ', 3, 0, 73, '2018-05-28 18:58:43', 485, NULL, NULL, NULL),
(2082, 'TPlan_Filter_POS', 'Usnadnění vyhledávání daného Test Planu', 'Rychlejší vyhledávání oproti hledání v seznamu všech Test Planu', 3, 0, 73, '2018-05-28 18:58:43', 485, NULL, NULL, NULL),
(2083, 'TPlan_EditList_POS', 'Upravení seznamu Test Planu, tak aby byly vidět pouze věci které chcete', 'Přehlednost seznamu Test Planu', 3, 0, 73, '2018-05-28 18:58:43', 485, NULL, NULL, NULL),
(2084, 'TPlan_OpenTPlan_POS', 'Zobrazení průběhu test exekuce', 'Průbeh u jednotlivých Tagů', 3, 0, 73, '2018-05-28 18:58:43', 485, NULL, NULL, NULL),
(2085, 'TPlan_OpenTSprint_POS', 'Zobrazení průběhu test exekuce', 'Průbeh u jednotlivých Tagů', 3, 0, 73, '2018-05-28 18:58:43', 485, NULL, NULL, NULL),
(2086, 'TExecution_Selection_Pos', 'Výběr Test Planu a Test Setu který je chceme testovat', 'Výběr Test Planu a Test Setu', 3, 0, 73, '2018-05-28 18:58:56', 486, NULL, NULL, NULL),
(2087, 'TExecution_Open_Manual_Pos', 'Otevření Test Setu a Testovaní', 'Provedení Test Execution', 3, 0, 73, '2018-05-28 18:58:56', 486, NULL, NULL, NULL),
(2088, 'TExecution_Open_Auto_Pos', 'Otevření Test Setu a Testovaní', 'Provedení Test Execution', 3, 0, 73, '2018-05-28 18:58:56', 486, NULL, NULL, NULL),
(2089, 'TExecution_Open_History_Pos', 'Po provedení Test Execution s e můžeme podívat na Historii jednotlivých kroků', 'Historie Test Setu', 3, 0, 73, '2018-05-28 18:58:56', 486, NULL, NULL, NULL),
(2090, 'TExecution_Open_Issue_Pos', 'Po provedení Test Execution  můžeme vytvořit Issue pokud Test Exekuce nebyla passed', 'Vytvoření Issue', 3, 0, 73, '2018-05-28 18:58:56', 486, NULL, NULL, NULL),
(2091, 'TAnalyses_CreateTCase_Selection_Pos', 'Výběr Test Setu ke kterému chceme tento Test Case přiřadit', 'Výsledkem test case byl přiřazen k určeném Test Stepu', 3, 0, 73, '2018-05-28 18:59:10', 487, NULL, NULL, NULL),
(2092, 'TAnalyses_CreateTCase_Name_Diacritic_POS', 'Vyplnění kolonky název pomocí znaků s diakritikou', 'Výsledkem je, že Test Case bude mít v názvu znaky s diakritikou ', 3, 0, 73, '2018-05-28 18:59:10', 487, NULL, NULL, NULL),
(2093, 'TAnalyses_CreateTCase_Name_SpecialCharacters_POS', 'Vyplnění kolonky název pomocí speciálních znaků', 'Výsledkem je, že Test Case bude mít  název vytvořen pomocí Specialních znaků ', 3, 0, 73, '2018-05-28 18:59:10', 487, NULL, NULL, NULL),
(2094, 'TAnalyses_CreateTCase_Name_Number_POS', 'Vyplnění kolonky název pomocí čísel', 'Výsledkem je, že Test Case bude mít  název vytvořen pomocí Čísel', 3, 0, 73, '2018-05-28 18:59:10', 487, NULL, NULL, NULL),
(2095, 'TAnalyses_CreateTCase_Name_Empty_NEG', 'Do kolonky název se  nic nenapíše', 'Výsledkem je vytvoření Test Case, kde nebude vyplněn řadek název', 3, 0, 73, '2018-05-28 18:59:10', 487, NULL, NULL, NULL),
(2096, 'TAnalyses_CreateTCase_Tag_SpecialCharacters_POS', 'Vyplnění kolonky Tag pomocí speciálních znaků', 'Výsledkem je, že Test Case bude mít  Tag vytvořen pomocí Specialních znaků ', 3, 0, 73, '2018-05-28 18:59:10', 487, NULL, NULL, NULL),
(2097, 'TAnalyses_CreateTCase_Tag_Diacritic_POS', 'Vyplnění kolonky Tag pomocí znaků s diakritikou', 'Výsledkem je, že Test Case bude mít řádku Tag znaky s diakritikou ', 3, 0, 73, '2018-05-28 18:59:10', 487, NULL, NULL, NULL),
(2098, 'TAnalyses_CreateTCase_Tag_Number_POS', 'Vyplnění kolonky Tag pomocí čísel', 'Výsledkem je, že Test Case bude mít  Tag vytvořen pomocí Čísel', 3, 0, 73, '2018-05-28 18:59:10', 487, NULL, NULL, NULL),
(2099, 'TAnalyses_CreateTCase_Tag_Duplicate_POS', 'Vyplnění kolonky Tag stejným názvem který už byl použit', 'Výsledkem je aby se nevytvořil stejný Tag, který už vytvořen byl', 3, 0, 73, '2018-05-28 18:59:10', 487, NULL, NULL, NULL),
(2100, 'TAnalyses_CreateTCase_Description_Empty_POS', 'Do kolonky popis vůbec nic nenapíše', 'Výsledkem je vytvoření Test Case, kde nebude vyplněn řadek popis', 3, 0, 73, '2018-05-28 18:59:10', 487, NULL, NULL, NULL),
(2101, 'TAnalyses_CreateTCase_Description_Diacritic_POS', 'Vyplnění kolonky Popis pomocí znaků s diakritikou', 'Výsledkem je, že Test Case bude mít v popisu znaky s diakritikou ', 3, 0, 73, '2018-05-28 18:59:10', 487, NULL, NULL, NULL),
(2102, 'TAnalyses_CreateTCase_Description_SpecialCharacters_POS', 'Vyplnění kolonky Popis pomocí speciálních znaků', 'Výsledkem je, že Test Case bude mít  Popis tvořen Specialními znaky ', 3, 0, 73, '2018-05-28 18:59:10', 487, NULL, NULL, NULL),
(2103, 'TAnalyses_CreateTCase_Description_Number_POS', 'Vyplnění kolonky Popis pomocí čísel', 'Výsledkem je, že Test Case bude mít  Popis vytvořen pomocí Čísel', 3, 0, 73, '2018-05-28 18:59:10', 487, NULL, NULL, NULL),
(2104, 'TAnalyses_CreateTCase_Result_Empty_POS', 'Do kolonky Result vůbec nic nenapíše', 'Výsledkem je vytvoření Test Case, kde nebude vyplněn řadek Result', 3, 0, 73, '2018-05-28 18:59:10', 487, NULL, NULL, NULL),
(2105, 'TAnalyses_CreateTCase_Result_Diacritic_POS', 'Vyplnění kolonky Result pomocí znaků s diakritikou', 'Výsledkem je, že Test Case bude mít v řádku Result znaky s diakritikou ', 3, 0, 73, '2018-05-28 18:59:10', 487, NULL, NULL, NULL),
(2106, 'TAnalyses_CreateTCase_Result_Number_POS', 'Vyplnění kolonky Result pomocí čísel', 'Výsledkem je, že Test Case bude mít  Result popsán pomocí Čísel', 3, 0, 73, '2018-05-28 18:59:10', 487, NULL, NULL, NULL),
(2107, 'TAnalyses_CreateTCase_Result_SpecialCharacters_POS', 'Vyplnění kolonky Result pomocí speciálních znaků', 'Výsledkem je, že Test Case bude mít  Result popsán pomocí Specialních znaků ', 3, 0, 73, '2018-05-28 18:59:10', 487, NULL, NULL, NULL),
(2108, 'TAnalyses_CreateTCase_Priority_Selection_POS', 'Výběr Priority, jak důležité je tento Test Set splnit', 'Výsledkem je lepší seřazení podle důležitosti', 3, 0, 73, '2018-05-28 18:59:10', 487, NULL, NULL, NULL),
(2109, 'TAnalyses_CreateTCase_Approved_Selection_POS', 'Výběr Schválené, značí jestli může daná Test Case pokračovat dále k Test Execution', 'Výsledek , plnění současných úloh', 3, 0, 73, '2018-05-28 18:59:10', 487, NULL, NULL, NULL),
(2110, 'TAnalyses_CreateTCase_Attachments_Rar_POS', 'Do přílohy vložíme soubor s koncovkou .rar', 'Uložení souboru v Test Casu ', 3, 0, 73, '2018-05-28 18:59:10', 487, NULL, NULL, NULL),
(2111, 'TAnalyses_CreateTCase_Attachments_Zip_POS', 'Do přílohy vložíme soubor s koncovkou .zip', 'Uložení souboru v Test Casu ', 3, 0, 73, '2018-05-28 18:59:10', 487, NULL, NULL, NULL),
(2112, 'TAnalyses_CreateTCase_Attachments_Xlsx_POS', 'Do přílohy vložíme soubor s koncovkou .xlsx', 'Uložení souboru v Test Casu ', 3, 0, 73, '2018-05-28 18:59:10', 487, NULL, NULL, NULL),
(2113, 'TAnalyses_CreateTCase_Attachments_Docx_POS', 'Do přílohy vložíme soubor s koncovkou .docx', 'Uložení souboru v Test Casu ', 3, 0, 73, '2018-05-28 18:59:10', 487, NULL, NULL, NULL),
(2114, 'TAnalyses_CreateTCase_Attachments_PNG_POS', 'Do přílohy vložíme soubor s koncovkou .png', 'Uložení souboru v Test Casu ', 3, 0, 73, '2018-05-28 18:59:10', 487, NULL, NULL, NULL),
(2115, 'TAnalyses_CreateTCase_Attachments_JPEG_POS', 'Do přílohy vložíme soubor s koncovkou .jpeg', 'Uložení souboru v Test Casu ', 3, 0, 73, '2018-05-28 18:59:10', 487, NULL, NULL, NULL),
(2116, 'TAnalyses_CreateTCase_TestSteps_SpecialCharacters_POS', 'Vyplnění kolonek Test Step pomocí speciálních znaků', 'Výsledkem je, že Test Case bude mít  Test Stepy tvořeny pomocí Specialních znaků ', 3, 0, 73, '2018-05-28 18:59:10', 487, NULL, NULL, NULL),
(2117, 'TAnalyses_CreateTCase_TestSteps_Diacritics_POS', 'Vyplnění kolonky název pomocí znaků s diakritikou', 'Výsledkem je, že Test Case bude mít v Test Stepu znaky s diakritikou ', 3, 0, 73, '2018-05-28 18:59:10', 487, NULL, NULL, NULL),
(2118, 'TAnalyses_CreateTCase_TestSteps_Number_POS', 'Vyplnění kolonky název pomocí čísel', 'Výsledkem je, že Test Case bude mít  Test Stepy tvořen pomocí Čísel', 3, 0, 73, '2018-05-28 18:59:10', 487, NULL, NULL, NULL),
(2119, 'TAnalyses_CreateTCase_TestSteps_Empty_POS', 'Do kolonky test Step vůbec nic nenapíše', 'Výsledkem je vytvoření Test Case, kde nebude vyplněn Test Step', 3, 0, 73, '2018-05-28 18:59:10', 487, NULL, NULL, NULL),
(2120, 'TAnalyses_CreateTSet_Name_Diacritic_POS', 'Vyplnění kolonky název pomocí znaků s diakritikou', 'Výsledkem je, že Test Set bude mít v názvu znaky s diakritikou ', 3, 0, 73, '2018-05-28 18:59:10', 487, NULL, NULL, NULL),
(2121, 'TAnalyses_CreateTSet_Name_SpecialCharacters_POS', 'Vyplnění kolonky název pomocí speciálních znaků', 'Výsledkem je, že Test Set bude mít  název vytvořen pomocí Specialních znaků ', 3, 0, 73, '2018-05-28 18:59:10', 487, NULL, NULL, NULL),
(2122, 'TAnalyses_CreateTSet_Name_Number_POS', 'Vyplnění kolonky název pomocí čísel', 'Výsledkem je, že Test Set bude mít  název vytvořen pomocí Čísel', 3, 0, 73, '2018-05-28 18:59:10', 487, NULL, NULL, NULL),
(2123, 'TAnalyses_CreateTSet_Name_Empty_NEG', 'Do kolonky název se  nic nenapíše', 'Výsledkem je vytvoření Test Set, kde nebude vyplněn řadek název', 3, 0, 73, '2018-05-28 18:59:10', 487, NULL, NULL, NULL),
(2124, 'TAnalyses_CreateTSet_Tag_SpecialCharacters_POS', 'Vyplnění kolonky Tag pomocí speciálních znaků', 'Výsledkem je, že Test Set bude mít  Tag vytvořen pomocí Specialních znaků ', 3, 0, 73, '2018-05-28 18:59:10', 487, NULL, NULL, NULL),
(2125, 'TAnalyses_CreateTSet_Tag_Diacritic_POS', 'Vyplnění kolonky Tag pomocí znaků s diakritikou', 'Výsledkem je, že Test Set bude mít řádku Tag znaky s diakritikou ', 3, 0, 73, '2018-05-28 18:59:10', 487, NULL, NULL, NULL),
(2126, 'TAnalyses_CreateTSet_Tag_Number_POS', 'Vyplnění kolonky Tag pomocí čísel', 'Výsledkem je, že Test Set bude mít  Tag vytvořen pomocí Čísel', 3, 0, 73, '2018-05-28 18:59:10', 487, NULL, NULL, NULL),
(2127, 'TAnalyses_CreateTSet_Tag_Duplicate_POS', 'Vyplnění kolonky Tag stejným názvem který už byl použit', 'Výsledkem je aby se nevytvořil stejný Tag, který už vytvořen byl', 3, 0, 73, '2018-05-28 18:59:10', 487, NULL, NULL, NULL),
(2128, 'TAnalyses_CreateTSet_Tag_Empty_NEG', 'Do kolonky tag se  nic nenapíše', 'Výsledkem je vytvoření Test Set, kde nebude vyplněn řadek tag', 3, 0, 73, '2018-05-28 18:59:10', 487, NULL, NULL, NULL),
(2129, 'TAnalyses_CreateTSet_Description_Empty_POS', 'Do kolonky popis vůbec nic nenapíše', 'Výsledkem je vytvoření Test Set, kde nebude vyplněn řadek popis', 3, 0, 73, '2018-05-28 18:59:10', 487, NULL, NULL, NULL),
(2130, 'TAnalyses_CreateTSet_Description_Diacritic_POS', 'Vyplnění kolonky Popis pomocí znaků s diakritikou', 'Výsledkem je, že Test Set bude mít v popisu znaky s diakritikou ', 3, 0, 73, '2018-05-28 18:59:10', 487, NULL, NULL, NULL),
(2131, 'TAnalyses_CreateTSet_Description_SpecialCharacters_POS', 'Vyplnění kolonky Popis pomocí speciálních znaků', 'Výsledkem je, že Test Set bude mít  Popis tvořen Specialními znaky ', 3, 0, 73, '2018-05-28 18:59:10', 487, NULL, NULL, NULL),
(2132, 'TAnalyses_CreateTSet_Description_Number_POS', 'Vyplnění kolonky Popis pomocí čísel', 'Výsledkem je, že Test Set bude mít  Popis vytvořen pomocí Čísel', 3, 0, 73, '2018-05-28 18:59:10', 487, NULL, NULL, NULL),
(2133, 'TAnalyses_AddBulkTCase_SelectionCreateNewTSet_EmptyColumns_Neg', 'Výběr jestli chceme vytvořit nový Test Set nebo Test Casy přiřadit k již vytvořenému', 'Výběr', 3, 0, 73, '2018-05-28 18:59:10', 487, NULL, NULL, NULL),
(2134, 'TAnalyses_AddBulkTCase_NonMark_SelectionTSet_Neg', 'Výběr Test Setu ke kterému chceme tuto skupinu Test Casu přiřadit', 'Výsledkem test casy byly přiřazeny k určeném Test Stepu', 3, 0, 73, '2018-05-28 18:59:10', 487, NULL, NULL, NULL),
(2135, 'TAnalyses_AddBulkTCase_NonMark_NameTCase_Duplicate_Neg', 'Vyplnění kolonky název Test Casu stejným názvem, který už byl použit u jiného Test Casu', 'Test Case se nevytvoří.', 3, 0, 73, '2018-05-28 18:59:10', 487, NULL, NULL, NULL),
(2136, 'TAnalyses_AddBulkTCase_NonMark_NameTCase_Diacritic_Pos', 'Vyplnění kolonky název pomocí znaků s diakritikou', 'Výsledkem je, že Test Case bude mít v názvu znaky s diakritikou ', 3, 0, 73, '2018-05-28 18:59:10', 487, NULL, NULL, NULL),
(2137, 'TAnalyses_AddBulkTCase_NonMark_NameTCase_SpecialCharacters_Pos', 'Vyplnění kolonky název pomocí speciálních znaků', 'Výsledkem je, že Test Case bude mít  název vytvořen pomocí Specialních znaků ', 3, 0, 73, '2018-05-28 18:59:10', 487, NULL, NULL, NULL),
(2138, 'TAnalyses_AddBulkTCase_NonMark_NameTCase_Number_Pos', 'Vyplnění kolonky název pomocí čísel', 'Výsledkem je, že Test Case bude mít  název vytvořen pomocí Čísel', 3, 0, 73, '2018-05-28 18:59:10', 487, NULL, NULL, NULL),
(2139, 'TAnalyses_AddBulkTCase_NonMark_NameTCase_Empty_Neg', 'Do kolonky název Test Casu se  nic nenapíše', 'Výsledkem je vytvoření Test Case, kde nebude vyplněn řadek název', 3, 0, 73, '2018-05-28 18:59:10', 487, NULL, NULL, NULL),
(2140, 'TAnalyses_AddBulkTCase_Mark_Obligation_TSetName_Neg', 'Vytvoření skupinu Test Setu ', 'Test Case se nevytvoří.', 3, 0, 73, '2018-05-28 18:59:10', 487, NULL, NULL, NULL);

-- --------------------------------------------------------

--
-- Štruktúra tabuľky pre tabuľku `test_case_multimedia`
--

CREATE TABLE `test_case_multimedia` (
  `id` int(11) NOT NULL,
  `test_case_id` int(11) NOT NULL,
  `multimedia_id` int(11) NOT NULL
) ENGINE=InnoDB DEFAULT CHARSET=utf8 COLLATE=utf8_slovak_ci;

-- --------------------------------------------------------

--
-- Štruktúra tabuľky pre tabuľku `test_case_run`
--

CREATE TABLE `test_case_run` (
  `id` int(11) NOT NULL,
  `starttime` timestamp NOT NULL DEFAULT CURRENT_TIMESTAMP,
  `endtime` timestamp NULL DEFAULT NULL,
  `creator_id` int(11) NOT NULL,
  `test_plan_sprint_case_id` int(11) NOT NULL
) ENGINE=InnoDB DEFAULT CHARSET=utf8 COLLATE=utf8_slovak_ci;

--
-- Sťahujem dáta pre tabuľku `test_case_run`
--

INSERT INTO `test_case_run` (`id`, `starttime`, `endtime`, `creator_id`, `test_plan_sprint_case_id`) VALUES
(158, '2018-05-25 09:13:48', '2018-05-25 09:27:44', 73, 514),
(159, '2018-05-25 09:30:11', '2018-05-25 09:30:17', 73, 672),
(160, '2018-05-25 09:30:25', '2018-05-25 09:30:44', 73, 671),
(161, '2018-05-25 09:31:23', '2018-05-25 09:33:19', 73, 670),
(162, '2018-05-25 09:33:35', '2018-05-25 09:33:56', 73, 669),
(163, '2018-05-25 09:34:04', '2018-05-25 09:34:14', 73, 668),
(164, '2018-05-25 09:35:31', '2018-05-25 09:35:45', 73, 667),
(165, '2018-05-25 09:40:33', '2018-05-25 09:41:32', 73, 666),
(166, '2018-05-25 09:53:20', '2018-05-25 09:53:29', 73, 665),
(167, '2018-05-25 09:53:37', '2018-05-25 09:53:46', 73, 664),
(168, '2018-05-25 09:53:52', '2018-05-25 09:54:02', 73, 663),
(169, '2018-05-25 09:54:12', '2018-05-25 09:55:27', 73, 662),
(170, '2018-05-25 09:55:45', '2018-05-25 09:56:02', 73, 661),
(171, '2018-05-25 09:56:07', '2018-05-25 09:56:39', 73, 660),
(172, '2018-05-25 09:56:48', '2018-05-25 09:57:22', 73, 659),
(173, '2018-05-25 09:57:36', '2018-05-25 09:59:49', 73, 658),
(174, '2018-05-25 09:59:57', '2018-05-25 10:00:16', 73, 657),
(175, '2018-05-25 10:00:23', '2018-05-25 10:00:40', 73, 656),
(176, '2018-05-25 10:00:47', '2018-05-25 10:01:12', 73, 655),
(177, '2018-05-25 10:01:28', '2018-05-25 10:01:42', 73, 654),
(178, '2018-05-25 10:01:53', '2018-05-25 10:02:02', 73, 653),
(179, '2018-05-25 10:14:05', '2018-05-25 10:15:12', 73, 652),
(180, '2018-05-25 10:15:19', '2018-05-25 10:15:27', 73, 651),
(181, '2018-05-25 10:21:12', '2018-05-25 10:21:24', 73, 650),
(182, '2018-05-25 10:21:28', '2018-05-25 10:21:38', 73, 649),
(183, '2018-05-25 10:21:42', '2018-05-25 10:23:40', 73, 648),
(184, '2018-05-25 10:25:14', '2018-05-25 10:28:11', 73, 647),
(185, '2018-05-25 10:29:32', '2018-05-25 10:29:46', 73, 646),
(186, '2018-05-25 10:31:22', '2018-05-25 10:31:32', 73, 645),
(187, '2018-05-25 10:31:38', '2018-05-25 10:32:16', 73, 644),
(188, '2018-05-25 10:32:20', '2018-05-25 10:32:33', 73, 643),
(189, '2018-05-25 10:32:46', '2018-05-25 10:33:11', 73, 642),
(190, '2018-05-25 10:33:19', '2018-05-25 10:33:27', 73, 641),
(191, '2018-05-25 10:33:34', '2018-05-25 10:34:03', 73, 640),
(192, '2018-05-25 10:40:43', '2018-05-25 10:41:02', 73, 639),
(193, '2018-05-25 10:41:08', '2018-05-25 10:41:36', 73, 638),
(194, '2018-05-25 10:46:36', '2018-05-25 10:50:56', 73, 637),
(195, '2018-05-25 10:51:31', '2018-05-25 10:51:50', 73, 636),
(196, '2018-05-25 10:54:55', '2018-05-25 10:56:54', 73, 635),
(197, '2018-05-25 10:57:00', '2018-05-25 10:57:08', 73, 634),
(198, '2018-05-25 10:57:13', '2018-05-25 10:57:22', 73, 633),
(199, '2018-05-25 10:57:43', '2018-05-25 10:57:49', 73, 632),
(200, '2018-05-25 10:57:58', '2018-05-25 10:59:30', 73, 631),
(201, '2018-05-25 10:59:35', '2018-05-25 10:59:50', 73, 630),
(202, '2018-05-25 11:01:01', '2018-05-25 11:01:17', 73, 629),
(203, '2018-05-25 11:02:23', '2018-05-25 11:03:39', 73, 628),
(204, '2018-05-25 11:04:08', '2018-05-25 11:11:26', 73, 627),
(205, '2018-05-25 11:11:38', '2018-05-25 11:11:53', 73, 626),
(206, '2018-05-25 11:11:59', '2018-05-25 11:12:18', 73, 625),
(207, '2018-05-25 11:12:32', '2018-05-25 11:12:40', 73, 624),
(208, '2018-05-25 11:12:46', '2018-05-25 11:13:00', 73, 623),
(209, '2018-05-25 11:15:49', '2018-05-25 11:16:04', 73, 622),
(210, '2018-05-25 11:17:18', '2018-05-25 11:17:28', 73, 621),
(211, '2018-05-25 11:17:33', '2018-05-25 11:17:46', 73, 620),
(212, '2018-05-25 11:17:51', '2018-05-25 11:17:57', 73, 619),
(213, '2018-05-28 21:05:16', '2018-05-28 21:05:57', 73, 513),
(214, '2018-05-29 10:26:21', '2018-05-29 10:26:28', 73, 618),
(215, '2018-05-29 10:27:08', '2018-05-29 10:27:39', 73, 686),
(216, '2018-05-29 10:30:10', '2018-05-29 10:30:56', 73, 804),
(217, '2018-05-29 10:32:08', '2018-05-29 10:32:15', 73, 843),
(218, '2018-05-29 10:32:24', '2018-05-29 10:32:31', 73, 858),
(219, '2018-05-29 10:36:55', '2018-05-29 10:37:05', 73, 1016),
(220, '2018-05-29 10:38:18', '2018-05-29 10:38:32', 73, 713),
(221, '2018-05-29 10:54:59', '2018-05-29 10:55:35', 73, 646),
(222, '2018-05-29 11:12:16', '2018-05-29 11:15:42', 73, 616),
(223, '2018-05-29 11:14:22', '2018-05-29 11:14:47', 73, 608),
(224, '2018-05-29 11:15:27', '2018-05-29 11:16:01', 73, 604),
(225, '2018-05-29 11:15:47', '2018-05-29 11:15:51', 73, 616),
(226, '2018-05-29 11:16:00', '2018-05-29 11:16:07', 73, 616),
(227, '2018-05-29 11:16:25', '2018-05-29 11:17:07', 73, 617),
(228, '2018-05-29 12:10:19', '2018-05-29 12:11:00', 73, 1111),
(229, '2018-05-29 12:11:28', '2018-05-29 12:12:34', 73, 1105),
(230, '2018-05-29 12:12:44', '2018-05-29 12:13:51', 73, 1102),
(231, '2018-05-29 12:14:05', '2018-05-29 12:15:29', 73, 1100),
(232, '2018-05-29 12:15:36', '2018-05-29 12:16:27', 73, 1092),
(233, '2018-05-29 12:16:37', '2018-05-29 12:17:22', 73, 1085),
(234, '2018-05-29 12:19:07', '2018-05-29 12:19:09', 73, 809),
(235, '2018-05-29 12:19:15', '2018-05-29 12:19:15', 73, 809),
(236, '2018-05-29 12:19:16', '2018-05-29 12:20:54', 73, 809),
(237, '2018-05-29 12:21:04', '2018-05-29 12:22:00', 73, 831),
(238, '2018-05-29 12:22:19', '2018-05-29 12:22:59', 73, 837),
(239, '2018-05-29 12:26:14', '2018-05-29 12:26:47', 73, 795),
(240, '2018-05-29 12:26:59', '2018-05-29 12:27:48', 73, 747),
(241, '2018-05-29 12:29:51', '2018-05-29 12:30:28', 73, 724),
(242, '2018-05-29 12:30:47', '2018-05-29 12:31:21', 73, 718),
(243, '2018-05-29 12:31:35', '2018-05-29 12:32:33', 73, 741);

-- --------------------------------------------------------

--
-- Štruktúra tabuľky pre tabuľku `test_plan`
--

CREATE TABLE `test_plan` (
  `id` int(11) NOT NULL,
  `name` varchar(150) COLLATE utf8_slovak_ci NOT NULL,
  `creator_id` int(11) NOT NULL,
  `create_date` timestamp NOT NULL DEFAULT CURRENT_TIMESTAMP ON UPDATE CURRENT_TIMESTAMP,
  `project_id` int(11) NOT NULL,
  `campaign_id` int(11) DEFAULT NULL
) ENGINE=InnoDB DEFAULT CHARSET=utf8 COLLATE=utf8_slovak_ci;

--
-- Sťahujem dáta pre tabuľku `test_plan`
--

INSERT INTO `test_plan` (`id`, `name`, `creator_id`, `create_date`, `project_id`, `campaign_id`) VALUES
(106, 'CMR', 73, '2018-05-28 17:49:02', 56, 7),
(107, 'CMR2', 73, '2018-05-24 12:17:49', 56, NULL),
(108, 'PSD', 73, '2018-05-24 12:26:54', 55, NULL),
(109, 'Jira_link_Juno', 73, '2018-05-24 12:28:27', 48, NULL),
(110, 'PAD', 73, '2018-05-28 17:56:44', 54, 8),
(111, 'PADone', 73, '2018-05-28 17:56:36', 54, 7),
(112, 'PADtwo', 73, '2018-05-28 17:56:29', 54, 7),
(113, 'NicolOne2018', 73, '2018-05-28 17:52:01', 53, 7),
(114, 'ProfileMenu', 73, '2018-05-28 17:56:11', 49, 8),
(115, 'SSU', 73, '2018-05-28 17:56:00', 50, 7),
(116, 'PMI & PMS', 73, '2018-05-28 17:55:50', 51, 8),
(117, 'RC & TP', 73, '2018-05-24 12:49:51', 52, NULL),
(118, 'Rel_Camp', 73, '2018-05-24 12:49:54', 52, NULL);

-- --------------------------------------------------------

--
-- Štruktúra tabuľky pre tabuľku `test_plan_case`
--

CREATE TABLE `test_plan_case` (
  `id` int(11) NOT NULL,
  `test_plan_id` int(11) NOT NULL,
  `test_case_id` int(11) NOT NULL
) ENGINE=InnoDB DEFAULT CHARSET=utf8 COLLATE=utf8_slovak_ci;

--
-- Sťahujem dáta pre tabuľku `test_plan_case`
--

INSERT INTO `test_plan_case` (`id`, `test_plan_id`, `test_case_id`) VALUES
(275, 106, 1262),
(276, 106, 1263),
(277, 106, 1264),
(278, 106, 1265),
(279, 106, 1266),
(280, 106, 1267),
(281, 106, 1268),
(282, 106, 1269),
(283, 106, 1270),
(284, 106, 1271),
(285, 106, 1272),
(286, 106, 1273),
(287, 106, 1274),
(288, 106, 1275),
(289, 106, 1276),
(290, 106, 1277),
(291, 106, 1278),
(292, 106, 1279),
(293, 106, 1280),
(294, 106, 1281),
(295, 106, 1297),
(296, 106, 1298),
(297, 106, 1299),
(298, 106, 1300),
(299, 106, 1301),
(300, 106, 1302),
(301, 106, 1303),
(302, 106, 1304),
(303, 106, 1305),
(304, 106, 1306),
(305, 106, 1307),
(306, 106, 1308),
(307, 106, 1309),
(308, 106, 1310),
(309, 106, 1311),
(310, 106, 1312),
(311, 106, 1313),
(312, 106, 1314),
(313, 106, 1315),
(314, 106, 1316),
(315, 106, 1317),
(316, 106, 1318),
(317, 106, 1319),
(318, 106, 1320),
(319, 106, 1321),
(320, 106, 1322),
(321, 106, 1323),
(322, 106, 1324),
(323, 106, 1325),
(324, 106, 1326),
(325, 106, 1327),
(326, 106, 1328),
(327, 106, 1329),
(328, 106, 1330),
(329, 106, 1331),
(330, 106, 1332),
(331, 106, 1333),
(332, 106, 1334),
(333, 106, 1335),
(334, 106, 1336),
(335, 106, 1337),
(336, 106, 1338),
(337, 106, 1339),
(338, 106, 1340),
(339, 106, 1341),
(340, 106, 1342),
(341, 106, 1343),
(342, 106, 1344),
(343, 106, 1345),
(344, 106, 1346),
(345, 106, 1347),
(346, 107, 1282),
(347, 107, 1283),
(348, 107, 1284),
(349, 107, 1285),
(350, 107, 1286),
(351, 107, 1287),
(352, 107, 1288),
(353, 107, 1289),
(354, 107, 1290),
(355, 107, 1291),
(356, 107, 1292),
(357, 107, 1293),
(358, 107, 1294),
(359, 107, 1295),
(360, 107, 1296),
(361, 107, 1297),
(362, 107, 1298),
(363, 107, 1299),
(364, 107, 1300),
(365, 107, 1301),
(366, 107, 1302),
(367, 107, 1303),
(368, 107, 1304),
(369, 107, 1305),
(370, 107, 1306),
(371, 107, 1307),
(372, 107, 1308),
(373, 107, 1309),
(374, 107, 1310),
(375, 107, 1311),
(376, 107, 1312),
(377, 107, 1313),
(378, 107, 1314),
(379, 107, 1315),
(380, 107, 1316),
(381, 107, 1317),
(382, 107, 1318),
(383, 107, 1319),
(384, 107, 1320),
(385, 107, 1321),
(386, 107, 1322),
(387, 107, 1323),
(388, 107, 1324),
(389, 107, 1325),
(390, 107, 1326),
(391, 107, 1327),
(392, 107, 1328),
(393, 107, 1329),
(394, 107, 1330),
(395, 107, 1331),
(396, 107, 1332),
(397, 107, 1333),
(398, 107, 1334),
(399, 107, 1335),
(400, 107, 1336),
(401, 107, 1337),
(402, 107, 1338),
(403, 107, 1339),
(404, 107, 1340),
(405, 107, 1341),
(406, 107, 1342),
(407, 108, 1793),
(408, 108, 1794),
(409, 108, 1795),
(410, 108, 1796),
(411, 108, 1797),
(412, 108, 1798),
(413, 108, 1799),
(414, 108, 1800),
(415, 108, 1801),
(416, 108, 1802),
(417, 108, 1813),
(418, 108, 1814),
(419, 108, 1815),
(420, 108, 1816),
(421, 108, 1817),
(422, 108, 1818),
(423, 108, 1819),
(424, 108, 1820),
(425, 108, 1821),
(426, 108, 1822),
(427, 108, 1823),
(428, 108, 1824),
(429, 108, 1825),
(430, 108, 1826),
(431, 108, 1827),
(432, 108, 1828),
(433, 108, 1829),
(434, 108, 1830),
(435, 108, 1831),
(436, 108, 1832),
(437, 108, 1833),
(438, 108, 1834),
(439, 108, 1835),
(440, 108, 1836),
(441, 108, 1837),
(442, 108, 1838),
(443, 108, 1839),
(444, 108, 1840),
(445, 108, 1841),
(446, 108, 1842),
(447, 108, 1843),
(448, 108, 1844),
(449, 108, 1845),
(450, 108, 1846),
(451, 108, 1847),
(452, 108, 1848),
(453, 108, 1849),
(454, 108, 1850),
(455, 108, 1851),
(456, 108, 1852),
(457, 108, 1899),
(458, 108, 1900),
(459, 108, 1901),
(460, 108, 1902),
(461, 108, 1903),
(462, 108, 1904),
(463, 108, 1905),
(464, 108, 1906),
(465, 108, 1907),
(466, 108, 1908),
(467, 108, 1909),
(468, 108, 1910),
(469, 108, 1911),
(470, 108, 1912),
(471, 108, 1913),
(472, 108, 1914),
(473, 108, 1915),
(474, 108, 1916),
(475, 108, 1917),
(476, 108, 1918),
(477, 109, 1348),
(478, 109, 1349),
(479, 109, 1350),
(480, 109, 1351),
(481, 109, 1352),
(482, 109, 1353),
(483, 109, 1354),
(484, 109, 1355),
(485, 109, 1356),
(486, 109, 1357),
(487, 109, 1358),
(488, 109, 1359),
(489, 109, 1360),
(490, 109, 1361),
(491, 109, 1362),
(492, 109, 1363),
(493, 109, 1364),
(494, 109, 1365),
(495, 109, 1366),
(496, 109, 1367),
(497, 109, 1368),
(498, 109, 1369),
(499, 109, 1370),
(500, 109, 1371),
(501, 109, 1372),
(502, 109, 1373),
(503, 109, 1374),
(504, 109, 1375),
(505, 109, 1376),
(506, 109, 1377),
(507, 109, 1378),
(508, 109, 1379),
(509, 109, 1380),
(510, 109, 1381),
(511, 109, 1382),
(512, 109, 1383),
(513, 109, 1384),
(514, 109, 1385),
(515, 109, 1386),
(516, 109, 1387),
(517, 109, 1388),
(518, 109, 1389),
(519, 109, 1390),
(520, 109, 1391),
(521, 109, 1392),
(522, 109, 1393),
(523, 109, 1394),
(524, 109, 1395),
(525, 109, 1396),
(526, 109, 1397),
(527, 109, 1398),
(528, 109, 1399),
(529, 109, 1400),
(530, 109, 1401),
(531, 110, 1933),
(532, 110, 1934),
(533, 110, 1935),
(534, 110, 1936),
(535, 110, 1937),
(536, 110, 1938),
(537, 110, 1939),
(538, 110, 1940),
(539, 110, 1941),
(540, 110, 1942),
(541, 110, 1943),
(542, 110, 1944),
(543, 110, 1945),
(544, 110, 1946),
(545, 110, 1952),
(546, 110, 1953),
(547, 110, 1954),
(548, 110, 1955),
(549, 110, 1956),
(550, 110, 1957),
(551, 110, 1958),
(552, 110, 1959),
(553, 110, 1960),
(554, 110, 1961),
(555, 110, 1962),
(556, 110, 1963),
(557, 110, 1964),
(558, 110, 1965),
(559, 110, 1966),
(560, 110, 1967),
(561, 110, 1968),
(562, 110, 1969),
(563, 110, 1970),
(564, 110, 1971),
(565, 110, 1972),
(566, 110, 1973),
(567, 110, 1974),
(568, 110, 1975),
(569, 110, 1976),
(570, 110, 1977),
(571, 110, 1978),
(572, 110, 1979),
(573, 110, 1980),
(574, 110, 1981),
(575, 110, 1982),
(576, 110, 1983),
(577, 110, 1984),
(578, 110, 1985),
(579, 110, 1986),
(580, 110, 1987),
(581, 110, 1988),
(582, 110, 1989),
(583, 110, 1990),
(584, 110, 1991),
(585, 110, 1992),
(586, 110, 1993),
(587, 110, 1994),
(588, 110, 1995),
(589, 110, 1996),
(590, 110, 1997),
(591, 110, 1998),
(592, 110, 1999),
(593, 110, 2000),
(594, 110, 2001),
(595, 111, 1952),
(596, 111, 1953),
(597, 111, 1954),
(598, 111, 1955),
(599, 111, 1956),
(600, 111, 1957),
(601, 111, 1958),
(602, 111, 1959),
(603, 111, 1960),
(604, 111, 1961),
(605, 111, 1962),
(606, 111, 1963),
(607, 111, 1964),
(608, 111, 1965),
(609, 111, 1966),
(610, 111, 1967),
(611, 111, 1968),
(612, 111, 1969),
(613, 111, 1970),
(614, 111, 1971),
(615, 111, 1972),
(616, 111, 1973),
(617, 111, 1974),
(618, 111, 1975),
(619, 111, 1976),
(620, 111, 1977),
(621, 111, 1978),
(622, 111, 1979),
(623, 111, 1980),
(624, 111, 1981),
(625, 111, 1982),
(626, 111, 1983),
(627, 111, 1984),
(628, 111, 1985),
(629, 111, 1986),
(630, 111, 1987),
(631, 111, 1988),
(632, 111, 1989),
(633, 111, 1990),
(634, 111, 1991),
(635, 111, 1992),
(636, 111, 1993),
(637, 111, 1994),
(638, 111, 1995),
(639, 111, 1996),
(640, 111, 1997),
(641, 111, 1998),
(642, 111, 1999),
(643, 111, 2000),
(644, 111, 2001),
(645, 112, 1933),
(646, 112, 1934),
(647, 112, 1935),
(648, 112, 1936),
(649, 112, 1937),
(650, 112, 1938),
(651, 112, 1939),
(652, 112, 1940),
(653, 112, 1941),
(654, 112, 1942),
(655, 112, 1943),
(656, 112, 1944),
(657, 112, 1945),
(658, 112, 1946),
(659, 112, 1947),
(660, 112, 1948),
(661, 112, 1949),
(662, 112, 1950),
(663, 112, 1951),
(664, 113, 2002),
(665, 113, 2003),
(666, 113, 2004),
(667, 113, 2005),
(668, 113, 2006),
(669, 113, 2007),
(670, 113, 2008),
(671, 113, 2009),
(672, 113, 2010),
(673, 113, 2011),
(674, 113, 2012),
(675, 113, 2013),
(676, 113, 2014),
(677, 113, 2015),
(678, 113, 2016),
(679, 113, 2017),
(680, 113, 2018),
(681, 113, 2019),
(682, 113, 2020),
(683, 113, 2021),
(684, 113, 2022),
(685, 113, 2023),
(686, 113, 2024),
(687, 113, 2025),
(688, 113, 2026),
(689, 113, 2027),
(690, 113, 2028),
(691, 113, 2029),
(692, 113, 2030),
(693, 113, 2031),
(694, 113, 2032),
(695, 114, 1551),
(696, 114, 1552),
(697, 114, 1553),
(698, 114, 1554),
(699, 114, 1555),
(700, 114, 1556),
(701, 114, 1560),
(702, 114, 1561),
(703, 114, 1562),
(704, 114, 1563),
(705, 114, 1564),
(706, 114, 1565),
(707, 114, 1566),
(708, 114, 1567),
(709, 114, 1568),
(710, 114, 1569),
(711, 114, 1570),
(712, 114, 1571),
(713, 114, 1572),
(714, 114, 1573),
(715, 114, 1574),
(716, 114, 1575),
(717, 114, 1576),
(718, 114, 1577),
(719, 114, 1578),
(720, 114, 1579),
(721, 114, 1580),
(722, 115, 1581),
(723, 115, 1582),
(724, 115, 1583),
(725, 115, 1584),
(726, 115, 1585),
(727, 115, 1586),
(728, 115, 1587),
(729, 115, 1588),
(730, 115, 1589),
(731, 115, 1590),
(732, 115, 1591),
(733, 115, 1592),
(734, 115, 1593),
(735, 115, 1594),
(736, 115, 1595),
(737, 115, 1596),
(738, 115, 1597),
(739, 115, 1598),
(740, 115, 1599),
(741, 115, 1600),
(742, 115, 1601),
(743, 115, 1602),
(744, 115, 1603),
(745, 115, 1604),
(746, 115, 1605),
(747, 115, 1606),
(748, 115, 1607),
(749, 115, 1608),
(750, 115, 1609),
(751, 115, 1610),
(752, 115, 1611),
(753, 115, 1612),
(754, 115, 1613),
(755, 115, 1614),
(756, 115, 1615),
(757, 115, 1616),
(758, 115, 1617),
(759, 115, 1618),
(760, 115, 1619),
(761, 115, 1620),
(762, 115, 1621),
(763, 115, 1622),
(764, 115, 1623),
(765, 115, 1624),
(766, 115, 1625),
(767, 115, 1626),
(768, 115, 1627),
(769, 115, 1628),
(770, 115, 1629),
(771, 115, 1630),
(772, 115, 1631),
(773, 115, 1632),
(774, 115, 1633),
(775, 115, 1634),
(776, 115, 1635),
(777, 115, 1636),
(778, 115, 1637),
(779, 115, 1638),
(780, 115, 1639),
(781, 115, 1640),
(782, 115, 1641),
(783, 115, 1642),
(784, 115, 1643),
(785, 115, 1644),
(786, 115, 1645),
(787, 115, 1646),
(788, 115, 1647),
(789, 115, 1648),
(790, 115, 1649),
(791, 115, 1650),
(792, 115, 1651),
(793, 115, 1652),
(794, 115, 1653),
(795, 115, 1654),
(796, 115, 1655),
(797, 115, 1656),
(798, 115, 1657),
(799, 115, 1658),
(800, 115, 1659),
(801, 115, 1660),
(802, 115, 1661),
(803, 115, 1662),
(804, 115, 1663),
(805, 115, 1664),
(806, 115, 1665),
(807, 115, 1666),
(808, 115, 1667),
(809, 115, 1668),
(810, 115, 1669),
(811, 115, 1670),
(812, 115, 1671),
(813, 115, 1672),
(814, 115, 1673),
(815, 115, 1674),
(816, 115, 1675),
(817, 115, 1676),
(818, 115, 1677),
(819, 115, 1678),
(820, 115, 1679),
(821, 115, 1680),
(822, 115, 1681),
(823, 115, 1682),
(824, 115, 1683),
(825, 115, 1684),
(826, 115, 1685),
(827, 115, 1686),
(828, 115, 1687),
(829, 115, 1688),
(830, 115, 1689),
(831, 115, 1690),
(832, 115, 1691),
(833, 115, 1692),
(834, 115, 1693),
(835, 115, 1694),
(836, 115, 1695),
(837, 115, 1696),
(838, 115, 1697),
(839, 115, 1698),
(840, 115, 1699),
(841, 115, 1700),
(842, 115, 1701),
(843, 115, 1702),
(844, 115, 1703),
(845, 115, 1704),
(846, 115, 1705),
(847, 115, 1706),
(848, 115, 1707),
(849, 115, 1708),
(850, 115, 1709),
(851, 115, 1710),
(852, 115, 1711),
(853, 115, 1712),
(854, 115, 1713),
(855, 115, 1714),
(856, 115, 1715),
(857, 115, 1716),
(858, 115, 1717),
(859, 115, 1718),
(860, 115, 1719),
(861, 115, 1720),
(862, 115, 1721),
(863, 115, 1722),
(864, 115, 1723),
(865, 115, 1724),
(866, 115, 1725),
(867, 115, 1726),
(868, 115, 1727),
(869, 115, 1728),
(870, 115, 1729),
(871, 115, 1730),
(872, 115, 1731),
(873, 115, 1732),
(874, 115, 1733),
(875, 115, 1734),
(876, 115, 1735),
(877, 115, 1736),
(878, 115, 1737),
(879, 115, 1738),
(880, 116, 1739),
(881, 116, 1740),
(882, 116, 1741),
(883, 116, 1742),
(884, 116, 1743),
(885, 116, 1744),
(886, 116, 1745),
(887, 116, 1746),
(888, 116, 1747),
(889, 116, 1748),
(890, 116, 1749),
(891, 116, 1750),
(892, 116, 1751),
(893, 116, 1752),
(894, 116, 1753),
(895, 116, 1754),
(896, 116, 1755),
(897, 116, 1756),
(898, 116, 1757),
(899, 116, 1758),
(900, 116, 1759),
(901, 116, 1760),
(902, 116, 1761),
(903, 116, 1762),
(904, 116, 1763),
(905, 116, 1764),
(906, 116, 1765),
(907, 116, 1766),
(908, 116, 1767),
(909, 116, 1768),
(910, 116, 1769),
(911, 116, 1770),
(912, 116, 1771),
(913, 116, 1772),
(914, 116, 1773),
(915, 116, 1774),
(916, 116, 1775),
(917, 116, 1776),
(918, 116, 1777),
(919, 116, 1778),
(920, 116, 1779),
(921, 116, 1780),
(922, 116, 1781),
(923, 116, 1782),
(924, 116, 1783),
(925, 116, 1784),
(926, 116, 1785),
(927, 116, 1786),
(928, 116, 1787),
(929, 116, 1788),
(930, 116, 1789),
(931, 116, 1790),
(932, 116, 1791),
(933, 116, 1792),
(934, 117, 1853),
(935, 117, 1854),
(936, 117, 1855),
(937, 117, 1856),
(938, 117, 1857),
(939, 117, 1858),
(940, 117, 1859),
(941, 117, 1860),
(942, 117, 1861),
(943, 117, 1862),
(944, 117, 1863),
(945, 117, 1864),
(946, 117, 1865),
(947, 117, 1866),
(948, 117, 1867),
(949, 117, 1868),
(950, 117, 1869),
(951, 117, 1870),
(952, 117, 1871),
(953, 117, 1872),
(954, 117, 1873),
(955, 117, 1874),
(956, 117, 1875),
(957, 117, 1876),
(958, 117, 1877),
(959, 117, 1878),
(960, 117, 1879),
(961, 117, 1880),
(962, 117, 1881),
(963, 117, 1882),
(964, 117, 1883),
(965, 117, 1884),
(966, 117, 1885),
(967, 117, 1886),
(968, 117, 1887),
(969, 117, 1888),
(970, 117, 1889),
(971, 117, 1890),
(972, 117, 1891),
(973, 117, 1892),
(974, 117, 1893),
(975, 117, 1894),
(976, 117, 1895),
(977, 117, 1896),
(978, 117, 1897),
(979, 117, 1898),
(980, 117, 1919),
(981, 117, 1920),
(982, 117, 1921),
(983, 117, 1922),
(984, 117, 1923),
(985, 117, 1924),
(986, 117, 1925),
(987, 117, 1926),
(988, 117, 1927),
(989, 117, 1928),
(990, 117, 1929),
(991, 117, 1930),
(992, 117, 1931),
(993, 117, 1932),
(994, 118, 1853),
(995, 118, 1854),
(996, 118, 1855),
(997, 118, 1856),
(998, 118, 1857),
(999, 118, 1858),
(1000, 118, 1859),
(1001, 118, 1860),
(1002, 118, 1861),
(1003, 118, 1862),
(1004, 118, 1863),
(1005, 118, 1864),
(1006, 118, 1865),
(1007, 118, 1866),
(1008, 118, 1867),
(1009, 118, 1868),
(1010, 118, 1869),
(1011, 118, 1870),
(1012, 118, 1871),
(1013, 118, 1872),
(1014, 118, 1873),
(1015, 118, 1874),
(1016, 118, 1875),
(1017, 118, 1876),
(1018, 118, 1877),
(1019, 118, 1878),
(1020, 118, 1879),
(1021, 118, 1880),
(1022, 118, 1881),
(1023, 118, 1882),
(1024, 118, 1883),
(1025, 118, 1884),
(1026, 118, 1885),
(1027, 118, 1886),
(1028, 118, 1887),
(1029, 118, 1888),
(1030, 118, 1889),
(1031, 118, 1890),
(1032, 118, 1891),
(1033, 118, 1892),
(1034, 118, 1893),
(1035, 118, 1894),
(1036, 118, 1895),
(1037, 118, 1896),
(1038, 118, 1897),
(1039, 118, 1898),
(1040, 112, 1952),
(1041, 112, 1953),
(1042, 112, 1954),
(1043, 112, 1955),
(1044, 112, 1956),
(1045, 112, 1957),
(1046, 112, 1958),
(1047, 112, 1959),
(1048, 112, 1960),
(1049, 112, 1961),
(1050, 112, 1962),
(1051, 112, 1963),
(1052, 112, 1964),
(1053, 112, 1965),
(1054, 112, 1966),
(1055, 112, 1967),
(1056, 112, 1968),
(1057, 112, 1969),
(1058, 112, 1970),
(1059, 112, 1971),
(1060, 112, 1972),
(1061, 112, 1973),
(1062, 112, 1974),
(1063, 112, 1975),
(1064, 112, 1976),
(1065, 112, 1977),
(1066, 112, 1978),
(1067, 112, 1979),
(1068, 112, 1980),
(1069, 112, 1981),
(1070, 112, 1982),
(1071, 112, 1983),
(1072, 112, 1984),
(1073, 112, 1985),
(1074, 112, 1986),
(1075, 112, 1987),
(1076, 112, 1988),
(1077, 112, 1989),
(1078, 112, 1990),
(1079, 112, 1991),
(1080, 112, 1992),
(1081, 112, 1993),
(1082, 112, 1994),
(1083, 112, 1995),
(1084, 112, 1996),
(1085, 112, 1997),
(1086, 112, 1998),
(1087, 112, 1999),
(1088, 112, 2000),
(1089, 112, 2001);

-- --------------------------------------------------------

--
-- Štruktúra tabuľky pre tabuľku `test_plan_comment`
--

CREATE TABLE `test_plan_comment` (
  `id` int(11) NOT NULL,
  `description` text COLLATE utf8_slovak_ci,
  `author_id` int(11) DEFAULT NULL,
  `test_plan_id` int(11) DEFAULT NULL,
  `create_date` timestamp NULL DEFAULT CURRENT_TIMESTAMP ON UPDATE CURRENT_TIMESTAMP
) ENGINE=InnoDB DEFAULT CHARSET=utf8 COLLATE=utf8_slovak_ci;

-- --------------------------------------------------------

--
-- Štruktúra tabuľky pre tabuľku `test_plan_sprint`
--

CREATE TABLE `test_plan_sprint` (
  `id` int(11) NOT NULL,
  `name` varchar(150) COLLATE utf8_slovak_ci NOT NULL,
  `creator_id` int(11) NOT NULL,
  `create_date` timestamp NOT NULL DEFAULT CURRENT_TIMESTAMP ON UPDATE CURRENT_TIMESTAMP,
  `start_date` timestamp NOT NULL DEFAULT CURRENT_TIMESTAMP,
  `end_date` timestamp NOT NULL DEFAULT '0000-00-00 00:00:00',
  `test_plan_id` int(11) NOT NULL
) ENGINE=InnoDB DEFAULT CHARSET=utf8 COLLATE=utf8_slovak_ci;

--
-- Sťahujem dáta pre tabuľku `test_plan_sprint`
--

INSERT INTO `test_plan_sprint` (`id`, `name`, `creator_id`, `create_date`, `start_date`, `end_date`, `test_plan_id`) VALUES
(103, 'CMRtest', 73, '2018-05-24 12:18:36', '2018-05-24 00:00:00', '2018-06-25 00:00:00', 106),
(104, 'CMRtest2', 73, '2018-05-24 12:20:42', '2018-05-20 00:00:00', '2018-07-30 00:00:00', 106),
(105, 'CMRtest3', 73, '2018-05-24 12:21:28', '2018-06-30 00:00:00', '2018-08-31 00:00:00', 107),
(106, 'PSDtest', 73, '2018-05-24 12:27:14', '2018-05-24 00:00:00', '2018-06-30 00:00:00', 108),
(107, 'Sprint', 73, '2018-05-24 12:29:53', '2018-05-24 00:00:00', '2018-06-05 00:00:00', 109),
(108, 'padTest1', 73, '2018-05-24 12:34:44', '2018-06-29 00:00:00', '2018-08-11 00:00:00', 110),
(109, 'padTest2', 73, '2018-05-24 12:35:10', '2018-05-21 00:00:00', '2018-07-07 00:00:00', 110),
(110, 'padTest3', 73, '2018-05-24 12:35:34', '2018-05-24 00:00:00', '2018-06-30 00:00:00', 111),
(111, 'padTest4', 73, '2018-05-24 12:35:52', '2018-05-16 00:00:00', '2018-07-28 00:00:00', 112),
(112, 'Nicol1', 73, '2018-05-24 12:39:41', '2018-05-16 00:00:00', '2018-07-30 00:00:00', 113),
(113, 'Nicol2', 73, '2018-05-24 12:39:57', '2018-05-23 00:00:00', '2018-07-29 00:00:00', 113),
(114, 'Sprint', 73, '2018-05-24 12:44:33', '2018-05-24 00:00:00', '2018-06-06 00:00:00', 114),
(115, 'SSU Sprint', 73, '2018-05-24 12:46:11', '2018-05-24 00:00:00', '2018-06-06 00:00:00', 115),
(116, 'PMI Sprint', 73, '2018-05-24 12:47:41', '2018-05-24 00:00:00', '2018-06-06 00:00:00', 116),
(117, 'PMS Sprint', 73, '2018-05-24 12:48:15', '2018-05-24 00:00:00', '2018-05-31 00:00:00', 116),
(118, 'RC Sprint', 73, '2018-05-24 12:50:10', '2018-05-24 00:00:00', '2018-05-31 00:00:00', 117),
(119, 'RelCa2018', 73, '2018-05-24 12:50:29', '2018-05-20 00:00:00', '2018-07-31 00:00:00', 117),
(120, 'MTP20_2018', 73, '2018-05-24 12:51:12', '2018-05-10 00:00:00', '2018-06-29 00:00:00', 118),
(121, 'TP Sprint', 73, '2018-05-24 12:51:20', '2018-05-24 00:00:00', '2018-05-31 00:00:00', 117),
(122, 'Test sprint', 73, '2018-05-31 07:54:17', '2018-06-07 00:00:00', '2018-06-07 00:00:00', 107);

-- --------------------------------------------------------

--
-- Štruktúra tabuľky pre tabuľku `test_plan_sprint_case`
--

CREATE TABLE `test_plan_sprint_case` (
  `id` int(11) NOT NULL,
  `test_plan_sprint_id` int(11) NOT NULL,
  `test_plan_case_id` int(11) NOT NULL,
  `status_id` int(11) DEFAULT '1',
  `forced_status_id` int(11) DEFAULT NULL,
  `is_work_date` date DEFAULT NULL
) ENGINE=InnoDB DEFAULT CHARSET=utf8 COLLATE=utf8_slovak_ci;

--
-- Sťahujem dáta pre tabuľku `test_plan_sprint_case`
--

INSERT INTO `test_plan_sprint_case` (`id`, `test_plan_sprint_id`, `test_plan_case_id`, `status_id`, `forced_status_id`, `is_work_date`) VALUES
(444, 103, 275, 1, NULL, NULL),
(445, 103, 276, 1, NULL, NULL),
(446, 103, 277, 1, NULL, NULL),
(447, 103, 278, 1, NULL, NULL),
(448, 103, 279, 1, NULL, NULL),
(449, 103, 280, 1, NULL, NULL),
(450, 103, 281, 1, NULL, NULL),
(451, 103, 282, 1, NULL, NULL),
(452, 103, 283, 1, NULL, NULL),
(453, 103, 284, 1, NULL, NULL),
(454, 103, 285, 1, NULL, NULL),
(455, 103, 286, 1, NULL, NULL),
(456, 103, 287, 1, NULL, NULL),
(457, 103, 288, 1, NULL, NULL),
(458, 103, 289, 1, NULL, NULL),
(459, 103, 290, 1, NULL, NULL),
(460, 103, 291, 1, NULL, NULL),
(461, 103, 292, 1, NULL, NULL),
(462, 103, 293, 1, NULL, NULL),
(463, 103, 294, 1, NULL, NULL),
(464, 103, 295, 1, NULL, NULL),
(465, 103, 296, 1, NULL, NULL),
(466, 103, 297, 1, NULL, NULL),
(467, 103, 298, 1, NULL, NULL),
(468, 103, 299, 1, NULL, NULL),
(469, 103, 300, 1, NULL, NULL),
(470, 103, 301, 1, NULL, NULL),
(471, 103, 302, 1, NULL, NULL),
(472, 103, 303, 1, NULL, NULL),
(473, 103, 304, 1, NULL, NULL),
(474, 103, 305, 1, NULL, NULL),
(475, 103, 306, 1, NULL, NULL),
(476, 103, 307, 1, NULL, NULL),
(477, 103, 308, 1, NULL, NULL),
(478, 103, 309, 1, NULL, NULL),
(479, 103, 310, 1, NULL, NULL),
(480, 103, 311, 1, NULL, NULL),
(481, 103, 312, 1, NULL, NULL),
(482, 103, 313, 1, NULL, NULL),
(483, 103, 314, 1, NULL, NULL),
(484, 103, 315, 1, NULL, NULL),
(485, 103, 316, 1, NULL, NULL),
(486, 103, 317, 1, NULL, NULL),
(487, 103, 318, 1, NULL, NULL),
(488, 103, 319, 1, NULL, NULL),
(489, 103, 320, 1, NULL, NULL),
(490, 103, 321, 1, NULL, NULL),
(491, 103, 322, 1, NULL, NULL),
(492, 103, 323, 1, NULL, NULL),
(493, 103, 324, 1, NULL, NULL),
(494, 103, 325, 1, NULL, NULL),
(495, 103, 326, 1, NULL, NULL),
(496, 103, 327, 1, NULL, NULL),
(497, 103, 328, 1, NULL, NULL),
(498, 103, 329, 1, NULL, NULL),
(499, 103, 330, 1, NULL, NULL),
(500, 103, 331, 1, NULL, NULL),
(501, 103, 332, 1, NULL, NULL),
(502, 103, 333, 1, NULL, NULL),
(503, 103, 334, 1, NULL, NULL),
(504, 103, 335, 1, NULL, NULL),
(505, 103, 336, 1, NULL, NULL),
(506, 103, 337, 1, NULL, NULL),
(507, 103, 338, 1, NULL, NULL),
(508, 103, 339, 1, NULL, NULL),
(509, 103, 340, 1, NULL, NULL),
(510, 103, 341, 1, NULL, NULL),
(511, 103, 342, 1, NULL, NULL),
(512, 103, 343, 1, NULL, NULL),
(513, 103, 344, 3, NULL, NULL),
(514, 103, 345, 2, NULL, '2018-05-25'),
(515, 104, 275, 1, NULL, NULL),
(516, 104, 276, 1, NULL, NULL),
(517, 104, 277, 1, NULL, NULL),
(518, 104, 278, 1, NULL, NULL),
(519, 104, 279, 1, NULL, NULL),
(520, 104, 280, 1, NULL, NULL),
(521, 104, 281, 1, NULL, NULL),
(522, 104, 282, 1, NULL, NULL),
(523, 104, 283, 1, NULL, NULL),
(524, 104, 284, 1, NULL, NULL),
(525, 104, 285, 1, NULL, NULL),
(526, 104, 286, 1, NULL, NULL),
(527, 104, 287, 1, NULL, NULL),
(528, 104, 288, 1, NULL, NULL),
(529, 104, 289, 1, NULL, NULL),
(530, 104, 290, 1, NULL, NULL),
(531, 104, 291, 1, NULL, NULL),
(532, 104, 292, 1, NULL, NULL),
(533, 104, 293, 1, NULL, NULL),
(534, 104, 294, 1, NULL, NULL),
(535, 104, 341, 1, NULL, NULL),
(536, 104, 342, 1, NULL, NULL),
(537, 104, 343, 1, NULL, NULL),
(538, 104, 344, 1, NULL, NULL),
(539, 104, 345, 1, NULL, NULL),
(540, 105, 346, 1, NULL, NULL),
(541, 105, 347, 1, NULL, NULL),
(542, 105, 348, 1, NULL, NULL),
(543, 105, 349, 1, NULL, NULL),
(544, 105, 350, 1, NULL, NULL),
(545, 105, 351, 1, NULL, NULL),
(546, 105, 352, 1, NULL, NULL),
(547, 105, 353, 1, NULL, NULL),
(548, 105, 354, 1, NULL, NULL),
(549, 105, 355, 1, NULL, NULL),
(550, 105, 356, 1, NULL, NULL),
(551, 105, 357, 1, NULL, NULL),
(552, 105, 358, 1, NULL, NULL),
(553, 105, 359, 1, NULL, NULL),
(554, 105, 360, 1, NULL, NULL),
(555, 105, 361, 1, NULL, NULL),
(556, 105, 362, 1, NULL, NULL),
(557, 105, 363, 1, NULL, NULL),
(558, 105, 364, 1, NULL, NULL),
(559, 105, 365, 1, NULL, NULL),
(560, 105, 366, 1, NULL, NULL),
(561, 105, 367, 1, NULL, NULL),
(562, 105, 368, 1, NULL, NULL),
(563, 105, 369, 1, NULL, NULL),
(564, 105, 370, 1, NULL, NULL),
(565, 105, 371, 1, NULL, NULL),
(566, 105, 372, 1, NULL, NULL),
(567, 105, 373, 1, NULL, NULL),
(568, 105, 374, 1, NULL, NULL),
(569, 105, 375, 1, NULL, NULL),
(570, 105, 376, 1, NULL, NULL),
(571, 105, 377, 1, NULL, NULL),
(572, 105, 378, 1, NULL, NULL),
(573, 105, 379, 1, NULL, NULL),
(574, 105, 380, 1, NULL, NULL),
(575, 105, 381, 1, NULL, NULL),
(576, 105, 382, 1, NULL, NULL),
(577, 105, 383, 1, NULL, NULL),
(578, 105, 384, 1, NULL, NULL),
(579, 105, 385, 1, NULL, NULL),
(580, 105, 386, 1, NULL, NULL),
(581, 105, 387, 1, NULL, NULL),
(582, 105, 388, 1, NULL, NULL),
(583, 105, 389, 1, NULL, NULL),
(584, 105, 390, 1, NULL, NULL),
(585, 105, 391, 1, NULL, NULL),
(586, 105, 392, 1, NULL, NULL),
(587, 105, 393, 1, NULL, NULL),
(588, 105, 394, 1, NULL, NULL),
(589, 105, 395, 1, NULL, NULL),
(590, 105, 396, 1, NULL, NULL),
(591, 105, 397, 1, NULL, NULL),
(592, 105, 398, 1, NULL, NULL),
(593, 105, 399, 1, NULL, NULL),
(594, 105, 400, 1, NULL, NULL),
(595, 105, 401, 1, NULL, NULL),
(596, 105, 402, 1, NULL, NULL),
(597, 105, 403, 1, NULL, NULL),
(598, 105, 404, 1, NULL, NULL),
(599, 105, 405, 1, NULL, NULL),
(600, 105, 406, 1, NULL, NULL),
(601, 106, 407, 1, NULL, NULL),
(602, 106, 408, 1, NULL, NULL),
(603, 106, 409, 1, NULL, NULL),
(604, 106, 410, 3, NULL, NULL),
(605, 106, 411, 1, NULL, NULL),
(606, 106, 412, 1, NULL, NULL),
(607, 106, 413, 1, NULL, NULL),
(608, 106, 414, 3, NULL, NULL),
(609, 106, 415, 1, NULL, NULL),
(610, 106, 416, 1, NULL, NULL),
(611, 106, 449, 1, NULL, NULL),
(612, 106, 450, 1, NULL, NULL),
(613, 106, 451, 1, NULL, NULL),
(614, 106, 452, 1, NULL, NULL),
(615, 106, 453, 1, NULL, NULL),
(616, 106, 454, 2, NULL, '2018-05-29'),
(617, 106, 455, 3, NULL, NULL),
(618, 106, 456, 2, NULL, '2018-05-29'),
(619, 107, 477, 2, NULL, '2018-05-25'),
(620, 107, 478, 2, NULL, '2018-05-25'),
(621, 107, 479, 2, NULL, '2018-05-25'),
(622, 107, 480, 2, NULL, '2018-05-25'),
(623, 107, 481, 2, NULL, '2018-05-25'),
(624, 107, 482, 2, NULL, '2018-05-25'),
(625, 107, 483, 2, NULL, '2018-05-25'),
(626, 107, 484, 2, NULL, '2018-05-25'),
(627, 107, 485, 2, NULL, '2018-05-25'),
(628, 107, 486, 2, NULL, '2018-05-25'),
(629, 107, 487, 2, NULL, '2018-05-25'),
(630, 107, 488, 2, NULL, '2018-05-25'),
(631, 107, 489, 2, NULL, '2018-05-25'),
(632, 107, 490, 2, NULL, '2018-05-25'),
(633, 107, 491, 2, NULL, '2018-05-25'),
(634, 107, 492, 2, NULL, '2018-05-25'),
(635, 107, 493, 2, NULL, '2018-05-25'),
(636, 107, 494, 2, NULL, '2018-05-25'),
(637, 107, 495, 2, NULL, '2018-05-25'),
(638, 107, 496, 2, NULL, '2018-05-25'),
(639, 107, 497, 2, NULL, '2018-05-25'),
(640, 107, 498, 2, NULL, '2018-05-25'),
(641, 107, 499, 2, NULL, '2018-05-25'),
(642, 107, 500, 2, NULL, '2018-05-25'),
(643, 107, 501, 2, NULL, '2018-05-25'),
(644, 107, 502, 2, NULL, '2018-05-25'),
(645, 107, 503, 2, NULL, '2018-05-25'),
(646, 107, 504, 3, NULL, '2018-05-25'),
(647, 107, 505, 2, NULL, '2018-05-25'),
(648, 107, 506, 2, NULL, '2018-05-25'),
(649, 107, 507, 2, NULL, '2018-05-25'),
(650, 107, 508, 2, NULL, '2018-05-25'),
(651, 107, 509, 2, NULL, '2018-05-25'),
(652, 107, 510, 2, NULL, '2018-05-25'),
(653, 107, 511, 2, NULL, '2018-05-25'),
(654, 107, 512, 2, NULL, '2018-05-25'),
(655, 107, 513, 2, NULL, '2018-05-25'),
(656, 107, 514, 2, NULL, '2018-05-25'),
(657, 107, 515, 2, NULL, '2018-05-25'),
(658, 107, 516, 2, NULL, '2018-05-25'),
(659, 107, 517, 2, NULL, '2018-05-25'),
(660, 107, 518, 2, NULL, '2018-05-25'),
(661, 107, 519, 2, NULL, '2018-05-25'),
(662, 107, 520, 2, NULL, '2018-05-25'),
(663, 107, 521, 2, NULL, '2018-05-25'),
(664, 107, 522, 2, NULL, '2018-05-25'),
(665, 107, 523, 2, NULL, '2018-05-25'),
(666, 107, 524, 2, NULL, '2018-05-25'),
(667, 107, 525, 2, NULL, '2018-05-25'),
(668, 107, 526, 2, NULL, '2018-05-25'),
(669, 107, 527, 2, NULL, '2018-05-25'),
(670, 107, 528, 2, NULL, '2018-05-25'),
(671, 107, 529, 2, NULL, '2018-05-25'),
(672, 107, 530, 2, NULL, '2018-05-25'),
(673, 111, 645, 1, NULL, NULL),
(674, 111, 646, 1, NULL, NULL),
(675, 111, 647, 1, NULL, NULL),
(676, 111, 648, 1, NULL, NULL),
(677, 111, 649, 1, NULL, NULL),
(678, 111, 650, 1, NULL, NULL),
(679, 111, 651, 1, NULL, NULL),
(680, 111, 652, 1, NULL, NULL),
(681, 111, 653, 1, NULL, NULL),
(682, 111, 654, 1, NULL, NULL),
(683, 111, 655, 1, NULL, NULL),
(684, 111, 656, 1, NULL, NULL),
(685, 111, 657, 1, NULL, NULL),
(686, 111, 658, 2, NULL, '2018-05-29'),
(687, 114, 695, 1, NULL, NULL),
(688, 114, 696, 1, NULL, NULL),
(689, 114, 697, 1, NULL, NULL),
(690, 114, 698, 1, NULL, NULL),
(691, 114, 699, 1, NULL, NULL),
(692, 114, 700, 1, NULL, NULL),
(693, 114, 701, 1, NULL, NULL),
(694, 114, 702, 1, NULL, NULL),
(695, 114, 703, 1, NULL, NULL),
(696, 114, 704, 1, NULL, NULL),
(697, 114, 705, 1, NULL, NULL),
(698, 114, 706, 1, NULL, NULL),
(699, 114, 707, 1, NULL, NULL),
(700, 114, 708, 1, NULL, NULL),
(701, 114, 709, 1, NULL, NULL),
(702, 114, 710, 1, NULL, NULL),
(703, 114, 711, 1, NULL, NULL),
(704, 114, 712, 1, NULL, NULL),
(705, 114, 713, 1, NULL, NULL),
(706, 114, 714, 1, NULL, NULL),
(707, 114, 715, 1, NULL, NULL),
(708, 114, 716, 1, NULL, NULL),
(709, 114, 717, 1, NULL, NULL),
(710, 114, 718, 1, NULL, NULL),
(711, 114, 719, 1, NULL, NULL),
(712, 114, 720, 1, NULL, NULL),
(713, 114, 721, 2, NULL, '2018-05-29'),
(714, 113, 664, 1, NULL, NULL),
(715, 113, 665, 1, NULL, NULL),
(716, 113, 666, 1, NULL, NULL),
(717, 113, 667, 1, NULL, NULL),
(718, 113, 668, 3, NULL, NULL),
(719, 113, 669, 1, NULL, NULL),
(720, 113, 670, 1, NULL, NULL),
(721, 113, 671, 1, NULL, NULL),
(722, 113, 672, 1, NULL, NULL),
(723, 113, 673, 1, NULL, NULL),
(724, 113, 674, 3, NULL, NULL),
(725, 113, 675, 1, NULL, NULL),
(726, 113, 676, 1, NULL, NULL),
(727, 113, 677, 1, NULL, NULL),
(728, 113, 678, 1, NULL, NULL),
(729, 113, 679, 1, NULL, NULL),
(730, 113, 680, 1, NULL, NULL),
(731, 113, 681, 1, NULL, NULL),
(732, 113, 682, 1, NULL, NULL),
(733, 113, 683, 1, NULL, NULL),
(734, 113, 684, 1, NULL, NULL),
(735, 113, 685, 1, NULL, NULL),
(736, 113, 686, 1, NULL, NULL),
(737, 113, 687, 1, NULL, NULL),
(738, 113, 688, 1, NULL, NULL),
(739, 113, 689, 1, NULL, NULL),
(740, 113, 690, 1, NULL, NULL),
(741, 113, 691, 3, NULL, NULL),
(742, 113, 692, 1, NULL, NULL),
(743, 113, 693, 1, NULL, NULL),
(744, 113, 694, 1, NULL, NULL),
(745, 119, 934, 1, NULL, NULL),
(746, 119, 935, 1, NULL, NULL),
(747, 119, 936, 3, NULL, NULL),
(748, 119, 937, 1, NULL, NULL),
(749, 119, 938, 1, NULL, NULL),
(750, 119, 939, 1, NULL, NULL),
(751, 119, 940, 1, NULL, NULL),
(752, 119, 941, 1, NULL, NULL),
(753, 119, 942, 1, NULL, NULL),
(754, 119, 943, 1, NULL, NULL),
(755, 119, 944, 1, NULL, NULL),
(756, 119, 945, 1, NULL, NULL),
(757, 119, 946, 1, NULL, NULL),
(758, 119, 947, 1, NULL, NULL),
(759, 119, 948, 1, NULL, NULL),
(760, 119, 949, 1, NULL, NULL),
(761, 119, 950, 1, NULL, NULL),
(762, 119, 951, 1, NULL, NULL),
(763, 119, 952, 1, NULL, NULL),
(764, 119, 953, 1, NULL, NULL),
(765, 119, 954, 1, NULL, NULL),
(766, 119, 955, 1, NULL, NULL),
(767, 119, 956, 1, NULL, NULL),
(768, 119, 957, 1, NULL, NULL),
(769, 119, 958, 1, NULL, NULL),
(770, 119, 959, 1, NULL, NULL),
(771, 119, 960, 1, NULL, NULL),
(772, 119, 961, 1, NULL, NULL),
(773, 119, 962, 1, NULL, NULL),
(774, 119, 963, 1, NULL, NULL),
(775, 119, 964, 1, NULL, NULL),
(776, 119, 965, 1, NULL, NULL),
(777, 119, 966, 1, NULL, NULL),
(778, 119, 967, 1, NULL, NULL),
(779, 119, 968, 1, NULL, NULL),
(780, 119, 969, 1, NULL, NULL),
(781, 119, 970, 1, NULL, NULL),
(782, 119, 971, 1, NULL, NULL),
(783, 119, 972, 1, NULL, NULL),
(784, 119, 973, 1, NULL, NULL),
(785, 119, 974, 1, NULL, NULL),
(786, 119, 975, 1, NULL, NULL),
(787, 119, 976, 1, NULL, NULL),
(788, 119, 977, 1, NULL, NULL),
(789, 119, 978, 1, NULL, NULL),
(790, 119, 979, 1, NULL, NULL),
(791, 119, 980, 1, NULL, NULL),
(792, 119, 981, 1, NULL, NULL),
(793, 119, 982, 1, NULL, NULL),
(794, 119, 983, 1, NULL, NULL),
(795, 119, 984, 3, NULL, NULL),
(796, 119, 985, 1, NULL, NULL),
(797, 119, 986, 1, NULL, NULL),
(798, 119, 987, 1, NULL, NULL),
(799, 119, 988, 1, NULL, NULL),
(800, 119, 989, 1, NULL, NULL),
(801, 119, 990, 1, NULL, NULL),
(802, 119, 991, 1, NULL, NULL),
(803, 119, 992, 1, NULL, NULL),
(804, 119, 993, 2, NULL, '2018-05-29'),
(805, 116, 880, 1, NULL, NULL),
(806, 116, 881, 1, NULL, NULL),
(807, 116, 882, 1, NULL, NULL),
(808, 116, 883, 1, NULL, NULL),
(809, 116, 884, 3, 3, NULL),
(810, 116, 885, 1, NULL, NULL),
(811, 116, 886, 1, NULL, NULL),
(812, 116, 887, 1, NULL, NULL),
(813, 116, 888, 1, NULL, NULL),
(814, 116, 889, 1, NULL, NULL),
(815, 116, 890, 1, NULL, NULL),
(816, 116, 891, 1, NULL, NULL),
(817, 116, 892, 1, NULL, NULL),
(818, 116, 893, 1, NULL, NULL),
(819, 116, 894, 1, NULL, NULL),
(820, 116, 895, 1, NULL, NULL),
(821, 116, 896, 1, NULL, NULL),
(822, 116, 897, 1, NULL, NULL),
(823, 116, 898, 1, NULL, NULL),
(824, 116, 899, 1, NULL, NULL),
(825, 116, 900, 1, NULL, NULL),
(826, 116, 901, 1, NULL, NULL),
(827, 116, 902, 1, NULL, NULL),
(828, 116, 903, 1, NULL, NULL),
(829, 116, 904, 1, NULL, NULL),
(830, 116, 905, 1, NULL, NULL),
(831, 116, 906, 3, NULL, NULL),
(832, 116, 907, 1, NULL, NULL),
(833, 116, 908, 1, NULL, NULL),
(834, 116, 909, 1, NULL, NULL),
(835, 116, 910, 1, NULL, NULL),
(836, 116, 911, 1, NULL, NULL),
(837, 116, 912, 3, NULL, NULL),
(838, 116, 913, 1, NULL, NULL),
(839, 116, 914, 1, NULL, NULL),
(840, 116, 915, 1, NULL, NULL),
(841, 116, 916, 1, NULL, NULL),
(842, 116, 917, 1, NULL, NULL),
(843, 116, 918, 2, NULL, '2018-05-29'),
(844, 117, 919, 1, NULL, NULL),
(845, 117, 920, 1, NULL, NULL),
(846, 117, 921, 1, NULL, NULL),
(847, 117, 922, 1, NULL, NULL),
(848, 117, 923, 1, NULL, NULL),
(849, 117, 924, 1, NULL, NULL),
(850, 117, 925, 1, NULL, NULL),
(851, 117, 926, 1, NULL, NULL),
(852, 117, 927, 1, NULL, NULL),
(853, 117, 928, 1, NULL, NULL),
(854, 117, 929, 1, NULL, NULL),
(855, 117, 930, 1, NULL, NULL),
(856, 117, 931, 1, NULL, NULL),
(857, 117, 932, 1, NULL, NULL),
(858, 117, 933, 2, NULL, '2018-05-29'),
(859, 115, 722, 1, NULL, NULL),
(860, 115, 723, 1, NULL, NULL),
(861, 115, 724, 1, NULL, NULL),
(862, 115, 725, 1, NULL, NULL),
(863, 115, 726, 1, NULL, NULL),
(864, 115, 727, 1, NULL, NULL),
(865, 115, 728, 1, NULL, NULL),
(866, 115, 729, 1, NULL, NULL),
(867, 115, 730, 1, NULL, NULL),
(868, 115, 731, 1, NULL, NULL),
(869, 115, 732, 1, NULL, NULL),
(870, 115, 733, 1, NULL, NULL),
(871, 115, 734, 1, NULL, NULL),
(872, 115, 735, 1, NULL, NULL),
(873, 115, 736, 1, NULL, NULL),
(874, 115, 737, 1, NULL, NULL),
(875, 115, 738, 1, NULL, NULL),
(876, 115, 739, 1, NULL, NULL),
(877, 115, 740, 1, NULL, NULL),
(878, 115, 741, 1, NULL, NULL),
(879, 115, 742, 1, NULL, NULL),
(880, 115, 743, 1, NULL, NULL),
(881, 115, 744, 1, NULL, NULL),
(882, 115, 745, 1, NULL, NULL),
(883, 115, 746, 1, NULL, NULL),
(884, 115, 747, 1, NULL, NULL),
(885, 115, 748, 1, NULL, NULL),
(886, 115, 749, 1, NULL, NULL),
(887, 115, 750, 1, NULL, NULL),
(888, 115, 751, 1, NULL, NULL),
(889, 115, 752, 1, NULL, NULL),
(890, 115, 753, 1, NULL, NULL),
(891, 115, 754, 1, NULL, NULL),
(892, 115, 755, 1, NULL, NULL),
(893, 115, 756, 1, NULL, NULL),
(894, 115, 757, 1, NULL, NULL),
(895, 115, 758, 1, NULL, NULL),
(896, 115, 759, 1, NULL, NULL),
(897, 115, 760, 1, NULL, NULL),
(898, 115, 761, 1, NULL, NULL),
(899, 115, 762, 1, NULL, NULL),
(900, 115, 763, 1, NULL, NULL),
(901, 115, 764, 1, NULL, NULL),
(902, 115, 765, 1, NULL, NULL),
(903, 115, 766, 1, NULL, NULL),
(904, 115, 767, 1, NULL, NULL),
(905, 115, 768, 1, NULL, NULL),
(906, 115, 769, 1, NULL, NULL),
(907, 115, 770, 1, NULL, NULL),
(908, 115, 771, 1, NULL, NULL),
(909, 115, 772, 1, NULL, NULL),
(910, 115, 773, 1, NULL, NULL),
(911, 115, 774, 1, NULL, NULL),
(912, 115, 775, 1, NULL, NULL),
(913, 115, 776, 1, NULL, NULL),
(914, 115, 777, 1, NULL, NULL),
(915, 115, 778, 1, NULL, NULL),
(916, 115, 779, 1, NULL, NULL),
(917, 115, 780, 1, NULL, NULL),
(918, 115, 781, 1, NULL, NULL),
(919, 115, 782, 1, NULL, NULL),
(920, 115, 783, 1, NULL, NULL),
(921, 115, 784, 1, NULL, NULL),
(922, 115, 785, 1, NULL, NULL),
(923, 115, 786, 1, NULL, NULL),
(924, 115, 787, 1, NULL, NULL),
(925, 115, 788, 1, NULL, NULL),
(926, 115, 789, 1, NULL, NULL),
(927, 115, 790, 1, NULL, NULL),
(928, 115, 791, 1, NULL, NULL),
(929, 115, 792, 1, NULL, NULL),
(930, 115, 793, 1, NULL, NULL),
(931, 115, 794, 1, NULL, NULL),
(932, 115, 795, 1, NULL, NULL),
(933, 115, 796, 1, NULL, NULL),
(934, 115, 797, 1, NULL, NULL),
(935, 115, 798, 1, NULL, NULL),
(936, 115, 799, 1, NULL, NULL),
(937, 115, 800, 1, NULL, NULL),
(938, 115, 801, 1, NULL, NULL),
(939, 115, 802, 1, NULL, NULL),
(940, 115, 803, 1, NULL, NULL),
(941, 115, 804, 1, NULL, NULL),
(942, 115, 805, 1, NULL, NULL),
(943, 115, 806, 1, NULL, NULL),
(944, 115, 807, 1, NULL, NULL),
(945, 115, 808, 1, NULL, NULL),
(946, 115, 809, 1, NULL, NULL),
(947, 115, 810, 1, NULL, NULL),
(948, 115, 811, 1, NULL, NULL),
(949, 115, 812, 1, NULL, NULL),
(950, 115, 813, 1, NULL, NULL),
(951, 115, 814, 1, NULL, NULL),
(952, 115, 815, 1, NULL, NULL),
(953, 115, 816, 1, NULL, NULL),
(954, 115, 817, 1, NULL, NULL),
(955, 115, 818, 1, NULL, NULL),
(956, 115, 819, 1, NULL, NULL),
(957, 115, 820, 1, NULL, NULL),
(958, 115, 821, 1, NULL, NULL),
(959, 115, 822, 1, NULL, NULL),
(960, 115, 823, 1, NULL, NULL),
(961, 115, 824, 1, NULL, NULL),
(962, 115, 825, 1, NULL, NULL),
(963, 115, 826, 1, NULL, NULL),
(964, 115, 827, 1, NULL, NULL),
(965, 115, 828, 1, NULL, NULL),
(966, 115, 829, 1, NULL, NULL),
(967, 115, 830, 1, NULL, NULL),
(968, 115, 831, 1, NULL, NULL),
(969, 115, 832, 1, NULL, NULL),
(970, 115, 833, 1, NULL, NULL),
(971, 115, 834, 1, NULL, NULL),
(972, 115, 835, 1, NULL, NULL),
(973, 115, 836, 1, NULL, NULL),
(974, 115, 837, 1, NULL, NULL),
(975, 115, 838, 1, NULL, NULL),
(976, 115, 839, 1, NULL, NULL),
(977, 115, 840, 1, NULL, NULL),
(978, 115, 841, 1, NULL, NULL),
(979, 115, 842, 1, NULL, NULL),
(980, 115, 843, 1, NULL, NULL),
(981, 115, 844, 1, NULL, NULL),
(982, 115, 845, 1, NULL, NULL),
(983, 115, 846, 1, NULL, NULL),
(984, 115, 847, 1, NULL, NULL),
(985, 115, 848, 1, NULL, NULL),
(986, 115, 849, 1, NULL, NULL),
(987, 115, 850, 1, NULL, NULL),
(988, 115, 851, 1, NULL, NULL),
(989, 115, 852, 1, NULL, NULL),
(990, 115, 853, 1, NULL, NULL),
(991, 115, 854, 1, NULL, NULL),
(992, 115, 855, 1, NULL, NULL),
(993, 115, 856, 1, NULL, NULL),
(994, 115, 857, 1, NULL, NULL),
(995, 115, 858, 1, NULL, NULL),
(996, 115, 859, 1, NULL, NULL),
(997, 115, 860, 1, NULL, NULL),
(998, 115, 861, 1, NULL, NULL),
(999, 115, 862, 1, NULL, NULL),
(1000, 115, 863, 1, NULL, NULL),
(1001, 115, 864, 1, NULL, NULL),
(1002, 115, 865, 1, NULL, NULL),
(1003, 115, 866, 1, NULL, NULL),
(1004, 115, 867, 1, NULL, NULL),
(1005, 115, 868, 1, NULL, NULL),
(1006, 115, 869, 1, NULL, NULL),
(1007, 115, 870, 1, NULL, NULL),
(1008, 115, 871, 1, NULL, NULL),
(1009, 115, 872, 1, NULL, NULL),
(1010, 115, 873, 1, NULL, NULL),
(1011, 115, 874, 1, NULL, NULL),
(1012, 115, 875, 1, NULL, NULL),
(1013, 115, 876, 1, NULL, NULL),
(1014, 115, 877, 1, NULL, NULL),
(1015, 115, 878, 1, NULL, NULL),
(1016, 115, 879, 2, NULL, '2018-05-29'),
(1017, 110, 595, 1, NULL, NULL),
(1018, 110, 596, 1, NULL, NULL),
(1019, 110, 597, 1, NULL, NULL),
(1020, 110, 598, 1, NULL, NULL),
(1021, 110, 599, 1, NULL, NULL),
(1022, 110, 600, 1, NULL, NULL),
(1023, 110, 601, 1, NULL, NULL),
(1024, 110, 602, 1, NULL, NULL),
(1025, 110, 603, 1, NULL, NULL),
(1026, 110, 604, 1, NULL, NULL),
(1027, 110, 605, 1, NULL, NULL),
(1028, 110, 606, 1, NULL, NULL),
(1029, 110, 607, 1, NULL, NULL),
(1030, 110, 608, 1, NULL, NULL),
(1031, 110, 609, 1, NULL, NULL),
(1032, 110, 610, 1, NULL, NULL),
(1033, 110, 611, 1, NULL, NULL),
(1034, 110, 612, 1, NULL, NULL),
(1035, 110, 613, 1, NULL, NULL),
(1036, 110, 614, 1, NULL, NULL),
(1037, 110, 615, 1, NULL, NULL),
(1038, 110, 616, 1, NULL, NULL),
(1039, 110, 617, 1, NULL, NULL),
(1040, 110, 618, 1, NULL, NULL),
(1041, 110, 619, 1, NULL, NULL),
(1042, 110, 620, 1, NULL, NULL),
(1043, 110, 621, 1, NULL, NULL),
(1044, 110, 622, 1, NULL, NULL),
(1045, 110, 623, 1, NULL, NULL),
(1046, 110, 624, 1, NULL, NULL),
(1047, 110, 625, 1, NULL, NULL),
(1048, 110, 626, 1, NULL, NULL),
(1049, 110, 627, 1, NULL, NULL),
(1050, 110, 628, 1, NULL, NULL),
(1051, 110, 629, 1, NULL, NULL),
(1052, 110, 630, 1, NULL, NULL),
(1053, 110, 631, 1, NULL, NULL),
(1054, 110, 632, 1, NULL, NULL),
(1055, 110, 633, 1, NULL, NULL),
(1056, 110, 634, 1, NULL, NULL),
(1057, 110, 635, 1, NULL, NULL),
(1058, 110, 636, 1, NULL, NULL),
(1059, 110, 637, 1, NULL, NULL),
(1060, 110, 638, 1, NULL, NULL),
(1061, 110, 639, 1, NULL, NULL),
(1062, 110, 640, 1, NULL, NULL),
(1063, 110, 641, 1, NULL, NULL),
(1064, 110, 642, 1, NULL, NULL),
(1065, 110, 643, 1, NULL, NULL),
(1066, 110, 644, 1, NULL, NULL),
(1067, 109, 531, 1, NULL, NULL),
(1068, 109, 532, 1, NULL, NULL),
(1069, 109, 533, 1, NULL, NULL),
(1070, 109, 534, 1, NULL, NULL),
(1071, 109, 535, 1, NULL, NULL),
(1072, 109, 536, 1, NULL, NULL),
(1073, 109, 537, 1, NULL, NULL),
(1074, 109, 538, 1, NULL, NULL),
(1075, 109, 539, 1, NULL, NULL),
(1076, 109, 540, 1, NULL, NULL),
(1077, 109, 541, 1, NULL, NULL),
(1078, 109, 542, 1, NULL, NULL),
(1079, 109, 543, 1, NULL, NULL),
(1080, 109, 544, 1, NULL, NULL),
(1081, 108, 545, 1, NULL, NULL),
(1082, 108, 546, 1, NULL, NULL),
(1083, 108, 547, 1, NULL, NULL),
(1084, 108, 548, 1, NULL, NULL),
(1085, 108, 549, 3, NULL, NULL),
(1086, 108, 550, 1, NULL, NULL),
(1087, 108, 551, 1, NULL, NULL),
(1088, 108, 552, 1, NULL, NULL),
(1089, 108, 553, 1, NULL, NULL),
(1090, 108, 554, 1, NULL, NULL),
(1091, 108, 555, 1, NULL, NULL),
(1092, 108, 556, 3, NULL, NULL),
(1093, 108, 557, 1, NULL, NULL),
(1094, 108, 558, 1, NULL, NULL),
(1095, 108, 559, 1, NULL, NULL),
(1096, 108, 560, 1, NULL, NULL),
(1097, 108, 561, 1, NULL, NULL),
(1098, 108, 562, 1, NULL, NULL),
(1099, 108, 563, 1, NULL, NULL),
(1100, 108, 564, 3, NULL, NULL),
(1101, 108, 565, 1, NULL, NULL),
(1102, 108, 566, 3, NULL, NULL),
(1103, 108, 567, 1, NULL, NULL),
(1104, 108, 568, 1, NULL, NULL),
(1105, 108, 569, 3, NULL, NULL),
(1106, 108, 570, 1, NULL, NULL),
(1107, 108, 571, 1, NULL, NULL),
(1108, 108, 572, 1, NULL, NULL),
(1109, 108, 573, 1, NULL, NULL),
(1110, 108, 574, 1, NULL, NULL),
(1111, 108, 575, 3, NULL, NULL),
(1112, 108, 576, 1, NULL, NULL),
(1113, 108, 577, 1, NULL, NULL),
(1114, 108, 578, 1, NULL, NULL),
(1115, 108, 579, 1, NULL, NULL),
(1116, 108, 580, 1, NULL, NULL),
(1117, 108, 581, 1, NULL, NULL),
(1118, 108, 582, 1, NULL, NULL),
(1119, 108, 583, 1, NULL, NULL),
(1120, 108, 584, 1, NULL, NULL),
(1121, 108, 585, 1, NULL, NULL),
(1122, 108, 586, 1, NULL, NULL),
(1123, 108, 587, 1, NULL, NULL),
(1124, 108, 588, 1, NULL, NULL),
(1125, 108, 589, 1, NULL, NULL),
(1126, 108, 590, 1, NULL, NULL),
(1127, 108, 591, 1, NULL, NULL),
(1128, 108, 592, 1, NULL, NULL),
(1129, 108, 593, 1, NULL, NULL),
(1130, 108, 594, 1, NULL, NULL),
(1131, 118, 934, 1, NULL, NULL),
(1132, 118, 935, 1, NULL, NULL),
(1133, 118, 936, 1, NULL, NULL),
(1134, 118, 937, 1, NULL, NULL),
(1135, 118, 938, 1, NULL, NULL),
(1136, 118, 939, 1, NULL, NULL),
(1137, 118, 940, 1, NULL, NULL),
(1138, 118, 941, 1, NULL, NULL),
(1139, 118, 942, 1, NULL, NULL),
(1140, 118, 943, 1, NULL, NULL),
(1141, 118, 944, 1, NULL, NULL),
(1142, 118, 945, 1, NULL, NULL),
(1143, 118, 946, 1, NULL, NULL),
(1144, 118, 947, 1, NULL, NULL),
(1145, 118, 948, 1, NULL, NULL),
(1146, 118, 949, 1, NULL, NULL),
(1147, 118, 950, 1, NULL, NULL),
(1148, 118, 951, 1, NULL, NULL),
(1149, 118, 952, 1, NULL, NULL),
(1150, 118, 953, 1, NULL, NULL),
(1151, 118, 954, 1, NULL, NULL),
(1152, 118, 955, 1, NULL, NULL),
(1153, 118, 956, 1, NULL, NULL),
(1154, 118, 957, 1, NULL, NULL),
(1155, 118, 958, 1, NULL, NULL),
(1156, 118, 959, 1, NULL, NULL),
(1157, 118, 960, 1, NULL, NULL),
(1158, 118, 961, 1, NULL, NULL),
(1159, 118, 962, 1, NULL, NULL),
(1160, 118, 963, 1, NULL, NULL),
(1161, 118, 964, 1, NULL, NULL),
(1162, 118, 965, 1, NULL, NULL),
(1163, 118, 966, 1, NULL, NULL),
(1164, 118, 967, 1, NULL, NULL),
(1165, 118, 968, 1, NULL, NULL),
(1166, 118, 969, 1, NULL, NULL),
(1167, 118, 970, 1, NULL, NULL),
(1168, 118, 971, 1, NULL, NULL),
(1169, 118, 972, 1, NULL, NULL),
(1170, 118, 973, 1, NULL, NULL),
(1171, 118, 974, 1, NULL, NULL),
(1172, 118, 975, 1, NULL, NULL),
(1173, 118, 976, 1, NULL, NULL),
(1174, 118, 977, 1, NULL, NULL),
(1175, 118, 978, 1, NULL, NULL),
(1176, 118, 979, 1, NULL, NULL),
(1177, 121, 980, 1, NULL, NULL),
(1178, 121, 981, 1, NULL, NULL),
(1179, 121, 982, 1, NULL, NULL),
(1180, 121, 983, 1, NULL, NULL),
(1181, 121, 984, 1, NULL, NULL),
(1182, 121, 985, 1, NULL, NULL),
(1183, 121, 986, 1, NULL, NULL),
(1184, 121, 987, 1, NULL, NULL),
(1185, 121, 988, 1, NULL, NULL),
(1186, 121, 989, 1, NULL, NULL),
(1187, 121, 990, 1, NULL, NULL),
(1188, 121, 991, 1, NULL, NULL),
(1189, 121, 992, 1, NULL, NULL),
(1190, 121, 993, 1, NULL, NULL),
(1191, 120, 994, 1, NULL, NULL),
(1192, 120, 995, 1, NULL, NULL),
(1193, 120, 996, 1, NULL, NULL),
(1194, 120, 997, 1, NULL, NULL),
(1195, 120, 998, 1, NULL, NULL),
(1196, 120, 999, 1, NULL, NULL),
(1197, 120, 1000, 1, NULL, NULL),
(1198, 120, 1001, 1, NULL, NULL),
(1199, 120, 1002, 1, NULL, NULL),
(1200, 120, 1003, 1, NULL, NULL),
(1201, 120, 1004, 1, NULL, NULL),
(1202, 120, 1005, 1, NULL, NULL),
(1203, 120, 1006, 1, NULL, NULL),
(1204, 120, 1007, 1, NULL, NULL),
(1205, 120, 1008, 1, NULL, NULL),
(1206, 120, 1009, 1, NULL, NULL),
(1207, 120, 1010, 1, NULL, NULL),
(1208, 120, 1011, 1, NULL, NULL),
(1209, 120, 1012, 1, NULL, NULL),
(1210, 120, 1013, 1, NULL, NULL),
(1211, 120, 1014, 1, NULL, NULL),
(1212, 120, 1015, 1, NULL, NULL),
(1213, 120, 1016, 1, NULL, NULL),
(1214, 120, 1017, 1, NULL, NULL),
(1215, 120, 1018, 1, NULL, NULL),
(1216, 120, 1019, 1, NULL, NULL),
(1217, 120, 1020, 1, NULL, NULL),
(1218, 120, 1021, 1, NULL, NULL),
(1219, 120, 1022, 1, NULL, NULL),
(1220, 120, 1023, 1, NULL, NULL),
(1221, 120, 1024, 1, NULL, NULL),
(1222, 120, 1025, 1, NULL, NULL),
(1223, 120, 1026, 1, NULL, NULL),
(1224, 120, 1027, 1, NULL, NULL),
(1225, 120, 1028, 1, NULL, NULL),
(1226, 120, 1029, 1, NULL, NULL),
(1227, 120, 1030, 1, NULL, NULL),
(1228, 120, 1031, 1, NULL, NULL),
(1229, 120, 1032, 1, NULL, NULL),
(1230, 120, 1033, 1, NULL, NULL),
(1231, 120, 1034, 1, NULL, NULL),
(1232, 120, 1035, 1, NULL, NULL),
(1233, 120, 1036, 1, NULL, NULL),
(1234, 120, 1037, 1, NULL, NULL),
(1235, 120, 1038, 1, NULL, NULL),
(1236, 120, 1039, 1, NULL, NULL);

-- --------------------------------------------------------

--
-- Štruktúra tabuľky pre tabuľku `test_plan_sprint_case_user`
--

CREATE TABLE `test_plan_sprint_case_user` (
  `id` int(11) NOT NULL,
  `user_id` int(11) DEFAULT NULL,
  `test_plan_sprint_case_id` int(11) DEFAULT NULL
) ENGINE=InnoDB DEFAULT CHARSET=utf8 COLLATE=utf8_slovak_ci;

--
-- Sťahujem dáta pre tabuľku `test_plan_sprint_case_user`
--

INSERT INTO `test_plan_sprint_case_user` (`id`, `user_id`, `test_plan_sprint_case_id`) VALUES
(257, 74, 540),
(258, 74, 541),
(259, 74, 542),
(260, 74, 543),
(261, 74, 544),
(262, 74, 545),
(263, 74, 546),
(264, 74, 547),
(265, 74, 548),
(266, 74, 549),
(267, 74, 550),
(268, 74, 551),
(269, 74, 552),
(270, 74, 553),
(271, 74, 554);

-- --------------------------------------------------------

--
-- Štruktúra tabuľky pre tabuľku `test_plan_sprint_comment`
--

CREATE TABLE `test_plan_sprint_comment` (
  `id` int(11) NOT NULL,
  `description` text COLLATE utf8_slovak_ci,
  `author_id` int(11) DEFAULT NULL,
  `test_plan_sprint_id` int(11) DEFAULT NULL,
  `create_date` timestamp NULL DEFAULT CURRENT_TIMESTAMP ON UPDATE CURRENT_TIMESTAMP
) ENGINE=InnoDB DEFAULT CHARSET=utf8 COLLATE=utf8_slovak_ci;

-- --------------------------------------------------------

--
-- Štruktúra tabuľky pre tabuľku `test_set`
--

CREATE TABLE `test_set` (
  `id` int(11) NOT NULL,
  `name` varchar(150) COLLATE utf8_slovak_ci DEFAULT NULL,
  `description` text COLLATE utf8_slovak_ci,
  `creator_id` int(11) DEFAULT NULL,
  `create_date` timestamp NOT NULL DEFAULT CURRENT_TIMESTAMP,
  `project_id` int(11) DEFAULT NULL,
  `folder_id` int(11) DEFAULT NULL
) ENGINE=InnoDB DEFAULT CHARSET=utf8 COLLATE=utf8_slovak_ci;

--
-- Sťahujem dáta pre tabuľku `test_set`
--

INSERT INTO `test_set` (`id`, `name`, `description`, `creator_id`, `create_date`, `project_id`, `folder_id`) VALUES
(448, 'Projects', NULL, 73, '2018-05-24 12:16:34', 56, NULL),
(449, 'Project_ModulSettings', NULL, 73, '2018-05-24 12:16:47', 56, NULL),
(450, 'Release/Campaing', NULL, 73, '2018-05-24 12:16:55', 56, NULL),
(451, 'Project_ModulTestExecution', NULL, 73, '2018-05-24 12:17:03', 56, NULL),
(452, 'JIRA_Integration', NULL, 73, '2018-05-24 12:17:40', 48, NULL),
(453, 'Issue', NULL, 73, '2018-05-24 12:18:00', 48, NULL),
(456, 'ProfileMenu_MyProfile', NULL, 73, '2018-05-24 12:19:10', 49, NULL),
(458, 'ProfileMenuProjects', NULL, 73, '2018-05-24 12:20:56', 49, NULL),
(459, 'WriteTicket', NULL, 73, '2018-05-24 12:21:08', 49, NULL),
(460, 'MyLogs', NULL, 73, '2018-05-24 12:21:24', 49, NULL),
(461, 'ProfileMenu_Language', NULL, 73, '2018-05-24 12:21:37', 49, NULL),
(462, 'Settings', NULL, 73, '2018-05-24 12:22:38', 50, NULL),
(463, 'System', NULL, 73, '2018-05-24 12:22:51', 50, NULL),
(464, 'Users', NULL, 73, '2018-05-24 12:23:32', 50, NULL),
(465, 'Project_ModulIssue', NULL, 73, '2018-05-24 12:25:06', 51, NULL),
(466, 'Project_ModulSettings', NULL, 73, '2018-05-24 12:25:34', 51, NULL),
(467, 'Homepage', NULL, 73, '2018-05-24 12:26:02', 55, NULL),
(469, 'Issue', NULL, 73, '2018-05-24 12:26:10', 55, NULL),
(470, 'Logs', NULL, 73, '2018-05-24 12:26:19', 55, NULL),
(471, 'Release/Campaing', NULL, 73, '2018-05-24 12:26:27', 52, NULL),
(472, 'Projects', NULL, 73, '2018-05-24 12:26:28', 55, NULL),
(473, 'Project_ModulTestPlan', NULL, 73, '2018-05-24 12:26:39', 52, NULL),
(474, 'Project_ModulTestPlan', NULL, 73, '2018-05-24 12:28:26', 54, NULL),
(475, 'Project_ModulTestExecution', NULL, 73, '2018-05-24 12:28:33', 54, NULL),
(476, 'Project_ModulTestAnalyses', NULL, 73, '2018-05-24 12:33:14', 54, NULL),
(477, 'ProfileMenu_MyProfile', NULL, 73, '2018-05-24 12:38:14', 53, NULL),
(478, 'ProfileMenuProjects', NULL, 73, '2018-05-24 12:38:23', 53, NULL),
(479, 'JIRA_Integration', NULL, 73, '2018-05-24 12:38:32', 53, NULL),
(481, 'ProfileMenu_MyProfile', NULL, 73, '2018-05-28 18:57:44', NULL, 4),
(482, 'WriteTicket', NULL, 73, '2018-05-28 18:57:58', NULL, 4),
(483, 'ProfileMenuProjects', NULL, 73, '2018-05-28 18:58:08', NULL, 4),
(484, 'Homepage', NULL, 73, '2018-05-28 18:58:23', NULL, 4),
(485, 'Project_ModulTestPlan', NULL, 73, '2018-05-28 18:58:43', NULL, 6),
(486, 'Project_ModulTestExecution', NULL, 73, '2018-05-28 18:58:56', NULL, 6),
(487, 'Project_ModulTestAnalyses', NULL, 73, '2018-05-28 18:59:10', NULL, 6);

-- --------------------------------------------------------

--
-- Štruktúra tabuľky pre tabuľku `test_step`
--

CREATE TABLE `test_step` (
  `id` int(11) NOT NULL,
  `precondition` text COLLATE utf8_slovak_ci,
  `expected_result` text COLLATE utf8_slovak_ci,
  `creator_id` int(11) DEFAULT NULL,
  `create_date` timestamp NULL DEFAULT NULL ON UPDATE CURRENT_TIMESTAMP,
  `test_case_id` int(11) NOT NULL
) ENGINE=InnoDB DEFAULT CHARSET=utf8 COLLATE=utf8_slovak_ci;

--
-- Sťahujem dáta pre tabuľku `test_step`
--

INSERT INTO `test_step` (`id`, `precondition`, `expected_result`, `creator_id`, `create_date`, `test_case_id`) VALUES
(6958, 'Klikni na záložku Projekty z nabídky.', 'Otevře se záložka projekty. ', 73, NULL, 1262),
(6959, 'Klikni na tlačítko Vytvořit projekt. ', 'Otevře se okno Vytvořit projekt.', 73, NULL, 1262),
(6960, 'Zadej název pomocí znaků s diakritikou a klikni na tlačítko přidat.', 'Vytvoří se nový projekt.', 73, NULL, 1262),
(6961, 'Klikni na záložku Projekty z nabídky.', 'Otevře se záložka projekty.', 73, NULL, 1263),
(6962, 'Klikni na tlačítko Vytvořit projekt. ', 'Otevře se okno Vytvořit projekt.', 73, NULL, 1263),
(6963, 'Zadej název pomocí znaků bez diakritiky a klikni na tlačítko přidat.', 'Vytvoří se projekt. ', 73, NULL, 1263),
(6964, 'Klikni na záložku Projekty z nabídky.', 'Otevře se záložka projekty.', 73, NULL, 1264),
(6965, 'Klikni na tlačítko Vytvořit projekt. ', 'Otevře se okno Vytvořit projekt.', 73, NULL, 1264),
(6966, 'Zadej název pomocí čísel a klikni na tlačítko přidat.', 'Vytvoří se projekt. ', 73, NULL, 1264),
(6967, 'Klikni na záložku Projekty z nabídky.', 'Otevře se záložka projekty.', 73, NULL, 1265),
(6968, 'Klikni na tlačítko Vytvořit projekt. ', 'Otevře se okno Vytvořit projekt.', 73, NULL, 1265),
(6969, 'Zadej název pomocí speciálních znaků a klikni na tlačítko přidat.', 'Vytvoří se projekt. ', 73, NULL, 1265),
(6970, 'Klikni na záložku Projekty z nabídky.', 'Otevře se záložka projekty.', 73, NULL, 1266),
(6971, 'Klikni na tlačítko Vytvořit projekt. ', 'Otevře se okno Vytvořit projekt.', 73, NULL, 1266),
(6972, 'Nech kolonku název prázdnou a klikni na tlačítko přidat.', 'Nevytvoří se projekt. Vyskočí tabulka Zadej název.', 73, NULL, 1266),
(6973, 'Klikni na záložku Projekty z nabídky.', 'Otevře se záložka projekty.', 73, NULL, 1267),
(6974, 'Klikni na tlačítko Vytvořit projekt. ', 'Otevře se okno Vytvořit projekt.', 73, NULL, 1267),
(6975, 'Vyplň kolonku název mezerama(spacebar/mezerník) a klikni na tlačítko přidat.', 'Nevytvoří se projekt. Vyskočí tabulka Zadej název.', 73, NULL, 1267),
(6976, 'Klikni na záložku Projekty z nabídky.', 'Otevře se záložka projekty.', 73, NULL, 1268),
(6977, 'Klikni na tlačítko Vytvořit projekt. ', 'Otevře se okno Vytvořit projekt.', 73, NULL, 1268),
(6978, 'Zadej název a zadej popis a klikni na tlačítko přidat.', 'Vytvoří se nový projekt.', 73, NULL, 1268),
(6979, 'Klikni na tlačítko Vytvořit projekt. ', 'Otevře se okno Vytvořit projekt.', 73, NULL, 1268),
(6980, 'Vytvoř nový projekt se stejným názvem a klikni na tlačítko přidat.', 'Nevytvoří se nový projekt. Vyskočí hláška Projekt s tímto názvem již existuje.', 73, NULL, 1268),
(6981, 'Klikni na záložku Projekty z nabídky.', 'Otevře se záložka projekty.', 73, NULL, 1269),
(6982, 'Klikni na tlačítko Vytvořit projekt. ', 'Otevře se okno Vytvořit projekt.', 73, NULL, 1269),
(6983, 'Vyplň kolonku název a zadej popis pomocí znaků s diakritikou.', 'Vytvoří se projekt. ', 73, NULL, 1269),
(6984, 'Klikni na záložku Projekty z nabídky.', 'Otevře se záložka projekty.', 73, NULL, 1270),
(6985, 'Klikni na tlačítko Vytvořit projekt. ', 'Otevře se okno Vytvořit projekt.', 73, NULL, 1270),
(6986, 'Vyplň kolonku název a zadej popis pomocí znaků bez diakritiky a klikni na tlačítko přidat.', 'Vytvoří se projekt. ', 73, NULL, 1270),
(6987, 'Klikni na záložku Projekty z nabídky.', 'Otevře se záložka projekty.', 73, NULL, 1271),
(6988, 'Klikni na tlačítko Vytvořit projekt. ', 'Otevře se okno Vytvořit projekt.', 73, NULL, 1271),
(6989, 'Vyplň kolonku název a zadej popis pomocí čísel a klikni na tlačítko přidat.', 'Vytvoří se projekt. ', 73, NULL, 1271),
(6990, 'Klikni na záložku Projekty z nabídky.', 'Otevře se záložka projekty.', 73, NULL, 1272),
(6991, 'Klikni na tlačítko Vytvořit projekt. ', 'Otevře se okno Vytvořit projekt.', 73, NULL, 1272),
(6992, 'Vyplň kolonku název a zadej popis pomocí speciálních znaků a klikni na tlačítko přidat.', 'Vytvoří se projekt. ', 73, NULL, 1272),
(6993, 'Klikni na záložku Projekty z nabídky.', 'Otevře se záložka projekty.', 73, NULL, 1273),
(6994, 'Klikni na tlačítko Vytvořit projekt. ', 'Otevře se okno Vytvořit projekt.', 73, NULL, 1273),
(6995, 'Vyplň kolonku název a kolonku popis nech prázdnou a klikni na tlačítko přidat.', 'Vytvoří se projekt. ', 73, NULL, 1273),
(6996, 'Klikni na záložku Projekty z nabídky.', 'Otevře se záložka projekty.', 73, NULL, 1274),
(6997, 'Klikni na tlačítko Vytvořit projekt. ', 'Otevře se okno Vytvořit projekt.', 73, NULL, 1274),
(6998, 'Vyplň kolonku název a zadej popis mezerama(spacebar/mezerník) a klikni na tlačítko přidat.', 'Vytvoří se projekt. ', 73, NULL, 1274),
(6999, 'Klikni na záložku Projekty z nabídky.', 'Otevře se záložka projekty.', 73, NULL, 1275),
(7000, 'Klikni na tlačítko Vytvořit projekt. ', 'Otevře se okno Vytvořit projekt.', 73, NULL, 1275),
(7001, 'Zadej název a zadej popis a klikni na tlačítko přidat.', 'Vytvoří se nový projekt.', 73, NULL, 1275),
(7002, 'Klikni na tlačítko Vytvořit projekt. ', 'Otevře se okno Vytvořit projekt.', 73, NULL, 1275),
(7003, 'Vytvoř nový projekt se stejným popisem a klikni na tlačítko přidat.', 'Vytvoří se nový projekt.', 73, NULL, 1275),
(7004, 'Klikni na záložku Projekty z nabídky.', 'Otevře se záložka projekty.', 73, NULL, 1276),
(7005, 'Klikni na tlačítko Vytvořit projekt. ', 'Otevře se okno Vytvořit projekt.', 73, NULL, 1276),
(7006, 'Vyplň kolonku název a zadej popis a klikni na tlačítko Zavřít.', 'Zavře se okno Vytvořit projekt.', 73, NULL, 1276),
(7007, 'Klikni znovu na tlačítko Vytvořit projekt.', 'Vyskočí okno Vytvořit projekt s vyplěnými informacemi.', 73, NULL, 1276),
(7008, 'Klikni na tlačítko přidat.', 'Vytvoří se projekt. ', 73, NULL, 1276),
(7009, 'Klikni na záložku Projekty z nabídky.', 'Otevře se záložka projekty.', 73, NULL, 1277),
(7010, 'Klikni na tlačítko Nastavení zobrazení a vyber kolonky, které chceš/nechceš vidět v tabulce.', 'Zmenšená tabulka(odstraněné sloupce) podle Zobrazení.', 73, NULL, 1277),
(7011, 'Klikni na tlačítko Zobrazit všechny sloupce.', 'Zobrazí se nám kompletní tabulka se všemi sloupci.', 73, NULL, 1277),
(7012, 'Klikni na záložku Projekty z nabídky.', 'Otevře se záložka projekty.', 73, NULL, 1278),
(7013, 'V pravo dole klikni na počet zobrazených Projektů na stránku', 'Vyskočí možnosti pro počet zobrazení.', 73, NULL, 1278),
(7014, 'Zvol počet zobrazených Projektů na stránku', 'Zvětšená/Zmenšená tabulka podle počtu  zobrazených Projektů na stránku.', 73, NULL, 1278),
(7015, 'Klikni na záložku Projekty z nabídky.', 'Otevře se záložka projekty.', 73, NULL, 1279),
(7016, 'V levo nahoře klikni na Archiv', 'Otevře se záložka Archiv.', 73, NULL, 1279),
(7017, 'Klikni na záložku Projekty z nabídky.', 'Otevře se záložka projekty.', 73, NULL, 1280),
(7018, 'V levo nahoře klikni na Archiv', 'Otevře se záložka Archiv.', 73, NULL, 1280),
(7019, 'V pravo dole klikni na počet zobrazených Projektů na stránku', 'Vyskočí možnosti pro počet zobrazení.', 73, NULL, 1280),
(7020, 'Zvol počet zobrazených Projektů na stránku', 'Zvětšená/Zmenšená tabulka podle počtu  zobrazených Projektů v Archivu  na stránku.', 73, NULL, 1280),
(7021, 'Klikni na záložku Projekty z nabídky.', 'Otevře se záložka projekty.', 73, NULL, 1281),
(7022, 'V levo nahoře klikni na Archiv', 'Otevře se záložka Archiv.', 73, NULL, 1281),
(7023, 'Klikni na tlačítko Nastavení zobrazení a vyber kolonky, které chceš/nechceš vidět v tabulce.', 'Zmenšená tabulka(odstraněné sloupce) podle Zobrazení.', 73, NULL, 1281),
(7024, 'Klikni na tlačítko Zobrazit všechny sloupce.', 'Zobrazí se nám kompletní tabulka se všemi sloupci.', 73, NULL, 1281),
(7025, 'Otevři projekt a klikni na záložku Setings', 'Otevře se ti záložka Setings', 73, NULL, 1282),
(7026, 'Klikni na Všeobecné nastavení', 'Otevře se stránka Všeobecné nastavení', 73, NULL, 1282),
(7027, 'Zde vypln název pomocí znaků s diakritikou a klikni na tlačítko Uložit', 'Projekt se upravil', 73, NULL, 1282),
(7028, 'Otevři projekt a klikni na záložku Setings', 'Otevře se ti záložka Setings', 73, NULL, 1283),
(7029, 'Klikni na Všeobecné nastavení', 'Otevře se stránka Všeobecné nastavení', 73, NULL, 1283),
(7030, 'Zde vypln název pomocí čísel a klikni na tlačítko Uložit', 'Projekt se upravil', 73, NULL, 1283),
(7031, 'Otevři projekt a klikni na záložku Setings', 'Otevře se ti záložka Setings', 73, NULL, 1284),
(7032, 'Klikni na Všeobecné nastavení', 'Otevře se stránka Všeobecné nastavení', 73, NULL, 1284),
(7033, 'Zde vypln název pomocí Speciálních znaků a klikni na tlačítko Uložit', 'Projekt se upravil', 73, NULL, 1284),
(7034, 'Otevři projekt a klikni na záložku Setings', 'Otevře se ti záložka Setings', 73, NULL, 1285),
(7035, 'Klikni na vytvořit Všeobecné Nastavení', 'Otevře se stránka Všeobecné nastavení', 73, NULL, 1285),
(7036, 'Zde nech název prázdný a klikni na tlačítko uložit', 'Vyskočí chybová hláška, že název musí být vyplněn jelikož je to povinné pole', 73, NULL, 1285),
(7037, 'Otevři projekt a klikni na záložku Setings', 'Otevře se ti záložka Setings', 73, NULL, 1286),
(7038, 'Klikni na vytvořit Všeobecné Nastavení', 'Otevře se stránka Všeobecné nastavení', 73, NULL, 1286),
(7039, 'Zde vyplnte název shodný s jiným z projektů a klikněte na tlačítko Přidat', 'Projekt se neupravil, a vyskočila hláška, že název už byl použit .', 73, NULL, 1286),
(7040, 'Otevři projekt a klikni na záložku Setings', 'Otevře se ti záložka Setings', 73, NULL, 1287),
(7041, 'Klikni na Všeobecné nastavení', 'Otevře se stránka Všeobecné nastavení', 73, NULL, 1287),
(7042, 'Zde vypln popis pomocí znaků s diakritikou a klikni na tlačítko Uložit', 'Projekt se upravil', 73, NULL, 1287),
(7043, 'Otevři projekt a klikni na záložku Setings', 'Otevře se ti záložka Setings', 73, NULL, 1288),
(7044, 'Klikni na Všeobecné nastavení', 'Otevře se stránka Všeobecné nastavení', 73, NULL, 1288),
(7045, 'Zde vypln popis pomocí čísel a klikni na tlačítko Uložit', 'Projekt se upravil', 73, NULL, 1288),
(7046, 'Otevři projekt a klikni na záložku Setings', 'Otevře se ti záložka Setings', 73, NULL, 1289),
(7047, 'Klikni na Všeobecné nastavení', 'Otevře se stránka Všeobecné nastavení', 73, NULL, 1289),
(7048, 'Zde vypln popis pomocí Speciálních znaků a klikni na tlačítko Uložit', 'Projekt se upravil', 73, NULL, 1289),
(7049, 'Otevři projekt a klikni na záložku Setings', 'Otevře se ti záložka Setings', 73, NULL, 1290),
(7050, 'Klikni na vytvořit Všeobecné Nastavení', 'Otevře se stránka Všeobecné nastavení', 73, NULL, 1290),
(7051, 'Zde nech popis prázdný a klikni na tlačítko uložit', 'Projekt se upravil', 73, NULL, 1290),
(7052, 'Otevři projekt a klikni na záložku Setings', 'Otevře se ti záložka Setings', 73, NULL, 1291),
(7053, 'Klikni na vytvořit Všeobecné Nastavení', 'Otevře se stránka Všeobecné nastavení', 73, NULL, 1291),
(7054, 'Zde vyplnte popis shodný s jiným z projektů a klikněte na tlačítko Přidat', 'Projekt se upravil', 73, NULL, 1291),
(7055, 'Otevři projekt a klikni na záložku Setings', 'Otevře se ti záložka Setings', 73, NULL, 1292),
(7056, 'Klikni na vytvořit Projektové Role', 'Otevře se stránka Projektové role', 73, NULL, 1292),
(7057, 'Zde nechte všechny Projektové role prázdné', 'V projektu bude moci každý pracovat s ohledem na osobní role kterému byly přiděleny', 73, NULL, 1292),
(7058, 'Otevři projekt a klikni na záložku Setings', 'Otevře se ti záložka Setings', 73, NULL, 1293),
(7059, 'Klikni na vytvořit Projektové Role', 'Otevře se stránka Projektové role', 73, NULL, 1293),
(7060, 'Zde se kliknutím na kolonku zobrazí seznam uživatelů a kliknutím na uživatele vyberete jej přiřadíte k roli ', 'V projektu budou moci pracovat jen uživatelé kteří jsou přiřazeni k projektu a to jen v možnostech které jsou určeny rolemi', 73, NULL, 1293),
(7061, 'Otevři projekt a klikni na záložku Setings', 'Otevře se ti záložka Setings', 73, NULL, 1294),
(7062, 'Klikni na vytvořit Ostatní nastavení', 'Otevře se stránka Ostatní nastavení', 73, NULL, 1294),
(7063, 'Zde klikněte na tlačítko Archivovat', 'Zobrazí se okénko s archivací projektu', 73, NULL, 1294),
(7064, 'Klikněte znovu na Archivovat', 'Projekt se Archivuje', 73, NULL, 1294),
(7065, 'Otevři projekt a klikni na záložku Setings', 'Otevře se ti záložka Setings', 73, NULL, 1295),
(7066, 'Klikni na vytvořit Ostatní nastavení', 'Otevře se stránka Ostatní nastavení', 73, NULL, 1295),
(7067, 'Zde klikněte na tlačítko Smazat', 'Zobrazí se okénko s odstraněním projektu', 73, NULL, 1295),
(7068, 'Klikněte znovu na Odstranit', 'Projekt se Odstraní', 73, NULL, 1295),
(7069, 'Otevři projekt a klikni na záložku Setings', 'Otevře se ti záložka Setings', 73, NULL, 1296),
(7070, 'Klikni na vytvořit Services', 'Otevře se stránka Services', 73, NULL, 1296),
(7071, 'Zde klikněte na kolonku a vyberte jednu ze 3 možností.', 'Nastaven nový Issue Tracker', 73, NULL, 1296),
(7072, 'Klikni na záložku Release/Camp z nabídky ', 'Otevře se záložka kampaně.', 73, NULL, 1297),
(7073, 'Klikni na tlačítko Vytvořit kampaň', 'Otevře se okno Vytvořit kampaň.', 73, NULL, 1297),
(7074, 'Zadej název pomocí znaků s diakritikou a klikni na tlačítko Vytvořit.', 'Vytvoří se kampaň.', 73, NULL, 1297),
(7075, 'Klikni na záložku Release/Camp z nabídky ', 'Otevře se záložka kampaně.', 73, NULL, 1298),
(7076, 'Klikni na tlačítko Vytvořit kampaň', 'Otevře se okno Vytvořit kampaň.', 73, NULL, 1298),
(7077, 'Zadej název pomocí znaků bez diakritiky a klikni na tlačítko Vytvořit.', 'Vytvoří se kampaň.', 73, NULL, 1298),
(7078, 'Klikni na záložku Release/Camp z nabídky ', 'Otevře se záložka kampaně.', 73, NULL, 1299),
(7079, 'Klikni na tlačítko Vytvořit kampaň', 'Otevře se okno Vytvořit kampaň.', 73, NULL, 1299),
(7080, 'Zadej název pomocí čísel a klikni na tlačítko Vytvořit.', 'Vytvoří se kampaň.', 73, NULL, 1299),
(7081, 'Klikni na záložku Release/Camp z nabídky ', 'Otevře se záložka kampaně.', 73, NULL, 1300),
(7082, 'Klikni na tlačítko Vytvořit kampaň', 'Otevře se okno Vytvořit kampaň.', 73, NULL, 1300),
(7083, 'Zadej název pomocí speciálních znaků a klikni na tlačítko Vytvořit.', 'Vytvoří se kampaň.', 73, NULL, 1300),
(7084, 'Klikni na záložku Release/Camp z nabídky ', 'Otevře se záložka kampaně.', 73, NULL, 1301),
(7085, 'Klikni na tlačítko Vytvořit kampaň', 'Otevře se okno Vytvořit kampaň.', 73, NULL, 1301),
(7086, 'Nech kolonku název prázdnou a klikni na tlačítko Přidat.', 'Nevytvoří se kampaň. Vyskočí Chybová hláška.', 73, NULL, 1301),
(7087, 'Klikni na záložku Release/Camp z nabídky ', 'Otevře se záložka kampaně.', 73, NULL, 1302),
(7088, 'Klikni na tlačítko Vytvořit kampaň', 'Otevře se okno Vytvořit kampaň.', 73, NULL, 1302),
(7089, 'Vyplň kolonku název mezerami/spacebar a klikni na tlačítko Přidat.', 'Nevytvoří se kampaň. Vyskočí Chybová hláška.', 73, NULL, 1302),
(7090, 'Klikni na záložku Release/Camp z nabídky ', 'Otevře se záložka kampaně.', 73, NULL, 1303),
(7091, 'Klikni na tlačítko Vytvořit kampaň', 'Otevře se okno Vytvořit kampaň.', 73, NULL, 1303),
(7092, 'Vyplň kolonku název a klikni na tlačítko Přidat.', 'Vytvoří se kampaň.', 73, NULL, 1303),
(7093, 'Klikni na tlačítko Vytvořit kampaň', 'Otevře se okno Vytvořit kampaň.', 73, NULL, 1303),
(7094, 'Vyplň kolonku název stejným názvem a klikni na tlačítko Přidat.', 'Nevytvoří se kampaň. Vyskočí Chybová hláška.', 73, NULL, 1303),
(7095, 'Klikni na záložku Release/Camp z nabídky ', 'Otevře se záložka kampaně.', 73, NULL, 1304),
(7096, 'Klikni na název kampaně.', 'Otevře se dashboard kampaně.', 73, NULL, 1304),
(7097, 'Klikni na Zpět.', 'Zobrazí se tabulka kampaní. ', 73, NULL, 1304),
(7098, 'Klikni na záložku Release/Camp z nabídky ', 'Otevře se záložka kampaně.', 73, NULL, 1305),
(7099, 'Klikni na Smazat kampaň.', 'Vyskočí okno na smazání kampaně.', 73, NULL, 1305),
(7100, 'Klikni na Smazat kampaň.', 'Smaže se kampaň.', 73, NULL, 1305),
(7101, 'Klikni na záložku Release/Camp z nabídky ', 'Otevře se záložka kampaně.', 73, NULL, 1306),
(7102, 'Klikni na Smazat kampaň.', 'Vyskočí okno na smazání kampaně.', 73, NULL, 1306),
(7103, 'Klikni na Zpět.', 'Nesmaže se kampaň. Otevře se tabulka kampaní.', 73, NULL, 1306),
(7104, 'Klikni na záložku Release/Camp z nabídky ', 'Otevře se záložka kampaně.', 73, NULL, 1307),
(7105, 'V pravo dole klikni na počet zobrazených kampaní na stránku', 'Vyskočí možnosti pro počet zobrazení.', 73, NULL, 1307),
(7106, 'Zvol počet zobrazených kampaní na stránku', 'Zvětšená/Zmenšená tabulka podle počtu  zobrazených kampaní na stránku.', 73, NULL, 1307),
(7107, 'Klikni na záložku Release/Camp z nabídky ', 'Otevře se záložka kampaně.', 73, NULL, 1308),
(7108, 'Klikni na tlačítko Nastavení zobrazení a vyber kolonky, které chceš/nechceš vidět v tabulce.', 'Zmenšená tabulka(odstraněné sloupce) podle Zobrazení.', 73, NULL, 1308),
(7109, 'Klikni na tlačítko Zobrazit všechny sloupce.', 'Zobrazí se nám kompletní tabulka se všemi sloupci.', 73, NULL, 1308),
(7110, 'Klikni na záložku Release/Camp z nabídky ', 'Otevře se záložka kampaně.', 73, NULL, 1309),
(7111, 'Klikni na název kampaně.', 'Otevře se dashboard kampaně.', 73, NULL, 1309),
(7112, 'Napiš komentář a klikni na Vlož komentář.', 'Přidá se komentář', 73, NULL, 1309),
(7113, 'Klikni na záložku Release/Camp z nabídky ', 'Otevře se záložka kampaně.', 73, NULL, 1310),
(7114, 'Klikni na název kampaně.', 'Otevře se dashboard kampaně.', 73, NULL, 1310),
(7115, 'Nech komentář prázdný a klikni na Vlož komentář.', 'Nepřidá se prázdný komentář. Vyskočí chybová hláška. ', 73, NULL, 1310),
(7116, 'Klikni na záložku Release/Camp z nabídky ', 'Otevře se záložka kampaně.', 73, NULL, 1311),
(7117, 'Klikni na Upravit kampaň.', 'Otevře se záložka na úpravu kampaně.', 73, NULL, 1311),
(7118, 'Klikni na záložku Release/Camp z nabídky ', 'Otevře se záložka kampaně.', 73, NULL, 1312),
(7119, 'Klikni na Upravit Test Plan', 'Otevře se záložka na úpravu Test Plánu v daném projektu.', 73, NULL, 1312),
(7120, 'Klikni na záložku Release/Camp z nabídky ', 'Otevře se záložka kampaně.', 73, NULL, 1313),
(7121, 'Klikni na Odebrat Test Plan', 'Vyskočí okno na odebrání Test Plánu z dané kampaně.', 73, NULL, 1313),
(7122, 'Klikni na Odebrat Test Plan', 'Odebere se Test Plán z Kampaně.', 73, NULL, 1313),
(7123, 'Klikni na záložku Release/Camp z nabídky ', 'Otevře se záložka kampaně.', 73, NULL, 1314),
(7124, 'Klikni na Odebrat Test Plan', 'Vyskočí okno na odebrání Test Plánu z dané kampaně.', 73, NULL, 1314),
(7125, 'Klikni na Zpět.', 'Neodebere se Test Plán z Kampaně.', 73, NULL, 1314),
(7126, 'Klikni na záložku Release/Camp z nabídky ', 'Otevře se záložka kampaně.', 73, NULL, 1315),
(7127, 'Klikni na název Test Plánu.', 'Otevře se dashboard Test Plánu.', 73, NULL, 1315),
(7128, 'Klikni na Zpět.', 'Zobrazí se tabulka Test plánu v daném projektu. ', 73, NULL, 1315),
(7129, 'Klikni na modul Release/Camp v levém postraním menu.', 'Otevře se nám okno se seznamem Kampaní', 73, NULL, 1316),
(7130, 'Zde klikněte na jednu z kampaní.', 'Jazyk byl změněn', 73, NULL, 1316),
(7131, 'Klikni na úprava kampaně v levém menším menu ', 'Otevře se nám okno se, kde můžeme vidět tabulku, kde je seznam iterací a milníku', 73, NULL, 1316),
(7132, 'Klikni na modul Release/Camp v levém postraním menu.', 'Otevře se nám okno se seznamem Kampaní', 73, NULL, 1317),
(7133, 'Zde klikněte na jednu z kampaní.', 'Jazyk byl změněn', 73, NULL, 1317),
(7134, 'Klikni na úprava kampaně v levém menším menu ', 'Otevře se nám okno se, kde můžeme vidět tabulku, kde je seznam iterací a milníku', 73, NULL, 1317),
(7135, 'Klikni na přidat Iteraci', 'Otevře se nám okno s prázdnými kolonkami název, popis.', 73, NULL, 1317),
(7136, 'Zde  vyplnte název za pomocí znaků s diakritikou a klikněte na tlačítko Přidat', 'Iterace byla přidána', 73, NULL, 1317),
(7137, 'Klikni na modul Release/Camp v levém postraním menu.', 'Otevře se nám okno se seznamem Kampaní', 73, NULL, 1318),
(7138, 'Zde klikněte na jednu z kampaní.', 'Jazyk byl změněn', 73, NULL, 1318),
(7139, 'Klikni na úprava kampaně v levém menším menu ', 'Otevře se nám okno se, kde můžeme vidět tabulku, kde je seznam iterací a milníku', 73, NULL, 1318),
(7140, 'Klikni na přidat Iteraci', 'Otevře se nám okno s prázdnými kolonkami název, popis.', 73, NULL, 1318),
(7141, 'Zde  vyplnte název za pomocí znaků bez diakritikou a klikněte na tlačítko Přidat', 'Iterace byla přidána', 73, NULL, 1318),
(7142, 'Klikni na modul Release/Camp v levém postraním menu.', 'Otevře se nám okno se seznamem Kampaní', 73, NULL, 1319),
(7143, 'Zde klikněte na jednu z kampaní.', 'Jazyk byl změněn', 73, NULL, 1319),
(7144, 'Klikni na úprava kampaně v levém menším menu ', 'Otevře se nám okno se, kde můžeme vidět tabulku, kde je seznam iterací a milníku', 73, NULL, 1319),
(7145, 'Klikni na přidat Iteraci', 'Otevře se nám okno s prázdnými kolonkami název, popis.', 73, NULL, 1319),
(7146, 'Zde  vyplnte název za pomocí čísel', 'Iterace byla přidána', 73, NULL, 1319),
(7147, 'Klikni na modul Release/Camp v levém postraním menu.', 'Otevře se nám okno se seznamem Kampaní', 73, NULL, 1320),
(7148, 'Zde klikněte na jednu z kampaní.', 'Jazyk byl změněn', 73, NULL, 1320),
(7149, 'Klikni na úprava kampaně v levém menším menu ', 'Otevře se nám okno se, kde můžeme vidět tabulku, kde je seznam iterací a milníku', 73, NULL, 1320),
(7150, 'Klikni na přidat Iteraci', 'Otevře se nám okno s prázdnými kolonkami název, popis.', 73, NULL, 1320),
(7151, 'Zde  vyplnte název za pomocí speciálních znaků a klikněte na tlačítko Přidat', 'Iterace byla přidána', 73, NULL, 1320),
(7152, 'Klikni na modul Release/Camp v levém postraním menu.', 'Otevře se nám okno se seznamem Kampaní', 73, NULL, 1321),
(7153, 'Zde klikněte na jednu z kampaní.', 'Jazyk byl změněn', 73, NULL, 1321),
(7154, 'Klikni na úprava kampaně v levém menším menu ', 'Otevře se nám okno se, kde můžeme vidět tabulku, kde je seznam iterací a milníku', 73, NULL, 1321),
(7155, 'Klikni na přidat Iteraci', 'Otevře se nám okno s prázdnými kolonkami název, popis.', 73, NULL, 1321),
(7156, 'Zde  nevyplnujte název a klikněte na tlačítko Přidat', 'Iterace se nepřidá. ', 73, NULL, 1321),
(7157, 'Klikni na modul Release/Camp v levém postraním menu.', 'Otevře se nám okno se seznamem Kampaní', 73, NULL, 1322),
(7158, 'Zde klikněte na jednu z kampaní.', 'Jazyk byl změněn', 73, NULL, 1322),
(7159, 'Klikni na úprava kampaně v levém menším menu ', 'Otevře se nám okno se, kde můžeme vidět tabulku, kde je seznam iterací a milníku', 73, NULL, 1322),
(7160, 'Klikni na přidat Iteraci', 'Otevře se nám okno s prázdnými kolonkami název, popis.', 73, NULL, 1322),
(7161, 'Zde  po vyplnění názvu, vyplnte popis za pomocí znaků s diakritikou a klikněte na tlačítko Přidat', 'Iterace byla přidána', 73, NULL, 1322),
(7162, 'Klikni na modul Release/Camp v levém postraním menu.', 'Otevře se nám okno se seznamem Kampaní', 73, NULL, 1323),
(7163, 'Zde klikněte na jednu z kampaní.', 'Jazyk byl změněn', 73, NULL, 1323),
(7164, 'Klikni na úprava kampaně v levém menším menu ', 'Otevře se nám okno se, kde můžeme vidět tabulku, kde je seznam iterací a milníku', 73, NULL, 1323),
(7165, 'Klikni na přidat Iteraci', 'Otevře se nám okno s prázdnými kolonkami název, popis.', 73, NULL, 1323),
(7166, 'Zde  po vyplnění názvu, vyplnte popis za pomocí znaků bez diakritiky a klikněte na tlačítko Přidat', 'Iterace byla přidána', 73, NULL, 1323),
(7167, 'Klikni na modul Release/Camp v levém postraním menu.', 'Otevře se nám okno se seznamem Kampaní', 73, NULL, 1324),
(7168, 'Zde klikněte na jednu z kampaní.', 'Jazyk byl změněn', 73, NULL, 1324),
(7169, 'Klikni na úprava kampaně v levém menším menu ', 'Otevře se nám okno se, kde můžeme vidět tabulku, kde je seznam iterací a milníku', 73, NULL, 1324),
(7170, 'Klikni na přidat Iteraci', 'Otevře se nám okno s prázdnými kolonkami název, popis.', 73, NULL, 1324),
(7171, 'Zde  po vyplnění názvu, vyplnte popis za pomocí speciálních znaků a klikněte na tlačítko Přidat', 'Iterace byla přidána', 73, NULL, 1324),
(7172, 'Klikni na modul Release/Camp v levém postraním menu.', 'Otevře se nám okno se seznamem Kampaní', 73, NULL, 1325),
(7173, 'Zde klikněte na jednu z kampaní.', 'Jazyk byl změněn', 73, NULL, 1325),
(7174, 'Klikni na úprava kampaně v levém menším menu ', 'Otevře se nám okno se, kde můžeme vidět tabulku, kde je seznam iterací a milníku', 73, NULL, 1325),
(7175, 'Klikni na přidat Iteraci', 'Otevře se nám okno s prázdnými kolonkami název, popis.', 73, NULL, 1325),
(7176, 'Zde  po vyplnění názvu, vyplnte popis za pomocí čísel  a klikněte na tlačítko Přidat', 'Iterace byla přidána', 73, NULL, 1325),
(7177, 'Klikni na modul Release/Camp v levém postraním menu.', 'Otevře se nám okno se seznamem Kampaní', 73, NULL, 1326),
(7178, 'Zde klikněte na jednu z kampaní.', 'Jazyk byl změněn', 73, NULL, 1326),
(7179, 'Klikni na úprava kampaně v levém menším menu ', 'Otevře se nám okno se, kde můžeme vidět tabulku, kde je seznam iterací a milníku', 73, NULL, 1326),
(7180, 'Klikni na přidat Iteraci', 'Otevře se nám okno s prázdnými kolonkami název, popis.', 73, NULL, 1326),
(7181, 'Zde  po vyplnění názvu, nevyplnujte popis a klikněte na tlačítko Přidat', 'Iterace byla přidána', 73, NULL, 1326),
(7182, 'Klikni na modul Release/Camp v levém postraním menu.', 'Otevře se nám okno se seznamem Kampaní', 73, NULL, 1327),
(7183, 'Zde klikněte na jednu z kampaní.', 'Jazyk byl změněn', 73, NULL, 1327),
(7184, 'Klikni na úprava kampaně v levém menším menu ', 'Otevře se nám okno se, kde můžeme vidět tabulku, kde je seznam iterací a milníku', 73, NULL, 1327),
(7185, 'Klikni na přidat Iteraci', 'Otevře se nám okno s prázdnými kolonkami název, popis.', 73, NULL, 1327),
(7186, 'Zde  po vyplnění názvu a popisu, vyberte datum od kdy bude iterace probíhat a klikněte na tlačítko Přidat', 'Iterace byla přidána', 73, NULL, 1327),
(7187, 'Klikni na modul Release/Camp v levém postraním menu.', 'Otevře se nám okno se seznamem Kampaní', 73, NULL, 1328),
(7188, 'Zde klikněte na jednu z kampaní.', 'Jazyk byl změněn', 73, NULL, 1328),
(7189, 'Klikni na úprava kampaně v levém menším menu ', 'Otevře se nám okno se, kde můžeme vidět tabulku, kde je seznam iterací a milníku', 73, NULL, 1328),
(7190, 'Klikni na přidat Iteraci', 'Otevře se nám okno s prázdnými kolonkami název, popis.', 73, NULL, 1328),
(7191, 'Zde  po vyplnění názvu a popisu, vyberte datum do kdy bude iterace probíhat a klikněte na tlačítko Přidat', 'Iterace byla přidána', 73, NULL, 1328),
(7192, 'Klikni na modul Release/Camp v levém postraním menu.', 'Otevře se nám okno se seznamem Kampaní', 73, NULL, 1329),
(7193, 'Zde klikněte na jednu z kampaní.', 'Jazyk byl změněn', 73, NULL, 1329),
(7194, 'Klikni na úprava kampaně v levém menším menu ', 'Otevře se nám okno se, kde můžeme vidět tabulku, kde je seznam iterací a milníku', 73, NULL, 1329),
(7195, 'Klikni na přidat Iteraci', 'Otevře se nám okno s prázdnými kolonkami název, popis.', 73, NULL, 1329),
(7196, 'Zde  po vyplnění názvu, popisu a datumu od do kdy bude iterace probíhat , vyberte barvu jakou bude mít průběh iterace a klikněte na tlačítko Přidat', 'Iterace byla přidána', 73, NULL, 1329),
(7197, 'Klikni na modul Release/Camp v levém postraním menu.', 'Otevře se nám okno se seznamem Kampaní', 73, NULL, 1330),
(7198, 'Zde klikněte na jednu z kampaní.', 'Jazyk byl změněn', 73, NULL, 1330),
(7199, 'Klikni na úprava kampaně v levém menším menu ', 'Otevře se nám okno se, kde můžeme vidět tabulku, kde je seznam iterací a milníku', 73, NULL, 1330),
(7200, 'Klikni na přidat Milník', 'Otevře se nám okno s prázdnými kolonkami název, popis.', 73, NULL, 1330),
(7201, 'Zde  vyplnte název za pomocí znaků s diakritikou a klikněte na tlačítko Přidat', 'Milník byla přidána', 73, NULL, 1330),
(7202, 'Klikni na modul Release/Camp v levém postraním menu.', 'Otevře se nám okno se seznamem Kampaní', 73, NULL, 1331),
(7203, 'Zde klikněte na jednu z kampaní.', 'Jazyk byl změněn', 73, NULL, 1331),
(7204, 'Klikni na úprava kampaně v levém menším menu ', 'Otevře se nám okno se, kde můžeme vidět tabulku, kde je seznam iterací a milníku', 73, NULL, 1331),
(7205, 'Klikni na přidat Milník', 'Otevře se nám okno s prázdnými kolonkami název, popis.', 73, NULL, 1331),
(7206, 'Zde  vyplnte název za pomocí znaků bez diakritikou a klikněte na tlačítko Přidat', 'Milník byla přidána', 73, NULL, 1331),
(7207, 'Klikni na modul Release/Camp v levém postraním menu.', 'Otevře se nám okno se seznamem Kampaní', 73, NULL, 1332),
(7208, 'Zde klikněte na jednu z kampaní.', 'Jazyk byl změněn', 73, NULL, 1332),
(7209, 'Klikni na úprava kampaně v levém menším menu ', 'Otevře se nám okno se, kde můžeme vidět tabulku, kde je seznam iterací a milníku', 73, NULL, 1332),
(7210, 'Klikni na přidat Milník', 'Otevře se nám okno s prázdnými kolonkami název, popis.', 73, NULL, 1332),
(7211, 'Zde  vyplnte název za pomocí čísel', 'Milník byla přidán', 73, NULL, 1332),
(7212, 'Klikni na modul Release/Camp v levém postraním menu.', 'Otevře se nám okno se seznamem Kampaní', 73, NULL, 1333),
(7213, 'Zde klikněte na jednu z kampaní.', 'Jazyk byl změněn', 73, NULL, 1333),
(7214, 'Klikni na úprava kampaně v levém menším menu ', 'Otevře se nám okno se, kde můžeme vidět tabulku, kde je seznam iterací a milníku', 73, NULL, 1333),
(7215, 'Klikni na přidat Milník', 'Otevře se nám okno s prázdnými kolonkami název, popis.', 73, NULL, 1333),
(7216, 'Zde  vyplnte název za pomocí speciálních znaků a klikněte na tlačítko Přidat', 'Milník byl přidán', 73, NULL, 1333),
(7217, 'Klikni na modul Release/Camp v levém postraním menu.', 'Otevře se nám okno se seznamem Kampaní', 73, NULL, 1334),
(7218, 'Zde klikněte na jednu z kampaní.', 'Jazyk byl změněn', 73, NULL, 1334),
(7219, 'Klikni na úprava kampaně v levém menším menu ', 'Otevře se nám okno se, kde můžeme vidět tabulku, kde je seznam iterací a milníku', 73, NULL, 1334),
(7220, 'Klikni na přidat Milník', 'Otevře se nám okno s prázdnými kolonkami název, popis.', 73, NULL, 1334),
(7221, 'Zde  nevyplnujte název a klikněte na tlačítko Přidat', 'Milník se nepřidá. ', 73, NULL, 1334),
(7222, 'Klikni na modul Release/Camp v levém postraním menu.', 'Otevře se nám okno se seznamem Kampaní', 73, NULL, 1335),
(7223, 'Zde klikněte na jednu z kampaní.', 'Jazyk byl změněn', 73, NULL, 1335),
(7224, 'Klikni na úprava kampaně v levém menším menu ', 'Otevře se nám okno se, kde můžeme vidět tabulku, kde je seznam iterací a milníku', 73, NULL, 1335),
(7225, 'Klikni na přidat Milník', 'Otevře se nám okno s prázdnými kolonkami název, popis.', 73, NULL, 1335),
(7226, 'Zde  po vyplnění názvu, vyplnte popis za pomocí znaků s diakritikou a klikněte na tlačítko Přidat', 'Milník byl přidán', 73, NULL, 1335),
(7227, 'Klikni na modul Release/Camp v levém postraním menu.', 'Otevře se nám okno se seznamem Kampaní', 73, NULL, 1336),
(7228, 'Zde klikněte na jednu z kampaní.', 'Jazyk byl změněn', 73, NULL, 1336),
(7229, 'Klikni na úprava kampaně v levém menším menu ', 'Otevře se nám okno se, kde můžeme vidět tabulku, kde je seznam iterací a milníku', 73, NULL, 1336),
(7230, 'Klikni na přidat Milník', 'Otevře se nám okno s prázdnými kolonkami název, popis.', 73, NULL, 1336),
(7231, 'Zde  po vyplnění názvu, vyplnte popis za pomocí znaků bez diakritiky a klikněte na tlačítko Přidat', 'Milník byl přidán', 73, NULL, 1336),
(7232, 'Klikni na modul Release/Camp v levém postraním menu.', 'Otevře se nám okno se seznamem Kampaní', 73, NULL, 1337),
(7233, 'Zde klikněte na jednu z kampaní.', 'Jazyk byl změněn', 73, NULL, 1337),
(7234, 'Klikni na úprava kampaně v levém menším menu ', 'Otevře se nám okno se, kde můžeme vidět tabulku, kde je seznam iterací a milníku', 73, NULL, 1337),
(7235, 'Klikni na přidat Milník', 'Otevře se nám okno s prázdnými kolonkami název, popis.', 73, NULL, 1337),
(7236, 'Zde  po vyplnění názvu, vyplnte popis za pomocí speciálních znaků a klikněte na tlačítko Přidat', 'Milník byl přidán', 73, NULL, 1337),
(7237, 'Klikni na modul Release/Camp v levém postraním menu.', 'Otevře se nám okno se seznamem Kampaní', 73, NULL, 1338),
(7238, 'Zde klikněte na jednu z kampaní.', 'Jazyk byl změněn', 73, NULL, 1338),
(7239, 'Klikni na úprava kampaně v levém menším menu ', 'Otevře se nám okno se, kde můžeme vidět tabulku, kde je seznam iterací a milníku', 73, NULL, 1338),
(7240, 'Klikni na přidat Milník', 'Otevře se nám okno s prázdnými kolonkami název, popis.', 73, NULL, 1338),
(7241, 'Zde  po vyplnění názvu, vyplnte popis za pomocí čísel  a klikněte na tlačítko Přidat', 'Milník byla přidána', 73, NULL, 1338),
(7242, 'Klikni na modul Release/Camp v levém postraním menu.', 'Otevře se nám okno se seznamem Kampaní', 73, NULL, 1339),
(7243, 'Zde klikněte na jednu z kampaní.', 'Jazyk byl změněn', 73, NULL, 1339),
(7244, 'Klikni na úprava kampaně v levém menším menu ', 'Otevře se nám okno se, kde můžeme vidět tabulku, kde je seznam iterací a milníku', 73, NULL, 1339),
(7245, 'Klikni na přidat Milník', 'Otevře se nám okno s prázdnými kolonkami název, popis.', 73, NULL, 1339),
(7246, 'Zde  po vyplnění názvu, nevyplnujte popis a klikněte na tlačítko Přidat', 'Milník byl přidán', 73, NULL, 1339),
(7247, 'Klikni na modul Release/Camp v levém postraním menu.', 'Otevře se nám okno se seznamem Kampaní', 73, NULL, 1340),
(7248, 'Zde klikněte na jednu z kampaní.', 'Jazyk byl změněn', 73, NULL, 1340),
(7249, 'Klikni na úprava kampaně v levém menším menu ', 'Otevře se nám okno se, kde můžeme vidět tabulku, kde je seznam iterací a milníku', 73, NULL, 1340),
(7250, 'Klikni na přidat Milník', 'Otevře se nám okno s prázdnými kolonkami název, popis.', 73, NULL, 1340),
(7251, 'Zde  po vyplnění názvu a popisu, vyberte datum kdy bude milník probíhat a klikněte na tlačítko Přidat', 'Milník byl přidán', 73, NULL, 1340),
(7252, 'Klikni na modul Release/Camp v levém postraním menu.', 'Otevře se nám okno se seznamem Kampaní', 73, NULL, 1341),
(7253, 'Zde klikněte na jednu z kampaní.', 'Jazyk byl změněn', 73, NULL, 1341),
(7254, 'Klikni na úprava kampaně v levém menším menu ', 'Otevře se nám okno se, kde můžeme vidět tabulku, kde je seznam iterací a milníku', 73, NULL, 1341),
(7255, 'Klikni na přidat Milník', 'Otevře se nám okno s prázdnými kolonkami název, popis.', 73, NULL, 1341),
(7256, 'Zde  po vyplnění názvu a popisu, vyberte důležitost daného milníku a klikněte na tlačítko Přidat', 'Milník byl přidán', 73, NULL, 1341),
(7257, 'Klikni na modul Release/Camp v levém postraním menu.', 'Otevře se nám okno se seznamem Kampaní', 73, NULL, 1342),
(7258, 'Zde klikněte na jednu z kampaní.', 'Jazyk byl změněn', 73, NULL, 1342),
(7259, 'Klikni na úprava kampaně v levém menším menu ', 'Otevře se nám okno se, kde můžeme vidět tabulku, kde je seznam iterací a milníku', 73, NULL, 1342),
(7260, 'Klikni na Smazat Kampaň', 'Otevře se nám okno, kde je otázka \"Stále si to přejete? \"', 73, NULL, 1342),
(7261, 'Znovu klikněte na smazat.', 'Kampaň byla smazána.', 73, NULL, 1342),
(7262, 'Otevři projekt a klikni na záložku Test Execution', 'Otevře se ti záložka Test Execution', 73, NULL, 1343),
(7263, 'Klikni na kolonku vlevo a vyber jeden z Test Planu', 'Test Plan vybrán', 73, NULL, 1343),
(7264, 'Klikni na kolonku vpravo a vyber jeden z Test Setu', 'Test Set vybrán', 73, NULL, 1343),
(7265, 'Poté klikni na tlačítko vybrat', 'Zobrazí se stránka, kde je seznam Test Setu, které jsou připraveny k testování', 73, NULL, 1343),
(7266, 'Klikni na tlačítko Otevřít', 'Otevře se okénko pro provedení Test Exekuce', 73, NULL, 1344),
(7267, 'Klikni na spoušt u Timeru.', 'Spuštěn Timer', 73, NULL, 1344),
(7268, 'Poté klikni na tlačitko vedle vpravo u jednotlivých Test Stepů', 'Zobrazí se seznam s 5 možnostmi na zvolení(Passed,Failed,N/A, No Run a Not Completed)', 73, NULL, 1344),
(7269, 'Takto vyplňte všechny Test Stepy a poté vypněte Timer', 'TImer byl vypnut', 73, NULL, 1344),
(7270, 'Kliknete na Zavřít', 'Test Exekuce byla provedena', 73, NULL, 1344),
(7271, 'Klikni na tlačítko Otevřít', 'Otevře se okénko pro provedení Test Exekuce', 73, NULL, 1345),
(7272, 'Klikni na spoušt u Timeru.', 'Spuštěn Timer', 73, NULL, 1345),
(7273, 'Poté klikni na tlačitko Status na horní liště .Zobrazí se seznam s 5 možnostmi na zvolení(Passed,Failed,N/A, No Run a Not Completed)', 'Zobrazí se seznam s 5 možnostmi na zvolení(Passed,Failed,N/A, No Run a Not Completed)', 73, NULL, 1345),
(7274, 'Vypněte Timer', 'TImer byl vypnut', 73, NULL, 1345),
(7275, 'Kliknete na Zavřít', 'Test Exekuce byla provedena', 73, NULL, 1345),
(7276, 'Klikni na tlačítko Otevřít', 'Otevře se okénko pro provedení Test Exekuce', 73, NULL, 1346),
(7277, 'Pokud již byla Test Exekuce provedena pokračujte ke kroku 3. Pokud ne musíte ji nejdříve provést.', 'Test Exekuce byla provedena', 73, NULL, 1346),
(7278, 'Poté klikni na tlačitko Historie, které vždy pod statusem u jednotlivých Test Stepů.', 'Zobrazí se okénko pro Historii Test Stepu', 73, NULL, 1346),
(7279, 'Zde si  můžete přečíst kdo daný Test Step vykonával s jakým statusem skončil a kdy se tak stalo.', 'Informace o Test Stepu', 73, NULL, 1346),
(7280, 'Poté už jen kliknete dvakrát na tlačítko zavřít', 'Historie Test Stepu', 73, NULL, 1346),
(7281, 'Klikni na tlačítko Otevřít', 'Otevře se okénko pro provedení Test Exekuce', 73, NULL, 1347),
(7282, 'Pokud již byla Test Exekuce provedena pokračujte ke kroku 3. Pokud ne musíte ji nejdříve provést.', 'Test Exekuce byla provedena', 73, NULL, 1347),
(7283, 'Poté klikni na tlačitko Issue, které vždy pod statusem u jednotlivých Test Stepů.', 'Zobrazí se okénko pro Issue', 73, NULL, 1347),
(7284, 'Zde vypnte kolonky nadpis,popis,prioritu,typ,přilohy a řešitele. Poté jen klikněte na tlačítko vytvořit.', 'Vytvořená Issue', 73, NULL, 1347),
(7285, 'Zadej Adresu Jiry', 'Otevření stránky Jiry.', 73, NULL, 1348),
(7286, 'Zadej login a heslo. ', 'Úspěšné přihlášení Zobrazení Systém Dashnoardu', 73, NULL, 1348),
(7287, 'Klikni na tlačítkol Vytvořit v horním menu.', 'Vyskočí nám okno  Vytvořit úlohu.', 73, NULL, 1349),
(7288, 'Zvol Projekt a Typ issue.', 'Zvolené kolonky.', 73, NULL, 1349),
(7289, 'Vyplň kolonku Shrnutí povolenými znaky a kolonku Popis znaky s diakritikou a klikni na tlačítko Vytvořit.', 'Vytvoří se Issue.', 73, NULL, 1349),
(7290, 'Klikni na tlačítkol Vytvořit v horním menu.', 'Vyskočí nám okno  Vytvořit úlohu.', 73, NULL, 1350),
(7291, 'Zvol Projekt a Typ issue.', 'Zvolené kolonky.', 73, NULL, 1350),
(7292, 'Vyplň kolonku Shrnutí povolenými znaky a kolonku Popis znaky bez diakritiky a klikni na tlačítko Vytvořit.', 'Vytvoří se Issue.', 73, NULL, 1350),
(7293, 'Klikni na tlačítkol Vytvořit v horním menu.', 'Vyskočí nám okno  Vytvořit úlohu.', 73, NULL, 1351),
(7294, 'Zvol Projekt a Typ issue.', 'Zvolené kolonky.', 73, NULL, 1351),
(7295, 'Vyplň kolonku Shrnutí povolenými znaky a kolonku Popis čísly a klikni na tlačítko Vytvořit.', 'Vytvoří se Issue.', 73, NULL, 1351),
(7296, 'Klikni na tlačítkol Vytvořit v horním menu.', 'Vyskočí nám okno  Vytvořit úlohu.', 73, NULL, 1352),
(7297, 'Zvol Projekt a Typ issue.', 'Zvolené kolonky.', 73, NULL, 1352),
(7298, 'Zvol Projekt, Test Plan,Test Sprint, Test Set, Test Case, Test Step pro založení Issue.', 'Vyplněné kolonky pro konkrétní Issue', 73, NULL, 1352),
(7299, 'Vyplň kolonku Shrnutí povolenými znaky a kolonku Popis speciálními znaky a klikni na tlačítko Vytvořit.', 'Vytvoří se Issue.', 73, NULL, 1352),
(7300, 'Klikni na tlačítkol Vytvořit v horním menu.', 'Vyskočí nám okno  Vytvořit úlohu.', 73, NULL, 1353),
(7301, 'Zvol Projekt a Typ issue.', 'Zvolené kolonky.', 73, NULL, 1353),
(7302, 'Vyplň kolonku Shrnutí povolenými znaky a kolonku Popis nech prázdnou a klikni na tlačítko Vytvořit.', 'Vytvoří se Issue.', 73, NULL, 1353),
(7303, 'Klikni na tlačítkol Vytvořit v horním menu.', 'Vyskočí nám okno  Vytvořit úlohu.', 73, NULL, 1354),
(7304, 'Zvol Projekt a Typ issue.', 'Zvolené kolonky.', 73, NULL, 1354),
(7305, 'Vyplň kolonku Shrnutí povolenými znaky a kolonku Popis vyplň mezerami/spacebar a klikni na tlačítko Vytvořit.', 'Vytvoří se Issue.', 73, NULL, 1354),
(7306, 'Klikni na tlačítkol Vytvořit v horním menu.', 'Vyskočí nám okno  Vytvořit úlohu.', 73, NULL, 1355),
(7307, 'Zvol Projekt a Typ issue.', 'Zvolené kolonky.', 73, NULL, 1355),
(7308, 'Vyplň kolonky Shrnutí  a Popis povolenými znaky  klikni na tlačítko Vytvořit.', 'Vyplněné kolonky pro konkrétní Issue', 73, NULL, 1355),
(7309, 'Klikni na tlačítkol Vytvořit v horním menu.', 'Vyskočí nám okno  Vytvořit úlohu.', 73, NULL, 1355),
(7310, 'Zvol Projekt a Typ issue.', 'Zvolené kolonky.', 73, NULL, 1355),
(7311, 'Vyplň kolonku Shrnutí a Popis vyplň stejným Popisem jako u předchozí Issue a klikni na tlačítko Vytvořit.', 'Vytvoří se Issue.', 73, NULL, 1355),
(7312, 'Klikni na tlačítkol Vytvořit v horním menu.', 'Vyskočí nám okno  Vytvořit úlohu.', 73, NULL, 1356),
(7313, 'Zvol Projekt a Typ issue.', 'Zvolené kolonky.', 73, NULL, 1356),
(7314, 'Vyplň kolonky Shrnutí  a Popis povolenými znaky.', 'Vyplněné kolonky pro konkrétní Issue', 73, NULL, 1356),
(7315, 'Zvol prioritu.', 'Zvolená priorita.', 73, NULL, 1356),
(7316, 'Klikni na tlačítko Vytvořit.', 'Vytvoří se Issue s danou prioritou.', 73, NULL, 1356),
(7317, 'Klikni na tlačítkol Vytvořit v horním menu.', 'Vyskočí nám okno  Vytvořit úlohu.', 73, NULL, 1357),
(7318, 'Zvol Projekt a Typ issue.', 'Zvolené kolonky.', 73, NULL, 1357),
(7319, 'Vyplň kolonky Shrnutí  a Popis povolenými znaky.', 'Vyplněné kolonky pro konkrétní Issue', 73, NULL, 1357),
(7320, 'Zvol prioritu.', 'Zvolená priorita.', 73, NULL, 1357),
(7321, 'Zadej čas původního odhadu a klikni na tlačítko Vytvořit.', 'Vytvoří se Issue.', 73, NULL, 1357),
(7322, 'Klikni na tlačítkol Vytvořit v horním menu.', 'Vyskočí nám okno  Vytvořit úlohu.', 73, NULL, 1358),
(7323, 'Zvol Projekt a Typ issue.', 'Zvolené kolonky.', 73, NULL, 1358),
(7324, 'Vyplň kolonky Shrnutí  a Popis povolenými znaky.', 'Vyplněné kolonky pro konkrétní Issue', 73, NULL, 1358),
(7325, 'Zvol prioritu.', 'Zvolená priorita.', 73, NULL, 1358),
(7326, 'Zadej čas původního odhadu a klikni na tlačítko Vytvořit.', 'Vyplněná kolonka původní odhad.', 73, NULL, 1358),
(7327, 'Zadej Odhad zbývajícího času a klikni na tlačítko Vytvořit. ', 'Vytvoří se Issue.', 73, NULL, 1358),
(7328, 'Klikni na tlačítkol Vytvořit v horním menu.', 'Vyskočí nám okno  Vytvořit úlohu.', 73, NULL, 1359),
(7329, 'Zvol Projekt a Typ issue.', 'Zvolené kolonky.', 73, NULL, 1359),
(7330, 'Vyplň kolonku Shrnutí povolenými znaky a kolonku Prostředí znaky s diakritikou a klikni na tlačítko Vytvořit.', 'Vytvoří se Issue.', 73, NULL, 1359),
(7331, 'Klikni na tlačítkol Vytvořit v horním menu.', 'Vyskočí nám okno  Vytvořit úlohu.', 73, NULL, 1360),
(7332, 'Zvol Projekt a Typ issue.', 'Zvolené kolonky.', 73, NULL, 1360),
(7333, 'Vyplň kolonku Shrnutí povolenými znaky a kolonku Prostředí znaky bez diakritiky a klikni na tlačítko Vytvořit.', 'Vytvoří se Issue.', 73, NULL, 1360),
(7334, 'Klikni na tlačítkol Vytvořit v horním menu.', 'Vyskočí nám okno  Vytvořit úlohu.', 73, NULL, 1361),
(7335, 'Zvol Projekt a Typ issue.', 'Zvolené kolonky.', 73, NULL, 1361),
(7336, 'Vyplň kolonku Shrnutí povolenými znaky a kolonku Prostředí čísly a klikni na tlačítko Vytvořit.', 'Vytvoří se Issue.', 73, NULL, 1361),
(7337, 'Klikni na tlačítkol Vytvořit v horním menu.', 'Vyskočí nám okno  Vytvořit úlohu.', 73, NULL, 1362),
(7338, 'Zvol Projekt a Typ issue.', 'Zvolené kolonky.', 73, NULL, 1362),
(7339, 'Zvol Projekt, Test Plan,Test Sprint, Test Set, Test Case, Test Step pro založení Issue.', 'Vyplněné kolonky pro konkrétní Issue', 73, NULL, 1362),
(7340, 'Vyplň kolonku Shrnutí povolenými znaky a kolonku Prostředí speciálními znaky a klikni na tlačítko Vytvořit.', 'Vytvoří se Issue.', 73, NULL, 1362),
(7341, 'Klikni na tlačítkol Vytvořit v horním menu.', 'Vyskočí nám okno  Vytvořit úlohu.', 73, NULL, 1363),
(7342, 'Zvol Projekt a Typ issue.', 'Zvolené kolonky.', 73, NULL, 1363),
(7343, 'Vyplň kolonku Shrnutí povolenými znaky a kolonku Prostředí nech prázdnou a klikni na tlačítko Vytvořit.', 'Vytvoří se Issue.', 73, NULL, 1363),
(7344, 'Klikni na tlačítkol Vytvořit v horním menu.', 'Vyskočí nám okno  Vytvořit úlohu.', 73, NULL, 1364),
(7345, 'Zvol Projekt a Typ issue.', 'Zvolené kolonky.', 73, NULL, 1364),
(7346, 'Vyplň kolonku Shrnutí povolenými znaky a kolonku Prostředí vyplň mezerami/spacebar a klikni na tlačítko Vytvořit.', 'Vytvoří se Issue.', 73, NULL, 1364),
(7347, 'Klikni na tlačítkol Vytvořit v horním menu.', 'Vyskočí nám okno  Vytvořit úlohu.', 73, NULL, 1365),
(7348, 'Zvol Projekt a Typ issue.', 'Zvolené kolonky.', 73, NULL, 1365),
(7349, 'Vyplň kolonky Shrnutí  a Prostředí povolenými znaky  klikni na tlačítko Vytvořit.', 'Vyplněné kolonky pro konkrétní Issue', 73, NULL, 1365),
(7350, 'Klikni na tlačítkol Vytvořit v horním menu.', 'Vyskočí nám okno  Vytvořit úlohu.', 73, NULL, 1365),
(7351, 'Zvol Projekt a Typ issue.', 'Zvolené kolonky.', 73, NULL, 1365),
(7352, 'Vyplň kolonku Shrnutí a Prostředí vyplň stejným Prostředím jako u předchozí Issue a klikni na tlačítko Vytvořit.', 'Vytvoří se Issue.', 73, NULL, 1365),
(7353, 'Klikni na tlačítkol Vytvořit v horním menu.', 'Vyskočí nám okno  Vytvořit úlohu.', 73, NULL, 1366),
(7354, 'Zvol Projekt a Typ issue.', 'Zvolené kolonky.', 73, NULL, 1366),
(7355, 'Vyplň kolonky Shrnutí  a Popis povolenými znaky.', 'Vyplněné kolonky pro konkrétní Issue', 73, NULL, 1366),
(7356, 'Zvol prioritu.', 'Zvolená priorita.', 73, NULL, 1366),
(7357, 'Zadej čas původního odhadu a klikni na tlačítko Vytvořit.', 'Vyplněná kolonka původní odhad.', 73, NULL, 1366),
(7358, 'Zadej Odhad zbývajícího času a klikni na tlačítko Vytvořit. ', 'Vyplněná kolonka pro Odhad zbývajícího času.', 73, NULL, 1366),
(7359, 'Klikna na termín dokončení.', 'Otevře se kalendář.', 73, NULL, 1366),
(7360, 'Zvol datum a klikni na tlačítko Vytvořit. ', 'Vytvoří se Issue.', 73, NULL, 1366),
(7361, 'Klikni na tlačítkol Vytvořit v horním menu.', 'Vyskočí nám okno  Vytvořit úlohu.', 73, NULL, 1367),
(7362, 'Zvol Projekt a Typ issue.', 'Zvolené kolonky.', 73, NULL, 1367),
(7363, 'Vyplň kolonky Shrnutí  a Popis povolenými znaky.', 'Vyplněné kolonky pro konkrétní Issue', 73, NULL, 1367),
(7364, 'Klikni na kolonku Řešitel', 'Vyjede okno s možnýma Řešitelema.', 73, NULL, 1367),
(7365, 'Zvol řešitele a klikni na tlačítko Vytvořit.', 'Vytvoří se Issue.', 73, NULL, 1367),
(7366, 'Klikni na tlačítko Vytvořit v horním menu.', 'Vyskočí okno na Vytvoření Issue.', 73, NULL, 1368),
(7367, 'Klikni na Nastavit pole.', 'Vyjede nabídka zobrazení formuláře.', 73, NULL, 1368),
(7368, 'Přepni ze zobrazení všech na vlastní.', 'Zpřístupnění kolonek.', 73, NULL, 1368),
(7369, 'Zvol kolonky, které chceš vidět na formuláři, opakuj pro všechny kolonky.', 'Změny na formuláři.', 73, NULL, 1368),
(7370, 'Nakonec zvol potřebné kolonky a vyplň kolonky povolenými znaky.', 'Připravený formulář na založení Issue.', 73, NULL, 1368),
(7371, 'Klikni na tlačítko Vytvořit v horním menu.', 'Vyskočí okno na Vytvoření Issue.', 73, NULL, 1369),
(7372, 'Klikni na Projekt.', 'Vyjede nabídka projektů', 73, NULL, 1369),
(7373, 'Zvol projekt pro který se vytvoří daná Issue.', 'Zvolený projekt.', 73, NULL, 1369),
(7374, 'Klikni na Tyo Issue.', 'Vyjede nabídka typů..', 73, NULL, 1369),
(7375, 'Zvol typ Issue.', 'Zvolený Typ Issue.', 73, NULL, 1369),
(7376, 'Klikni na Priorita.', 'Vyjede nabídka Priorit.', 73, NULL, 1369),
(7377, 'Zvol prioritu,', 'Zvolená priorita.', 73, NULL, 1369),
(7378, 'Klikni na termín dokončení.', 'Vyjede kalendář.', 73, NULL, 1369),
(7379, 'Zvol datum dokončení.', 'Zvolený datum.', 73, NULL, 1369),
(7380, 'Klikni na Přiřazený.', 'Vyjede nabídka řešitelů.', 73, NULL, 1369),
(7381, 'Zvol řešitele..', 'Zvolený Řešitel.', 73, NULL, 1369),
(7382, 'Klikni na modul Issue v levém menu.', 'Otevře se nám záložka Issue', 73, NULL, 1370),
(7383, 'Klikni na tlačítko Založit Issue', 'Vyskočí nám okno Založit Issue', 73, NULL, 1370),
(7384, 'Zvol Projekt, Test Plan,Test Sprint, Test Set, Test Case, Test Step pro založení Issue.', 'Vyplněné kolonky pro konkrétní Issue', 73, NULL, 1370),
(7385, 'Vyplň kolonku Nadpis použitím znaků s diakritikou a klikni na tlačítko Založit Issue.', 'Vytvoří se Issue.', 73, NULL, 1370),
(7386, 'Klikni na modul Issue v levém menu.', 'Otevře se nám záložka Issue', 73, NULL, 1371),
(7387, 'Klikni na tlačítko Založit Issue', 'Vyskočí nám okno Založit Issue', 73, NULL, 1371),
(7388, 'Zvol Projekt, Test Plan,Test Sprint, Test Set, Test Case, Test Step pro založení Issue.', 'Vyplněné kolonky pro konkrétní Issue', 73, NULL, 1371),
(7389, 'Vyplň kolonku Nadpis použitím znaků bez diakritiky a klikni na tlačítko Založit Issue.', 'Vytvoří se Issue.', 73, NULL, 1371),
(7390, 'Klikni na modul Issue v levém menu.', 'Otevře se nám záložka Issue', 73, NULL, 1372),
(7391, 'Klikni na tlačítko Založit Issue', 'Vyskočí nám okno Založit Issue', 73, NULL, 1372),
(7392, 'Zvol Projekt, Test Plan,Test Sprint, Test Set, Test Case, Test Step pro založení Issue.', 'Vyplněné kolonky pro konkrétní Issue', 73, NULL, 1372),
(7393, 'Vyplň kolonku Nadpis použitím čísel a klikni na tlačítko Založit Issue.', 'Vytvoří se Issue.', 73, NULL, 1372),
(7394, 'Klikni na modul Issue v levém menu.', 'Otevře se nám záložka Issue', 73, NULL, 1373),
(7395, 'Klikni na tlačítko Založit Issue', 'Vyskočí nám okno Založit Issue', 73, NULL, 1373),
(7396, 'Zvol Projekt, Test Plan,Test Sprint, Test Set, Test Case, Test Step pro založení Issue.', 'Vyplněné kolonky pro konkrétní Issue', 73, NULL, 1373),
(7397, 'Vyplň kolonku Nadpis použitím speciálních znaků a klikni na tlačítko Založit Issue.', 'Vytvoří se Issue.', 73, NULL, 1373),
(7398, 'Klikni na modul Issue v levém menu.', 'Otevře se nám záložka Issue', 73, NULL, 1374),
(7399, 'Klikni na tlačítko Založit Issue', 'Vyskočí nám okno Založit Issue', 73, NULL, 1374),
(7400, 'Zvol Projekt, Test Plan,Test Sprint, Test Set, Test Case, Test Step pro založení Issue.', 'Vyplněné kolonky pro konkrétní Issue', 73, NULL, 1374),
(7401, 'Nech kolonku Nadpis prázdnou a klikni na tlačítko Založit Issue.', 'Nevytvoří se Issue a vyskočí chybová hláška.', 73, NULL, 1374),
(7402, 'Klikni na modul Issue v levém menu.', 'Otevře se nám záložka Issue', 73, NULL, 1375),
(7403, 'Klikni na tlačítko Založit Issue', 'Vyskočí nám okno Založit Issue', 73, NULL, 1375),
(7404, 'Zvol Projekt, Test Plan,Test Sprint, Test Set, Test Case, Test Step pro založení Issue.', 'Vyplněné kolonky pro konkrétní Issue', 73, NULL, 1375),
(7405, 'Vyplň kolonku Nadpis mezerami/spacebar  a klikni na tlačítko Založit Issue.', 'Nevytvoří se Issue a vyskočí chybová hláška.', 73, NULL, 1375),
(7406, 'Klikni na modul Issue v levém menu.', 'Otevře se nám záložka Issue', 73, NULL, 1376),
(7407, 'Klikni na tlačítko Založit Issue', 'Vyskočí nám okno Založit Issue', 73, NULL, 1376),
(7408, 'Zvol Projekt, Test Plan,Test Sprint, Test Set, Test Case, Test Step pro založení Issue.', 'Vyplněné kolonky pro konkrétní Issue', 73, NULL, 1376),
(7409, 'Vyplň kolonku Nadpis  a klikni na tlačítko Založit Issue.', 'Vytvoří se Issue.', 73, NULL, 1376),
(7410, 'Znovu klikni na tlačítko Založit Issue', 'Vyskočí nám okno Založit Issue', 73, NULL, 1376),
(7411, 'Vyplň kolonku Nadpis stejným Nadpisem jako tu předchozí a klikni na tlačítko Založit Issue.', 'Vytvoří se Issue.', 73, NULL, 1376);
INSERT INTO `test_step` (`id`, `precondition`, `expected_result`, `creator_id`, `create_date`, `test_case_id`) VALUES
(7412, 'Klikni na modul Issue v levém menu.', 'Otevře se nám záložka Issue', 73, NULL, 1377),
(7413, 'Klikni na tlačítko Založit Issue', 'Vyskočí nám okno Založit Issue', 73, NULL, 1377),
(7414, 'Zvol Projekt, Test Plan,Test Sprint, Test Set, Test Case, Test Step pro založení Issue.', 'Vyplněné kolonky pro konkrétní Issue', 73, NULL, 1377),
(7415, 'Vyplň kolonku Nadpis povolenými znaky a kolonku Popis znaky s diakritikou a klikni na tlačítko Založit Issue.', 'Vytvoří se Issue.', 73, NULL, 1377),
(7416, 'Klikni na modul Issue v levém menu.', 'Otevře se nám záložka Issue', 73, NULL, 1378),
(7417, 'Klikni na tlačítko Založit Issue', 'Vyskočí nám okno Založit Issue', 73, NULL, 1378),
(7418, 'Zvol Projekt, Test Plan,Test Sprint, Test Set, Test Case, Test Step pro založení Issue.', 'Vyplněné kolonky pro konkrétní Issue', 73, NULL, 1378),
(7419, 'Vyplň kolonku Nadpis povolenými znaky a kolonku Popis znaky bez diakritiky a klikni na tlačítko Založit Issue.', 'Vytvoří se Issue.', 73, NULL, 1378),
(7420, 'Klikni na modul Issue v levém menu.', 'Otevře se nám záložka Issue', 73, NULL, 1379),
(7421, 'Klikni na tlačítko Založit Issue', 'Vyskočí nám okno Založit Issue', 73, NULL, 1379),
(7422, 'Zvol Projekt, Test Plan,Test Sprint, Test Set, Test Case, Test Step pro založení Issue.', 'Vyplněné kolonky pro konkrétní Issue', 73, NULL, 1379),
(7423, 'Vyplň kolonku Nadpis povolenými znaky a kolonku Popis čísly a klikni na tlačítko Založit Issue.', 'Vytvoří se Issue.', 73, NULL, 1379),
(7424, 'Klikni na modul Issue v levém menu.', 'Otevře se nám záložka Issue', 73, NULL, 1380),
(7425, 'Klikni na tlačítko Založit Issue', 'Vyskočí nám okno Založit Issue', 73, NULL, 1380),
(7426, 'Zvol Projekt, Test Plan,Test Sprint, Test Set, Test Case, Test Step pro založení Issue.', 'Vyplněné kolonky pro konkrétní Issue', 73, NULL, 1380),
(7427, 'Vyplň kolonku Nadpis povolenými znaky a kolonku Popis speciálními znaky a klikni na tlačítko Založit Issue.', 'Vytvoří se Issue.', 73, NULL, 1380),
(7428, 'Klikni na modul Issue v levém menu.', 'Otevře se nám záložka Issue', 73, NULL, 1381),
(7429, 'Klikni na tlačítko Založit Issue', 'Vyskočí nám okno Založit Issue', 73, NULL, 1381),
(7430, 'Zvol Projekt, Test Plan,Test Sprint, Test Set, Test Case, Test Step pro založení Issue.', 'Vyplněné kolonky pro konkrétní Issue', 73, NULL, 1381),
(7431, 'Vyplň kolonku Nadpis povolenými znaky a kolonku Popis nech prázdnou a klikni na tlačítko Založit Issue.', 'Vytvoří se Issue.', 73, NULL, 1381),
(7432, 'Klikni na modul Issue v levém menu.', 'Otevře se nám záložka Issue', 73, NULL, 1382),
(7433, 'Klikni na tlačítko Založit Issue', 'Vyskočí nám okno Založit Issue', 73, NULL, 1382),
(7434, 'Zvol Projekt, Test Plan,Test Sprint, Test Set, Test Case, Test Step pro založení Issue.', 'Vyplněné kolonky pro konkrétní Issue', 73, NULL, 1382),
(7435, 'Vyplň kolonku Nadpis povolenými znaky a kolonku Popis vyplň mezerami/spacebar a klikni na tlačítko Založit Issue.', 'Vytvoří se Issue.', 73, NULL, 1382),
(7436, 'Klikni na modul Issue v levém menu.', 'Otevře se nám záložka Issue', 73, NULL, 1383),
(7437, 'Klikni na tlačítko Založit Issue', 'Vyskočí nám okno Založit Issue', 73, NULL, 1383),
(7438, 'Zvol Projekt, Test Plan,Test Sprint, Test Set, Test Case, Test Step pro založení Issue.', 'Vyplněné kolonky pro konkrétní Issue', 73, NULL, 1383),
(7439, 'Vyplň kolonky Nadpis  a Popis povolenými znaky  klikni na tlačítko Založit Issue.', 'Vytvoří se Issue.', 73, NULL, 1383),
(7440, 'Znovu klikni na tlačítko Založit Issue', 'Vyskočí nám okno Založit Issue', 73, NULL, 1383),
(7441, 'Vyplň kolonku Nadpis a Popis vyplň stejným Popisem jako u předchozí Issue a klikni na tlačítko Založit Issue.', 'Vytvoří se Issue.', 73, NULL, 1383),
(7442, 'Klikni na modul Issue v levém menu.', 'Otevře se nám záložka Issue', 73, NULL, 1384),
(7443, 'Klikni na tlačítko Založit Issue', 'Vyskočí nám okno Založit Issue', 73, NULL, 1384),
(7444, 'Zvol Projekt, Test Plan,Test Sprint, Test Set, Test Case, Test Step pro založení Issue.', 'Vyplněné kolonky pro konkrétní Issue', 73, NULL, 1384),
(7445, 'Vyplň kolonku Nadpis a Popis povolenými znaky.', 'Vyplněné kolonky pro konkrétní Issue.', 73, NULL, 1384),
(7446, 'Klikni na tlačítko Zvolit soubory', 'Vyskočí okno pro zvolení souboru.', 73, NULL, 1384),
(7447, 'Vyber soubor, který má velikost paměti menší než 2MB. A přilož soubor.', 'Přiložení souboru k Issue', 73, NULL, 1384),
(7448, 'Klikni na tlačítko Založit Issue.', 'Vytvoří se Issue s přílohou.', 73, NULL, 1384),
(7449, 'Klikni na modul Issue v levém menu.', 'Otevře se nám záložka Issue', 73, NULL, 1385),
(7450, 'Klikni na tlačítko Založit Issue', 'Vyskočí nám okno Založit Issue', 73, NULL, 1385),
(7451, 'Zvol Projekt, Test Plan,Test Sprint, Test Set, Test Case, Test Step pro založení Issue.', 'Vyplněné kolonky pro konkrétní Issue', 73, NULL, 1385),
(7452, 'Vyplň kolonku Nadpis a Popis povolenými znaky.', 'Vyplněné kolonky pro konkrétní Issue.', 73, NULL, 1385),
(7453, 'Klikni na tlačítko Zvolit soubory', 'Vyskočí okno pro zvolení souboru.', 73, NULL, 1385),
(7454, 'Vyber soubor, který má velikost paměti větší než 2MB. A přilož soubor.', 'Přiložení souboru k Issue', 73, NULL, 1385),
(7455, 'Klikni na tlačítko Založit Issue.', 'Nevytvoří se Issue a vyskočí chybová hláška.', 73, NULL, 1385),
(7456, 'Klikni na modul Issue v levém menu.', 'Otevře se nám záložka Issue', 73, NULL, 1386),
(7457, 'Klikni na tlačítko Založit Issue', 'Vyskočí nám okno Založit Issue', 73, NULL, 1386),
(7458, 'Zvol Projekt, Test Plan,Test Sprint, Test Set, Test Case, Test Step pro založení Issue.', 'Vyplněné kolonky pro konkrétní Issue', 73, NULL, 1386),
(7459, 'Vyplň kolonku Nadpis a Popis povolenými znaky.', 'Vyplněné kolonky pro konkrétní Issue.', 73, NULL, 1386),
(7460, 'Klikni na tlačítko Zvolit soubory', 'Vyskočí okno pro zvolení souboru.', 73, NULL, 1386),
(7461, 'Vyber soubor, který má velikost paměti menší než 2MB. A přilož soubor.', 'Přiložení souboru k Issue', 73, NULL, 1386),
(7462, 'Klikni na zelené tlačítko +, poté na Zvolit soubory.(Lze opakovat několikrát.)', 'Vyskočí okno pro zvolení souboru.', 73, NULL, 1386),
(7463, 'Vyber další soubor, který má velikost paměti menší než 2MB. A přilož soubor.', 'Přiložení souboru k Issue', 73, NULL, 1386),
(7464, 'Klikni na tlačítko Založit Issue.', 'Vytvoří se Issue s přílohami.', 73, NULL, 1386),
(7465, 'Klikni na modul Issue v levém menu.', 'Otevře se nám záložka Issue', 73, NULL, 1387),
(7466, 'Klikni na tlačítko Založit Issue', 'Vyskočí nám okno Založit Issue', 73, NULL, 1387),
(7467, 'Zvol Projekt, Test Plan,Test Sprint, Test Set, Test Case, Test Step pro založení Issue.', 'Vyplněné kolonky pro konkrétní Issue', 73, NULL, 1387),
(7468, 'Vyplň kolonku Nadpis a Popis povolenými znaky.', 'Vyplněné kolonky pro konkrétní Issue.', 73, NULL, 1387),
(7469, 'Klikni na tlačítko Zvolit soubory', 'Vyskočí okno pro zvolení souboru.', 73, NULL, 1387),
(7470, 'Vyber soubor, který má velikost paměti menší než 2MB. A přilož soubor.', 'Přiložení souboru k Issue', 73, NULL, 1387),
(7471, 'Klikni na zelené tlačítko +, poté na Zvolit soubory.(Lze opakovat několikrát.)', 'Vyskočí okno pro zvolení souboru.', 73, NULL, 1387),
(7472, 'Vyber další soubor, který má velikost paměti větší než 2MB. A přilož soubor.', 'Přiložení souboru k Issue', 73, NULL, 1387),
(7473, 'Klikni na tlačítko Založit Issue.', 'Nevytvoří se Issue a vyskočí chybová hláška: Jeden ze souborů má více než 2MB', 73, NULL, 1387),
(7474, 'Klikni na modul Issue v levém menu.', 'Otevře se nám záložka Issue', 73, NULL, 1388),
(7475, 'Klikni na tlačítko Založit Issue', 'Vyskočí nám okno Založit Issue', 73, NULL, 1388),
(7476, 'Zvol Projekt, Test Plan,Test Sprint, Test Set, Test Case, Test Step pro založení Issue.', 'Vyplněné kolonky pro konkrétní Issue', 73, NULL, 1388),
(7477, 'Vyplň kolonku Nadpis a Popis povolenými znaky.', 'Vyplněné kolonky pro konkrétní Issue.', 73, NULL, 1388),
(7478, 'Klikni na kolonku Řešitel', 'Vyjede okno s možnýma Řešitelema.(Pokud jsou pro daný projekt zvolení.)', 73, NULL, 1388),
(7479, 'Klikni na tlačítko Založit Issue.', 'Vytvoří se Issue.', 73, NULL, 1388),
(7480, 'Klikni na modul Issue v levém menu.', 'Otevře se nám záložka Issue', 73, NULL, 1389),
(7481, 'Klikni na tlačítko Založit Issue', 'Vyskočí nám okno Založit Issue', 73, NULL, 1389),
(7482, 'Zvol Projekt, Test Plan,Test Sprint, Test Set, Test Case, Test Step pro založení Issue.', 'Vyplněné kolonky pro konkrétní Issue', 73, NULL, 1389),
(7483, 'Vyplň kolonku Nadpis a Popis povolenými znaky.', 'Vyplněné kolonky pro konkrétní Issue.', 73, NULL, 1389),
(7484, 'Klikni na kolonku Priority', 'Vyjede okno s možnýma Prioritama', 73, NULL, 1389),
(7485, 'Zvol prioritu a klikni na tlačítko Založit Issue.', 'Vytvoří se Issue.', 73, NULL, 1389),
(7486, 'Klikni na modul Issue v levém menu.', 'Otevře se nám záložka Issue', 73, NULL, 1390),
(7487, 'Klikni na tlačítko Založit Issue', 'Vyskočí nám okno Založit Issue', 73, NULL, 1390),
(7488, 'Zvol Projekt, Test Plan,Test Sprint, Test Set, Test Case, Test Step pro založení Issue.', 'Vyplněné kolonky pro konkrétní Issue', 73, NULL, 1390),
(7489, 'Vyplň kolonku Nadpis a Popis povolenými znaky.', 'Vyplněné kolonky pro konkrétní Issue.', 73, NULL, 1390),
(7490, 'Klikni na kolonku Typ', 'Vyjede okno s možnými Typy pro Issue', 73, NULL, 1390),
(7491, 'Zvol Typ Issue a Klikni na tlačítko Založit Issue.', 'Vytvoří se Issue.', 73, NULL, 1390),
(7492, 'Klikni na modul Issue v levém menu.', 'Otevře se nám záložka Issue', 73, NULL, 1391),
(7493, 'Klikni na tlačítko Založit Issue', 'Vyskočí nám okno Založit Issue', 73, NULL, 1391),
(7494, 'Zvol Projekt, Test Plan,Test Sprint, Test Set, Test Case, Test Step pro založení Issue.', 'Vyplněné kolonky pro konkrétní Issue', 73, NULL, 1391),
(7495, 'Vyplň kolonku Nadpis a Popis povolenými znaky.', 'Vyplněné kolonky pro konkrétní Issue.', 73, NULL, 1391),
(7496, 'Klikni na tlačítko Zavřít.', 'Zavře se okno pro vytvoření Issue.', 73, NULL, 1391),
(7497, 'Klikni na tlačítko Založit Issue.', 'Vyskočí okno pro založení Issue.', 73, NULL, 1391),
(7498, 'Klikni na tlačítko Založit Issue.', 'Vytvoří se Issue.', 73, NULL, 1391),
(7499, 'Klikni na modul Issue v levém menu.', 'Otevře se nám záložka Issue', 73, NULL, 1392),
(7500, 'Klikni na tlačítko Založit Issue', 'Vyskočí nám okno Založit Issue', 73, NULL, 1392),
(7501, 'Nezvol Projekt, Test Plan,Test Sprint, Test Set, Test Case, Test Step pro založení Issue.', 'Nevyplněné kolonky pro konkrétní Issue', 73, NULL, 1392),
(7502, 'Vyplň kolonky Nadpis  a Popis povolenými znaky  klikni na tlačítko Založit Issue.', 'Vytvoří se Issue.', 73, NULL, 1392),
(7503, 'Klikni na modul Issue v levém menu.', 'Otevře se nám záložka Issue', 73, NULL, 1393),
(7504, 'Klikni na tlačítko Filtr.', 'Vyjede nám nabídka filtru.', 73, NULL, 1393),
(7505, 'Zvol Typ Issue.', 'Změní se tabulka Issue a zobrazí se tlačítko Resetovat.', 73, NULL, 1393),
(7506, 'Klikni na modul Issue v levém menu.', 'Otevře se nám záložka Issue', 73, NULL, 1394),
(7507, 'Klikni na tlačítko Filtr.', 'Vyjede nám nabídka filtru.', 73, NULL, 1394),
(7508, 'Zvol Status Issue.', 'Změní se tabulka Issue a zobrazí se tlačítko Resetovat.', 73, NULL, 1394),
(7509, 'Klikni na modul Issue v levém menu.', 'Otevře se nám záložka Issue', 73, NULL, 1395),
(7510, 'Klikni na tlačítko Filtr.', 'Vyjede nám nabídka filtru.', 73, NULL, 1395),
(7511, 'Zvol Prioritu Issue.', 'Změní se tabulka Issue a zobrazí se tlačítko Resetovat.', 73, NULL, 1395),
(7512, 'Klikni na modul Issue v levém menu.', 'Otevře se nám záložka Issue', 73, NULL, 1396),
(7513, 'Klikni na tlačítko Filtr.', 'Vyjede nám nabídka filtru.', 73, NULL, 1396),
(7514, 'Zvol Typ Issue.', 'Změní se tabulka Issue a zobrazí se tlačítko Resetovat.', 73, NULL, 1396),
(7515, 'Klikni na tlačítko Resetovat.', 'Resetuje(Vynuluje) se filr.', 73, NULL, 1396),
(7516, 'Klikni na modul Issue v levém menu.', 'Otevře se nám záložka Issue', 73, NULL, 1397),
(7517, 'V pravo dole klikni na počet zobrazených Issue na stránku', 'Vyskočí možnosti pro počet zobrazení.', 73, NULL, 1397),
(7518, 'Zvol počet zobrazených Issue na stránku', 'Zvětšená/Zmenšená tabulka podle počtu  zobrazených Issue na stránku.', 73, NULL, 1397),
(7519, 'Klikni na modul Issue v levém menu.', 'Otevře se nám záložka Issue', 73, NULL, 1398),
(7520, 'Klikni na tlačítko Nastavení zobrazení a vyber kolonky, které chceš/nechceš vidět v tabulce.', 'Zmenšená tabulka(odstraněné sloupce) podle Zobrazení.', 73, NULL, 1398),
(7521, 'Klikni na tlačítko Zobrazit všechny sloupce.', 'Zobrazí se nám kompletní tabulka se všemi sloupci.', 73, NULL, 1398),
(7522, 'Klikni na modul Issue v levém menu.', 'Otevře se nám záložka Issue', 73, NULL, 1399),
(7523, 'Klikni na název Issue', 'Vyskočí okno Zobrazit Issue. Kde vidíme veškeré informace. A přemístí nás do daného projektu.', 73, NULL, 1399),
(7524, 'Klikni na modul Issue v levém menu.', 'Otevře se nám záložka Issue', 73, NULL, 1400),
(7525, 'Klikni na tlačítko Filtr a vyfiltruj tabulku..', 'Zmenšená tabulka podle Filtru.', 73, NULL, 1400),
(7526, 'Klikni na tlačítko Export.', 'Exportuje(Stáhne) se nám upravená tabulka Issue', 73, NULL, 1400),
(7527, 'Klikni na modul Issue v levém menu.', 'Otevře se nám záložka Issue', 73, NULL, 1401),
(7528, 'Klikni na tlačítko Export.', 'Exportuje(Stáhne) se nám celá tabulka Issue', 73, NULL, 1401),
(8043, 'Klikni na modul Můj Profil v pravém horním menu.', 'Otevře se nám záložka Můj Profil.', 73, NULL, 1551),
(8044, 'Změn kolonku jméno povolenými znaky a klikni na tlačítko Uložit.', 'Změní se jméno uživatele.', 73, NULL, 1551),
(8045, 'Klikni na modul Můj Profil v pravém horním menu.', 'Otevře se nám záložka Můj Profil.', 73, NULL, 1552),
(8046, 'Změn kolonku příjmení povolenými znaky a klikni na tlačítko Uložit.', 'Změní se příjmení uživatele.', 73, NULL, 1552),
(8047, 'Klikni na modul Můj Profil v pravém horním menu.', 'Otevře se nám záložka Můj Profil.', 73, NULL, 1553),
(8048, 'Změn kolonku NickName povolenými znaky a klikni na tlačítko Uložit.', 'Změní se NickName uživatele.', 73, NULL, 1553),
(8049, 'Klikni na modul Můj Profil v pravém horním menu.', 'Otevře se nám záložka Můj Profil.', 73, NULL, 1554),
(8050, 'Změn kolonku Tel. Číslo povolenými znaky a klikni na tlačítko Uložit.', 'Změní se Tel. Číslo u uživatele.', 73, NULL, 1554),
(8051, 'Klikni na modul Můj Profil v pravém horním menu.', 'Otevře se nám záložka Můj Profil.', 73, NULL, 1555),
(8052, 'Změn kolonku Heslo povolenými znaky a klikni na tlačítko Uložit.', 'Změní se Heslo u uživatele.', 73, NULL, 1555),
(8053, 'Klikni na modul Můj Profil v pravém horním menu.', 'Otevře se nám záložka Můj Profil.', 73, NULL, 1556),
(8054, 'Změn kolonku Jira Name povolenými znaky a klikni na tlačítko Uložit.', 'Změní se Jira Name uživatele.', 73, NULL, 1556),
(8063, 'Klikni na Jméno svého profilu v pravém horním rohu.', 'Vyjede nám nabídka záložek.', 73, NULL, 1560),
(8064, 'Klikni na tlačítko Projekty.', 'Vyskočí nám okno s tabulkou projektů.', 73, NULL, 1560),
(8065, 'Klikni na Jméno svého profilu v pravém horním rohu.', 'Vyjede nám nabídka záložek.', 73, NULL, 1561),
(8066, 'Klikni na tlačítko Projekty.', 'Vyskočí nám okno s tabulkou projektů.', 73, NULL, 1561),
(8067, 'Klikni na název tlačítko Zavřít.', 'Zavře se nám okno s tabulkou projektů.', 73, NULL, 1561),
(8068, 'Klikni na Jméno svého profilu v pravém horním rohu.', 'Vyjede nám nabídka záložek.', 73, NULL, 1562),
(8069, 'Klikni na tlačítko Projekty.', 'Vyskočí nám okno s tabulkou projektů.', 73, NULL, 1562),
(8070, 'Klikni na název projektu.', 'Otevře se záložka daného projektu, kde můžeme pracovat.', 73, NULL, 1562),
(8071, 'Klikni na Jméno svého profilu v pravém horním rohu.', 'Vyjede nabídka záložek.', 73, NULL, 1563),
(8072, 'Klikni na Zadat Tiket.', 'Otevře se záložka na vytvoření tiketu.', 73, NULL, 1563),
(8073, 'Vyplníme pouze kolonku nadpis a klikneme na tlačítko Odeslat Tiket.', 'Vyskočí chybová hláška.', 73, NULL, 1563),
(8074, 'Klikni na Jméno svého profilu v pravém horním rohu.', 'Vyjede nabídka záložek.', 73, NULL, 1564),
(8075, 'Klikni na Zadat Tiket.', 'Otevře se záložka na vytvoření tiketu.', 73, NULL, 1564),
(8076, 'Vyplníme pouze kolonku popis a klikneme na tlačítko Odeslat Tiket.', 'Vyskočí chybová hláška.', 73, NULL, 1564),
(8077, 'Klikni na Jméno svého profilu v pravém horním rohu.', 'Vyjede nabídka záložek.', 73, NULL, 1565),
(8078, 'Klikni na Zadat Tiket.', 'Otevře se záložka na vytvoření tiketu.', 73, NULL, 1565),
(8079, 'Vyplň povinné kolonky Nadpis a Popis pomocí znaků s diakritikou a klikni na tlačítko Odeslat Tiket.', 'Odešle se tiket.', 73, NULL, 1565),
(8080, 'Klikni na Jméno svého profilu v pravém horním rohu.', 'Vyjede nabídka záložek.', 73, NULL, 1566),
(8081, 'Klikni na Zadat Tiket.', 'Otevře se záložka na vytvoření tiketu.', 73, NULL, 1566),
(8082, 'Vyplň povinné kolonky Nadpis a Popis pomocí znaků bez diakritiky a klikni na tlačítko Odeslat Tiket.', 'Odešle se tiket.', 73, NULL, 1566),
(8083, 'Klikni na Jméno svého profilu v pravém horním rohu.', 'Vyjede nabídka záložek.', 73, NULL, 1567),
(8084, 'Klikni na Zadat Tiket.', 'Otevře se záložka na vytvoření tiketu.', 73, NULL, 1567),
(8085, 'Vyplň povinné kolonky Nadpis a Popis pomocí čísel a klikni na tlačítko Odeslat Tiket.', 'Odešle se tiket.', 73, NULL, 1567),
(8086, 'Klikni na Jméno svého profilu v pravém horním rohu.', 'Vyjede nabídka záložek.', 73, NULL, 1568),
(8087, 'Klikni na Zadat Tiket.', 'Otevře se záložka na vytvoření tiketu.', 73, NULL, 1568),
(8088, 'Vyplň povinné kolonky Nadpis a Popis pomocí speciálních znaků a klikni na tlačítko Odeslat Tiket.', 'Odešle se tiket.', 73, NULL, 1568),
(8089, 'Klikni na Jméno svého profilu v pravém horním rohu.', 'Vyjede nabídka záložek.', 73, NULL, 1569),
(8090, 'Klikni na Zadat Tiket.', 'Otevře se záložka na vytvoření tiketu.', 73, NULL, 1569),
(8091, 'Vyplň povinné kolonky Nadpis a Popis pomocí povolených znaků a klikni na tlačítko Odeslat Tiket.', 'Vyplněné kolonky pro Tiket.', 73, NULL, 1569),
(8092, 'Klikni na tlačítko Zvolit soubory', 'Vyskočí okno pro zvolení souboru.', 73, NULL, 1569),
(8093, 'Vyber soubor, který má velikost paměti menší než 2MB. A přilož soubor.', 'Přiložení souboru k Tiketu.', 73, NULL, 1569),
(8094, 'Klikni na tlačítko Odeslat Tiket.', 'Odešle se tiket.', 73, NULL, 1569),
(8095, 'Klikni na Jméno svého profilu v pravém horním rohu.', 'Vyjede nabídka záložek.', 73, NULL, 1570),
(8096, 'Klikni na Zadat Tiket.', 'Otevře se záložka na vytvoření tiketu.', 73, NULL, 1570),
(8097, 'Vyplň povinné kolonky Nadpis a Popis pomocí povolených znaků a klikni na tlačítko Odeslat Tiket.', 'Vyplněné kolonky pro Tiket.', 73, NULL, 1570),
(8098, 'Klikni na tlačítko Zvolit soubory', 'Vyskočí okno pro zvolení souboru.', 73, NULL, 1570),
(8099, 'Vyber soubor, který má velikost paměti větší než 2MB. A přilož soubor.', 'Přiložení souboru k Tiketu.', 73, NULL, 1570),
(8100, 'Klikni na tlačítko Odeslat Tiket.', 'Vyskočí chybová hláška.', 73, NULL, 1570),
(8101, 'Klikni na Jméno svého profilu v pravém horním rohu.', 'Vyjede nabídka záložek.', 73, NULL, 1571),
(8102, 'Klikni na Zadat Tiket.', 'Otevře se záložka na vytvoření tiketu.', 73, NULL, 1571),
(8103, 'Vyplň povinné kolonky Nadpis a Popis pomocí povolených znaků a klikni na tlačítko Odeslat Tiket.', 'Vyplněné kolonky pro Tiket.', 73, NULL, 1571),
(8104, 'Klikni na tlačítko Zvolit soubory', 'Vyskočí okno pro zvolení souboru.', 73, NULL, 1571),
(8105, 'Vyber soubor, který má velikost paměti menší než 2MB. A přilož soubor.', 'Přiložení souboru k Tiketu.', 73, NULL, 1571),
(8106, 'Klikni na zelené tlačítko +, poté na Zvolit soubory.(Lze opakovat několikrát.)', 'Vyskočí okno pro zvolení souboru.', 73, NULL, 1571),
(8107, 'Vyber další soubor, který má velikost paměti menší než 2MB. A přilož soubor.', 'Přiložení souboru k Tiketu.', 73, NULL, 1571),
(8108, 'Klikni na tlačítko Odeslat Tiket.', 'Odešle se tiket.', 73, NULL, 1571),
(8109, 'Klikni na Jméno svého profilu v pravém horním rohu.', 'Vyjede nabídka záložek.', 73, NULL, 1572),
(8110, 'Klikni na Zadat Tiket.', 'Otevře se záložka na vytvoření tiketu.', 73, NULL, 1572),
(8111, 'Vyplň povinné kolonky Nadpis a Popis pomocí povolených znaků a klikni na tlačítko Odeslat Tiket.', 'Vyplněné kolonky pro Tiket.', 73, NULL, 1572),
(8112, 'Klikni na tlačítko Zvolit soubory', 'Vyskočí okno pro zvolení souboru.', 73, NULL, 1572),
(8113, 'Vyber soubor, který má velikost paměti menší než 2MB. A přilož soubor.', 'Přiložení souboru k Tiketu.', 73, NULL, 1572),
(8114, 'Klikni na zelené tlačítko +, poté na Zvolit soubory.(Lze opakovat několikrát.)', 'Vyskočí okno pro zvolení souboru.', 73, NULL, 1572),
(8115, 'Vyber další soubor, který má velikost paměti větší než 2MB. A přilož soubor.', 'Přiložení souboru k Tiketu.', 73, NULL, 1572),
(8116, 'Klikni na tlačítko Odeslat Tiket.', 'vyskočí chybová hláška: Jeden ze souborů má více než 2MB', 73, NULL, 1572),
(8117, 'Klikni na Jméno svého profilu v pravém horním rohu.', 'Vyjede nabídka záložek.', 73, NULL, 1573),
(8118, 'Klikni na Logy.', 'Otevře se záložka Moje Logy.', 73, NULL, 1573),
(8119, 'Klikni na tlačítko Filtr.', 'Vyjede nám nabídka filtru.', 73, NULL, 1573),
(8120, 'Zvol Akci Logu.', 'Změní se tabulka logů a zobrazí se tlačítko Resetovat.', 73, NULL, 1573),
(8121, 'Klikni na Jméno svého profilu v pravém horním rohu.', 'Vyjede nabídka záložek.', 73, NULL, 1574),
(8122, 'Klikni na Logy.', 'Vyjede nám nabídka filtru.', 73, NULL, 1574),
(8123, 'Klikni na tlačítko Filtr.', 'Vyjede nám nabídka filtru.', 73, NULL, 1574),
(8124, 'Zvol Povolení logu.', 'Změní se tabulka logů a zobrazí se tlačítko Resetovat.', 73, NULL, 1574),
(8125, 'Klikni na Jméno svého profilu v pravém horním rohu.', 'Vyjede nabídka záložek.', 73, NULL, 1575),
(8126, 'Klikni na Logy.', 'Otevře se záložka Moje Logy.', 73, NULL, 1575),
(8127, 'Klikni na tlačítko Filtr.', 'Vyjede nám nabídka filtru.', 73, NULL, 1575),
(8128, 'Zvol Datum vložení logu.', 'Změní se tabulka logů a zobrazí se tlačítko Resetovat.', 73, NULL, 1575),
(8129, 'Klikni na Jméno svého profilu v pravém horním rohu.', 'Vyjede nabídka záložek.', 73, NULL, 1576),
(8130, 'Klikni na Logy.', 'Otevře se záložka Moje Logy.', 73, NULL, 1576),
(8131, 'Klikni na tlačítko Filtr.', 'Vyjede nám nabídka filtru.', 73, NULL, 1576),
(8132, 'Zvol Tab.', 'Změní se tabulka logů a zobrazí se tlačítko Resetovat.', 73, NULL, 1576),
(8133, 'Klikni na Jméno svého profilu v pravém horním rohu.', 'Vyjede nabídka záložek.', 73, NULL, 1577),
(8134, 'Klikni na Logy.', 'Otevře se záložka Moje Logy.', 73, NULL, 1577),
(8135, 'Klikni na tlačítko Filtr.', 'Vyjede nám nabídka filtru.', 73, NULL, 1577),
(8136, 'Zvol Akci logu.', 'Změní se tabulka Logů a zobrazí se tlačítko Resetovat.', 73, NULL, 1577),
(8137, 'Klikni na tlačítko Resetovat.', 'Resetuje(Vynuluje) se filr.', 73, NULL, 1577),
(8138, 'Klikni na Jméno svého profilu v pravém horním rohu.', 'Vyjede nabídka záložek.', 73, NULL, 1578),
(8139, 'Klikni na Logy.', 'Otevře se záložka Moje Logy.', 73, NULL, 1578),
(8140, 'V pravo dole klikni na počet zobrazených logů na stránku', 'Vyskočí možnosti pro počet zobrazení.', 73, NULL, 1578),
(8141, 'Zvol počet zobrazených logů na stránku', 'Zvětšená/Zmenšená tabulka podle počtu  zobrazených logů na stránku.', 73, NULL, 1578),
(8142, 'Klikni na Jméno svého profilu v pravém horním rohu.', 'Vyjede nabídka záložek.', 73, NULL, 1579),
(8143, 'Klikni na Logy.', 'Otevře se záložka Moje Logy.', 73, NULL, 1579),
(8144, 'Klikni na tlačítko Nastavení zobrazení a vyber kolonky, které chceš/nechceš vidět v tabulce.', 'Zmenšená tabulka(odstraněné sloupce) podle Zobrazení.', 73, NULL, 1579),
(8145, 'Klikni na tlačítko Zobrazit všechny sloupce.', 'Zobrazí se nám kompletní tabulka se všemi sloupci.', 73, NULL, 1579),
(8146, 'Klikni na modul Mutacia v pravém horním menu.', 'Otevře se nám okénko změnit mutáciu.', 73, NULL, 1580),
(8147, 'Zde klikněte na kolonku a vyberte jednu ze 2 možností (svk/eng).', 'Jazyk byl změněn', 73, NULL, 1580),
(8148, 'Klikněte na modul Nastavení v levém menu.', 'Otevře se nabídka Nastaveních.', 73, NULL, 1581),
(8149, 'Klikněte na záložku Všeobecné.', 'Otevře se záložka Všeobecné.', 73, NULL, 1581),
(8150, 'Změníme text kolonky jméno znaky s diakritikou a klikněte na tlačítko Uložit.', 'Změní se název. ', 73, NULL, 1581),
(8151, 'Klikněte na modul Nastavení v levém menu.', 'Otevře se nabídka Nastaveních.', 73, NULL, 1582),
(8152, 'Klikněte na záložku Všeobecné.', 'Otevře se záložka Všeobecné.', 73, NULL, 1582),
(8153, 'Změníme text kolonky jméno znaky bez diakritiky a klikněte na tlačítko Uložit.', 'Změní se název. ', 73, NULL, 1582),
(8154, 'Klikněte na modul Nastavení v levém menu.', 'Otevře se nabídka Nastaveních.', 73, NULL, 1583),
(8155, 'Klikněte na záložku Všeobecné.', 'Otevře se záložka Všeobecné.', 73, NULL, 1583),
(8156, 'Změníme text kolonky jméno čísly a klikněte na tlačítko Uložit.', 'Změní se název. ', 73, NULL, 1583),
(8157, 'Klikněte na modul Nastavení v levém menu.', 'Otevře se nabídka Nastaveních.', 73, NULL, 1584),
(8158, 'Klikněte na záložku Všeobecné.', 'Otevře se záložka Všeobecné.', 73, NULL, 1584),
(8159, 'Změníme text kolonky jméno speciálními znaky a klikněte na tlačítko Uložit.', 'Změní se název. ', 73, NULL, 1584),
(8160, 'Klikněte na modul Nastavení v levém menu.', 'Otevře se nabídka Nastaveních.', 73, NULL, 1585),
(8161, 'Klikněte na záložku Všeobecné.', 'Otevře se záložka Všeobecné.', 73, NULL, 1585),
(8162, 'Necháme text kolonky jméno prázdný  a klikněte na tlačítko Uložit.', 'Vyskočí chybová hláška.', 73, NULL, 1585),
(8163, 'Klikněte na modul Nastavení v levém menu.', 'Otevře se nabídka Nastaveních.', 73, NULL, 1586),
(8164, 'Klikněte na záložku Všeobecné.', 'Otevře se záložka Všeobecné.', 73, NULL, 1586),
(8165, 'Změníme text kolonky jméno znaky mezery/spacebar a klikněte na tlačítko Uložit.', 'Vyskočí chybová hláška.', 73, NULL, 1586),
(8166, 'Klikněte na modul Nastavení v levém menu.', 'Otevře se nabídka Nastaveních.', 73, NULL, 1587),
(8167, 'Klikněte na záložku Všeobecné.', 'Otevře se záložka Všeobecné.', 73, NULL, 1587),
(8168, 'Změníme text kolonky email znaky s diakritikou a klikněte na tlačítko Uložit.', 'Vyskočí chybová hláška - Neplatný email. ', 73, NULL, 1587),
(8169, 'Klikněte na modul Nastavení v levém menu.', 'Otevře se nabídka Nastaveních.', 73, NULL, 1588),
(8170, 'Klikněte na záložku Všeobecné.', 'Otevře se záložka Všeobecné.', 73, NULL, 1588),
(8171, 'Změníme text kolonky email(v platném formátu např: jmeno@seznam.cz ) znaky bez diakritiky a klikněte na tlačítko Uložit.', 'Změní se email. ', 73, NULL, 1588),
(8172, 'Klikněte na modul Nastavení v levém menu.', 'Otevře se nabídka Nastaveních.', 73, NULL, 1589),
(8173, 'Klikněte na záložku Všeobecné.', 'Otevře se záložka Všeobecné.', 73, NULL, 1589),
(8174, 'Změníme text kolonky email(v platném formátu např: jmeno@seznam.cz ) čísly a klikněte na tlačítko Uložit.', 'Změní se email. ', 73, NULL, 1589),
(8175, 'Klikněte na modul Nastavení v levém menu.', 'Otevře se nabídka Nastaveních.', 73, NULL, 1590),
(8176, 'Klikněte na záložku Všeobecné.', 'Otevře se záložka Všeobecné.', 73, NULL, 1590),
(8177, 'Změníme text kolonky email(v platném formátu např: jmeno@seznam.cz ) speciálními znaky a klikněte na tlačítko Uložit.', 'Vyskočí chybová hláška - Neplatný email. ', 73, NULL, 1590),
(8178, 'Klikněte na modul Nastavení v levém menu.', 'Otevře se nabídka Nastaveních.', 73, NULL, 1591),
(8179, 'Klikněte na záložku Všeobecné.', 'Otevře se záložka Všeobecné.', 73, NULL, 1591),
(8180, 'Nevyplníme text kolonky email a klikněte na tlačítko Uložit.', 'Změní se email. ', 73, NULL, 1591),
(8181, 'Klikněte na modul Nastavení v levém menu.', 'Otevře se nabídka Nastaveních.', 73, NULL, 1592),
(8182, 'Klikněte na záložku Všeobecné.', 'Otevře se záložka Všeobecné.', 73, NULL, 1592),
(8183, 'Vyplníme kolonku email mezery/spacebar.', 'Změní se email. ', 73, NULL, 1592),
(8184, 'Klikněte na modul Nastavení v levém menu.', 'Otevře se nabídka Nastaveních.', 73, NULL, 1593),
(8185, 'Klikněte na záložku Všeobecné.', 'Otevře se záložka Všeobecné.', 73, NULL, 1593),
(8186, 'Vyplníme kolonku Tel.číslo znaky s diakritikou.', 'Vyskočí chybová hláška Zadejte platné tel číslo.', 73, NULL, 1593),
(8187, 'Klikněte na modul Nastavení v levém menu.', 'Otevře se nabídka Nastaveních.', 73, NULL, 1594),
(8188, 'Klikněte na záložku Všeobecné.', 'Otevře se záložka Všeobecné.', 73, NULL, 1594),
(8189, 'Vyplníme kolonku Tel.číslo znaky bez diakritiky.', 'Vyskočí chybová hláška Zadejte platné tel číslo.', 73, NULL, 1594),
(8190, 'Klikněte na modul Nastavení v levém menu.', 'Otevře se nabídka Nastaveních.', 73, NULL, 1595),
(8191, 'Klikněte na záložku Všeobecné.', 'Otevře se záložka Všeobecné.', 73, NULL, 1595),
(8192, 'Vyplníme kolonku Tel.číslo čísly.', 'Změní se Tel.číslo.', 73, NULL, 1595),
(8193, 'Klikněte na modul Nastavení v levém menu.', 'Otevře se nabídka Nastaveních.', 73, NULL, 1596),
(8194, 'Klikněte na záložku Všeobecné.', 'Otevře se záložka Všeobecné.', 73, NULL, 1596),
(8195, 'Vyplníme kolonku Tel.číslospeciálními znaky.', 'Vyskočí chybová hláška Zadejte platné tel číslo.', 73, NULL, 1596),
(8196, 'Klikněte na modul Nastavení v levém menu.', 'Otevře se nabídka Nastaveních.', 73, NULL, 1597),
(8197, 'Klikněte na záložku Všeobecné.', 'Otevře se záložka Všeobecné.', 73, NULL, 1597),
(8198, 'Nevyplníme kolonku Tel.číslo.', 'Vyskočí chybová hláška.', 73, NULL, 1597),
(8199, 'Klikněte na modul Nastavení v levém menu.', 'Otevře se nabídka Nastaveních.', 73, NULL, 1598),
(8200, 'Klikněte na záložku Všeobecné.', 'Otevře se záložka Všeobecné.', 73, NULL, 1598),
(8201, 'Vyplníme kolonku Tel.číslo mezery/spacebar', 'Vyskočí chybová hláška.', 73, NULL, 1598),
(8202, 'Klikněte na modul Nastavení v levém menu.', 'Otevře se nabídka Nastaveních.', 73, NULL, 1599),
(8203, 'Klikněte na záložku Všeobecné.', 'Otevře se záložka Všeobecné.', 73, NULL, 1599),
(8204, 'Změníme text kolonky ulice v Adrese znaky s diakritikou a klikněte na tlačítko Uložit.', 'Změní se ulice u adresy.', 73, NULL, 1599),
(8205, 'Klikněte na modul Nastavení v levém menu.', 'Otevře se nabídka Nastaveních.', 73, NULL, 1600),
(8206, 'Klikněte na záložku Všeobecné.', 'Otevře se záložka Všeobecné.', 73, NULL, 1600),
(8207, 'Změníme text kolonky ulice v Adrese znaky bez diakritiky a klikněte na tlačítko Uložit.', 'Změní se ulice u adresy.', 73, NULL, 1600),
(8208, 'Klikněte na modul Nastavení v levém menu.', 'Otevře se nabídka Nastaveních.', 73, NULL, 1601),
(8209, 'Klikněte na záložku Všeobecné.', 'Otevře se záložka Všeobecné.', 73, NULL, 1601),
(8210, 'Změníme text kolonky ulice v Adrese čísly a klikněte na tlačítko Uložit.', 'Změní se ulice u adresy.', 73, NULL, 1601),
(8211, 'Klikněte na modul Nastavení v levém menu.', 'Otevře se nabídka Nastaveních.', 73, NULL, 1602),
(8212, 'Klikněte na záložku Všeobecné.', 'Otevře se záložka Všeobecné.', 73, NULL, 1602),
(8213, 'Změníme text kolonky ulice v Adrese speciálními znaky a klikněte na tlačítko Uložit.', 'Vyskočí chybová hláška.', 73, NULL, 1602),
(8214, 'Klikněte na modul Nastavení v levém menu.', 'Otevře se nabídka Nastaveních.', 73, NULL, 1603),
(8215, 'Klikněte na záložku Všeobecné.', 'Otevře se záložka Všeobecné.', 73, NULL, 1603),
(8216, 'Necháme text kolonky ulice v Adrese prázdný  a klikněte na tlačítko Uložit.', 'Vyskočí chybová hláška.', 73, NULL, 1603),
(8217, 'Klikněte na modul Nastavení v levém menu.', 'Otevře se nabídka Nastaveních.', 73, NULL, 1604),
(8218, 'Klikněte na záložku Všeobecné.', 'Otevře se záložka Všeobecné.', 73, NULL, 1604),
(8219, 'Změníme text kolonky ulice v Adrese znaky mezery/spacebar a klikněte na tlačítko Uložit.', 'Vyskočí chybová hláška.', 73, NULL, 1604),
(8220, 'Klikněte na modul Nastavení v levém menu.', 'Otevře se nabídka Nastaveních.', 73, NULL, 1605),
(8221, 'Klikněte na záložku Všeobecné.', 'Otevře se záložka Všeobecné.', 73, NULL, 1605),
(8222, 'Změníme text kolonky město v Adrese znaky s diakritikou a klikněte na tlačítko Uložit.', 'Změní se město u adresy.', 73, NULL, 1605),
(8223, 'Klikněte na modul Nastavení v levém menu.', 'Otevře se nabídka Nastaveních.', 73, NULL, 1606),
(8224, 'Klikněte na záložku Všeobecné.', 'Otevře se záložka Všeobecné.', 73, NULL, 1606),
(8225, 'Změníme text kolonky město v Adrese znaky bez diakritiky a klikněte na tlačítko Uložit.', 'Změní se město u adresy.', 73, NULL, 1606),
(8226, 'Klikněte na modul Nastavení v levém menu.', 'Otevře se nabídka Nastaveních.', 73, NULL, 1607),
(8227, 'Klikněte na záložku Všeobecné.', 'Otevře se záložka Všeobecné.', 73, NULL, 1607),
(8228, 'Změníme text kolonky město v Adrese čísly a klikněte na tlačítko Uložit.', 'Změní se město u adresy.', 73, NULL, 1607),
(8229, 'Klikněte na modul Nastavení v levém menu.', 'Otevře se nabídka Nastaveních.', 73, NULL, 1608),
(8230, 'Klikněte na záložku Všeobecné.', 'Otevře se záložka Všeobecné.', 73, NULL, 1608),
(8231, 'Změníme text kolonky město v Adrese speciálními znaky a klikněte na tlačítko Uložit.', 'Vyskočí chybová hláška.', 73, NULL, 1608),
(8232, 'Klikněte na modul Nastavení v levém menu.', 'Otevře se nabídka Nastaveních.', 73, NULL, 1609),
(8233, 'Klikněte na záložku Všeobecné.', 'Otevře se záložka Všeobecné.', 73, NULL, 1609),
(8234, 'Necháme text kolonky město v Adrese prázdný  a klikněte na tlačítko Uložit.', 'Vyskočí chybová hláška.', 73, NULL, 1609),
(8235, 'Klikněte na modul Nastavení v levém menu.', 'Otevře se nabídka Nastaveních.', 73, NULL, 1610),
(8236, 'Klikněte na záložku Všeobecné.', 'Otevře se záložka Všeobecné.', 73, NULL, 1610),
(8237, 'Změníme text kolonky město v Adrese znaky mezery/spacebar a klikněte na tlačítko Uložit.', 'Vyskočí chybová hláška.', 73, NULL, 1610),
(8238, 'Klikněte na modul Nastavení v levém menu.', 'Otevře se nabídka Nastaveních.', 73, NULL, 1611),
(8239, 'Klikněte na záložku Všeobecné.', 'Otevře se záložka Všeobecné.', 73, NULL, 1611),
(8240, 'Změníme text kolonky stát v Adrese znaky s diakritikou a klikněte na tlačítko Uložit.', 'Změní se stát u adresy.', 73, NULL, 1611),
(8241, 'Klikněte na modul Nastavení v levém menu.', 'Otevře se nabídka Nastaveních.', 73, NULL, 1612),
(8242, 'Klikněte na záložku Všeobecné.', 'Otevře se záložka Všeobecné.', 73, NULL, 1612),
(8243, 'Změníme text kolonky stát v Adrese znaky bez diakritiky a klikněte na tlačítko Uložit.', 'Změní se stát u adresy.', 73, NULL, 1612),
(8244, 'Klikněte na modul Nastavení v levém menu.', 'Otevře se nabídka Nastaveních.', 73, NULL, 1613),
(8245, 'Klikněte na záložku Všeobecné.', 'Otevře se záložka Všeobecné.', 73, NULL, 1613),
(8246, 'Změníme text kolonky stát v Adrese čísly a klikněte na tlačítko Uložit.', 'Vyskočí chybová hláška.', 73, NULL, 1613),
(8247, 'Klikněte na modul Nastavení v levém menu.', 'Otevře se nabídka Nastaveních.', 73, NULL, 1614),
(8248, 'Klikněte na záložku Všeobecné.', 'Otevře se záložka Všeobecné.', 73, NULL, 1614),
(8249, 'Změníme text kolonky stát v Adrese speciálními znaky a klikněte na tlačítko Uložit.', 'Vyskočí chybová hláška.', 73, NULL, 1614),
(8250, 'Klikněte na modul Nastavení v levém menu.', 'Otevře se nabídka Nastaveních.', 73, NULL, 1615),
(8251, 'Klikněte na záložku Všeobecné.', 'Otevře se záložka Všeobecné.', 73, NULL, 1615),
(8252, 'Necháme text kolonky stát v Adrese prázdný  a klikněte na tlačítko Uložit.', 'Vyskočí chybová hláška.', 73, NULL, 1615),
(8253, 'Klikněte na modul Nastavení v levém menu.', 'Otevře se nabídka Nastaveních.', 73, NULL, 1616),
(8254, 'Klikněte na záložku Všeobecné.', 'Otevře se záložka Všeobecné.', 73, NULL, 1616),
(8255, 'Změníme text kolonky stát v Adrese znaky mezery/spacebar a klikněte na tlačítko Uložit.', 'Vyskočí chybová hláška.', 73, NULL, 1616),
(8256, 'Klikněte na modul Nastavení v levém menu.', 'Otevře se nabídka Nastaveních.', 73, NULL, 1617),
(8257, 'Klikněte na záložku Všeobecné.', 'Otevře se záložka Všeobecné.', 73, NULL, 1617),
(8258, 'Změníme text kolonky PSČ v Adrese znaky s diakritikou a klikněte na tlačítko Uložit.', 'Vyskočí chybová hláška.', 73, NULL, 1617),
(8259, 'Klikněte na modul Nastavení v levém menu.', 'Otevře se nabídka Nastaveních.', 73, NULL, 1618),
(8260, 'Klikněte na záložku Všeobecné.', 'Otevře se záložka Všeobecné.', 73, NULL, 1618),
(8261, 'Změníme text kolonky PSČ v Adrese znaky bez diakritiky a klikněte na tlačítko Uložit.', 'Vyskočí chybová hláška.', 73, NULL, 1618),
(8262, 'Klikněte na modul Nastavení v levém menu.', 'Otevře se nabídka Nastaveních.', 73, NULL, 1619),
(8263, 'Klikněte na záložku Všeobecné.', 'Otevře se záložka Všeobecné.', 73, NULL, 1619),
(8264, 'Změníme text kolonky PSČ v Adrese čísly a klikněte na tlačítko Uložit.', 'Změní se PSČ u adresy.', 73, NULL, 1619),
(8265, 'Klikněte na modul Nastavení v levém menu.', 'Otevře se nabídka Nastaveních.', 73, NULL, 1620),
(8266, 'Klikněte na záložku Všeobecné.', 'Otevře se záložka Všeobecné.', 73, NULL, 1620),
(8267, 'Změníme text kolonky PSČ v Adrese speciálními znaky a klikněte na tlačítko Uložit.', 'Vyskočí chybová hláška.', 73, NULL, 1620),
(8268, 'Klikněte na modul Nastavení v levém menu.', 'Otevře se nabídka Nastaveních.', 73, NULL, 1621),
(8269, 'Klikněte na záložku Všeobecné.', 'Otevře se záložka Všeobecné.', 73, NULL, 1621),
(8270, 'Necháme text kolonky PSČ v Adrese prázdný  a klikněte na tlačítko Uložit.', 'Vyskočí chybová hláška.', 73, NULL, 1621),
(8271, 'Klikněte na modul Nastavení v levém menu.', 'Otevře se nabídka Nastaveních.', 73, NULL, 1622),
(8272, 'Klikněte na záložku Všeobecné.', 'Otevře se záložka Všeobecné.', 73, NULL, 1622),
(8273, 'Změníme text kolonky PSČ v Adrese znaky mezery/spacebar a klikněte na tlačítko Uložit.', 'Vyskočí chybová hláška.', 73, NULL, 1622),
(8274, 'Klikněte na modul Nastavení v levém menu.', 'Otevře se nabídka Nastaveních.', 73, NULL, 1623),
(8275, 'Klikněte na záložku Všeobecné.', 'Otevře se záložka Všeobecné.', 73, NULL, 1623),
(8276, 'Klikneme na vybrat soubor u Faviconu - zvolíme soubor JPEG/PNG.', 'Změní se Favicon.', 73, NULL, 1623),
(8277, 'Klikněte na modul Nastavení v levém menu.', 'Otevře se nabídka Nastaveních.', 73, NULL, 1624),
(8278, 'Klikněte na záložku Všeobecné.', 'Otevře se záložka Všeobecné.', 73, NULL, 1624),
(8279, 'Klikneme na vybrat soubor u Faviconu - zvolíme jiný soubor než JPEG/PNG.', 'Vyskočí chybová hláška.', 73, NULL, 1624),
(8280, 'Klikněte na modul Nastavení v levém menu.', 'Otevře se nabídka Nastaveních.', 73, NULL, 1625),
(8281, 'Klikněte na záložku Všeobecné.', 'Otevře se záložka Všeobecné.', 73, NULL, 1625),
(8282, 'Klikneme na vybrat soubor u Loga - zvolíme soubor JPEG/PNG.', 'Změní se Logo.', 73, NULL, 1625),
(8283, 'Klikněte na modul Nastavení v levém menu.', 'Otevře se nabídka Nastaveních.', 73, NULL, 1626),
(8284, 'Klikněte na záložku Všeobecné.', 'Otevře se záložka Všeobecné.', 73, NULL, 1626),
(8285, 'Klikneme na vybrat soubor u Loga - zvolíme jiný soubor než JPEG/PNG.', 'Vyskočí chybová hláška.', 73, NULL, 1626),
(8286, 'Klikněte na modul Nastavení v levém menu.', 'Otevře se nabídka Nastaveních.', 73, NULL, 1627),
(8287, 'Klikněte na záložku Všeobecné.', 'Otevře se záložka Všeobecné.', 73, NULL, 1627),
(8288, 'Změníme text kolonky jméno ve Fakturačních udajích znaky s diakritikou a klikněte na tlačítko Uložit.', 'Změní se název společnosti.  ', 73, NULL, 1627),
(8289, 'Klikněte na modul Nastavení v levém menu.', 'Otevře se nabídka Nastaveních.', 73, NULL, 1628),
(8290, 'Klikněte na záložku Všeobecné.', 'Otevře se záložka Všeobecné.', 73, NULL, 1628),
(8291, 'Změníme text kolonky jméno ve Fakturačních udajích znaky bez diakritiky a klikněte na tlačítko Uložit.', 'Změní se název společnosti.  ', 73, NULL, 1628),
(8292, 'Klikněte na modul Nastavení v levém menu.', 'Otevře se nabídka Nastaveních.', 73, NULL, 1629),
(8293, 'Klikněte na záložku Všeobecné.', 'Otevře se záložka Všeobecné.', 73, NULL, 1629),
(8294, 'Změníme text kolonky jméno ve Fakturačních udajích čísly a klikněte na tlačítko Uložit.', 'Změní se název společnosti.  ', 73, NULL, 1629),
(8295, 'Klikněte na modul Nastavení v levém menu.', 'Otevře se nabídka Nastaveních.', 73, NULL, 1630),
(8296, 'Klikněte na záložku Všeobecné.', 'Otevře se záložka Všeobecné.', 73, NULL, 1630),
(8297, 'Změníme text kolonky jméno ve Fakturačních udajích speciálními znaky a klikněte na tlačítko Uložit.', 'Změní se název společnosti.  ', 73, NULL, 1630),
(8298, 'Klikněte na modul Nastavení v levém menu.', 'Otevře se nabídka Nastaveních.', 73, NULL, 1631),
(8299, 'Klikněte na záložku Všeobecné.', 'Otevře se záložka Všeobecné.', 73, NULL, 1631),
(8300, 'Necháme text kolonky jméno ve Fakturačních udajích prázdný  a klikněte na tlačítko Uložit.', 'Vyskočí chybová hláška.', 73, NULL, 1631),
(8301, 'Klikněte na modul Nastavení v levém menu.', 'Otevře se nabídka Nastaveních.', 73, NULL, 1632),
(8302, 'Klikněte na záložku Všeobecné.', 'Otevře se záložka Všeobecné.', 73, NULL, 1632),
(8303, 'Změníme text kolonky jméno ve Fakturačních udajích znaky mezery/spacebar a klikněte na tlačítko Uložit.', 'Vyskočí chybová hláška.', 73, NULL, 1632),
(8304, 'Klikněte na modul Nastavení v levém menu.', 'Otevře se nabídka Nastaveních.', 73, NULL, 1633),
(8305, 'Klikněte na záložku Všeobecné.', 'Otevře se záložka Všeobecné.', 73, NULL, 1633),
(8306, 'Změníme text kolonky ulice ve Fakturačních údajích znaky s diakritikou a klikněte na tlačítko Uložit.', 'Změní se ulice ve Fakturačních údajích', 73, NULL, 1633),
(8307, 'Klikněte na modul Nastavení v levém menu.', 'Otevře se nabídka Nastaveních.', 73, NULL, 1634),
(8308, 'Klikněte na záložku Všeobecné.', 'Otevře se záložka Všeobecné.', 73, NULL, 1634),
(8309, 'Změníme text kolonky ulice  ve Fakturačních údajích znaky bez diakritiky a klikněte na tlačítko Uložit.', 'Změní se ulice ve Fakturačních údajích', 73, NULL, 1634),
(8310, 'Klikněte na modul Nastavení v levém menu.', 'Otevře se nabídka Nastaveních.', 73, NULL, 1635),
(8311, 'Klikněte na záložku Všeobecné.', 'Otevře se záložka Všeobecné.', 73, NULL, 1635),
(8312, 'Změníme text kolonky uliceve Fakturačních údajích čísly a klikněte na tlačítko Uložit.', 'Změní se ulice ve Fakturačních údajích', 73, NULL, 1635),
(8313, 'Klikněte na modul Nastavení v levém menu.', 'Otevře se nabídka Nastaveních.', 73, NULL, 1636),
(8314, 'Klikněte na záložku Všeobecné.', 'Otevře se záložka Všeobecné.', 73, NULL, 1636),
(8315, 'Změníme text kolonky ulice ve Fakturačních údajích speciálními znaky a klikněte na tlačítko Uložit.', 'Vyskočí chybová hláška.', 73, NULL, 1636),
(8316, 'Klikněte na modul Nastavení v levém menu.', 'Otevře se nabídka Nastaveních.', 73, NULL, 1637),
(8317, 'Klikněte na záložku Všeobecné.', 'Otevře se záložka Všeobecné.', 73, NULL, 1637),
(8318, 'Necháme text kolonky ulice ve Fakturačních údajích prázdný  a klikněte na tlačítko Uložit.', 'Vyskočí chybová hláška.', 73, NULL, 1637),
(8319, 'Klikněte na modul Nastavení v levém menu.', 'Otevře se nabídka Nastaveních.', 73, NULL, 1638),
(8320, 'Klikněte na záložku Všeobecné.', 'Otevře se záložka Všeobecné.', 73, NULL, 1638),
(8321, 'Změníme text kolonky ulice ve Fakturačních údajích znaky mezery/spacebar a klikněte na tlačítko Uložit.', 'Vyskočí chybová hláška.', 73, NULL, 1638),
(8322, 'Klikněte na modul Nastavení v levém menu.', 'Otevře se nabídka Nastaveních.', 73, NULL, 1639),
(8323, 'Klikněte na záložku Všeobecné.', 'Otevře se záložka Všeobecné.', 73, NULL, 1639),
(8324, 'Změníme text kolonky město ve Fakturačních údajíchznaky s diakritikou a klikněte na tlačítko Uložit.', 'Změní se město ve Fakturačních udajích.', 73, NULL, 1639),
(8325, 'Klikněte na modul Nastavení v levém menu.', 'Otevře se nabídka Nastaveních.', 73, NULL, 1640),
(8326, 'Klikněte na záložku Všeobecné.', 'Otevře se záložka Všeobecné.', 73, NULL, 1640),
(8327, 'Změníme text kolonky město ve Fakturačních údajích znaky bez diakritiky a klikněte na tlačítko Uložit.', 'Změní se město ve Fakturačních udajích.', 73, NULL, 1640),
(8328, 'Klikněte na modul Nastavení v levém menu.', 'Otevře se nabídka Nastaveních.', 73, NULL, 1641),
(8329, 'Klikněte na záložku Všeobecné.', 'Otevře se záložka Všeobecné.', 73, NULL, 1641),
(8330, 'Změníme text kolonky město ve Fakturačních údajíchčísly a klikněte na tlačítko Uložit.', 'Změní se město ve Fakturačních udajích.', 73, NULL, 1641),
(8331, 'Klikněte na modul Nastavení v levém menu.', 'Otevře se nabídka Nastaveních.', 73, NULL, 1642),
(8332, 'Klikněte na záložku Všeobecné.', 'Otevře se záložka Všeobecné.', 73, NULL, 1642),
(8333, 'Změníme text kolonky město ve Fakturačních údajích speciálními znaky a klikněte na tlačítko Uložit.', 'Vyskočí chybová hláška.', 73, NULL, 1642),
(8334, 'Klikněte na modul Nastavení v levém menu.', 'Otevře se nabídka Nastaveních.', 73, NULL, 1643),
(8335, 'Klikněte na záložku Všeobecné.', 'Otevře se záložka Všeobecné.', 73, NULL, 1643),
(8336, 'Necháme text kolonky městove Fakturačních údajích prázdný  a klikněte na tlačítko Uložit.', 'Vyskočí chybová hláška.', 73, NULL, 1643),
(8337, 'Klikněte na modul Nastavení v levém menu.', 'Otevře se nabídka Nastaveních.', 73, NULL, 1644),
(8338, 'Klikněte na záložku Všeobecné.', 'Otevře se záložka Všeobecné.', 73, NULL, 1644),
(8339, 'Změníme text kolonky městove Fakturačních údajích znaky mezery/spacebar a klikněte na tlačítko Uložit.', 'Vyskočí chybová hláška.', 73, NULL, 1644),
(8340, 'Klikněte na modul Nastavení v levém menu.', 'Otevře se nabídka Nastaveních.', 73, NULL, 1645),
(8341, 'Klikněte na záložku Všeobecné.', 'Otevře se záložka Všeobecné.', 73, NULL, 1645),
(8342, 'Změníme text kolonky stát ve Fakturačních údajích znaky s diakritikou a klikněte na tlačítko Uložit.', 'Změní se stát ve Fakturačních údajích\n', 73, NULL, 1645),
(8343, 'Klikněte na modul Nastavení v levém menu.', 'Otevře se nabídka Nastaveních.', 73, NULL, 1646),
(8344, 'Klikněte na záložku Všeobecné.', 'Otevře se záložka Všeobecné.', 73, NULL, 1646),
(8345, 'Změníme text kolonky stát ve Fakturačních údajích znaky bez diakritiky a klikněte na tlačítko Uložit.', 'Změní se stát ve Fakturačních údajích\n', 73, NULL, 1646),
(8346, 'Klikněte na modul Nastavení v levém menu.', 'Otevře se nabídka Nastaveních.', 73, NULL, 1647),
(8347, 'Klikněte na záložku Všeobecné.', 'Otevře se záložka Všeobecné.', 73, NULL, 1647),
(8348, 'Změníme text kolonky stát ve Fakturačních údajích čísly a klikněte na tlačítko Uložit.', 'Vyskočí chybová hláška.', 73, NULL, 1647),
(8349, 'Klikněte na modul Nastavení v levém menu.', 'Otevře se nabídka Nastaveních.', 73, NULL, 1648),
(8350, 'Klikněte na záložku Všeobecné.', 'Otevře se záložka Všeobecné.', 73, NULL, 1648),
(8351, 'Změníme text kolonky stát ve Fakturačních údajích speciálními znaky a klikněte na tlačítko Uložit.', 'Vyskočí chybová hláška.', 73, NULL, 1648),
(8352, 'Klikněte na modul Nastavení v levém menu.', 'Otevře se nabídka Nastaveních.', 73, NULL, 1649),
(8353, 'Klikněte na záložku Všeobecné.', 'Otevře se záložka Všeobecné.', 73, NULL, 1649),
(8354, 'Necháme text kolonky stát ve Fakturačních údajích prázdný  a klikněte na tlačítko Uložit.', 'Vyskočí chybová hláška.', 73, NULL, 1649),
(8355, 'Klikněte na modul Nastavení v levém menu.', 'Otevře se nabídka Nastaveních.', 73, NULL, 1650),
(8356, 'Klikněte na záložku Všeobecné.', 'Otevře se záložka Všeobecné.', 73, NULL, 1650),
(8357, 'Změníme text kolonky stát ve Fakturačních údajích znaky mezery/spacebar a klikněte na tlačítko Uložit.', 'Vyskočí chybová hláška.', 73, NULL, 1650),
(8358, 'Klikněte na modul Nastavení v levém menu.', 'Otevře se nabídka Nastaveních.', 73, NULL, 1651),
(8359, 'Klikněte na záložku Všeobecné.', 'Otevře se záložka Všeobecné.', 73, NULL, 1651),
(8360, 'Změníme text kolonky PSČ ve Fakturačních údajích znaky s diakritikou a klikněte na tlačítko Uložit.', 'Vyskočí chybová hláška.', 73, NULL, 1651),
(8361, 'Klikněte na modul Nastavení v levém menu.', 'Otevře se nabídka Nastaveních.', 73, NULL, 1652),
(8362, 'Klikněte na záložku Všeobecné.', 'Otevře se záložka Všeobecné.', 73, NULL, 1652),
(8363, 'Změníme text kolonky PSČ ve Fakturačních údajích znaky bez diakritiky a klikněte na tlačítko Uložit.', 'Vyskočí chybová hláška.', 73, NULL, 1652),
(8364, 'Klikněte na modul Nastavení v levém menu.', 'Otevře se nabídka Nastaveních.', 73, NULL, 1653),
(8365, 'Klikněte na záložku Všeobecné.', 'Otevře se záložka Všeobecné.', 73, NULL, 1653),
(8366, 'Změníme text kolonky PSČ ve Fakturačních údajíche čísly a klikněte na tlačítko Uložit.', 'Změní se PSČ ve Fakturačních údajích', 73, NULL, 1653),
(8367, 'Klikněte na modul Nastavení v levém menu.', 'Otevře se nabídka Nastaveních.', 73, NULL, 1654),
(8368, 'Klikněte na záložku Všeobecné.', 'Otevře se záložka Všeobecné.', 73, NULL, 1654),
(8369, 'Změníme text kolonky PSČ ve Fakturačních údajích speciálními znaky a klikněte na tlačítko Uložit.', 'Vyskočí chybová hláška.', 73, NULL, 1654),
(8370, 'Klikněte na modul Nastavení v levém menu.', 'Otevře se nabídka Nastaveních.', 73, NULL, 1655),
(8371, 'Klikněte na záložku Všeobecné.', 'Otevře se záložka Všeobecné.', 73, NULL, 1655),
(8372, 'Necháme text kolonky PSČ ve Fakturačních údajích prázdný  a klikněte na tlačítko Uložit.', 'Vyskočí chybová hláška.', 73, NULL, 1655),
(8373, 'Klikněte na modul Nastavení v levém menu.', 'Otevře se nabídka Nastaveních.', 73, NULL, 1656),
(8374, 'Klikněte na záložku Všeobecné.', 'Otevře se záložka Všeobecné.', 73, NULL, 1656),
(8375, 'Změníme text kolonky PSČ ve Fakturačních údajích znaky mezery/spacebar a klikněte na tlačítko Uložit.', 'Vyskočí chybová hláška.', 73, NULL, 1656),
(8376, 'Klikněte na modul Nastavení v levém menu.', 'Otevře se nabídka Nastaveních.', 73, NULL, 1657),
(8377, 'Klikněte na záložku Všeobecné.', 'Otevře se záložka Všeobecné.', 73, NULL, 1657),
(8378, 'Změníme text kolonky IČO ve Fakturačních údajích znaky s diakritikou a klikněte na tlačítko Uložit.', 'Vyskočí chybová hláška.', 73, NULL, 1657),
(8379, 'Klikněte na modul Nastavení v levém menu.', 'Otevře se nabídka Nastaveních.', 73, NULL, 1658),
(8380, 'Klikněte na záložku Všeobecné.', 'Otevře se záložka Všeobecné.', 73, NULL, 1658),
(8381, 'Změníme text kolonky IČO ve Fakturačních údajích znaky bez diakritiky a klikněte na tlačítko Uložit.', 'Vyskočí chybová hláška.', 73, NULL, 1658),
(8382, 'Klikněte na modul Nastavení v levém menu.', 'Otevře se nabídka Nastaveních.', 73, NULL, 1659),
(8383, 'Klikněte na záložku Všeobecné.', 'Otevře se záložka Všeobecné.', 73, NULL, 1659),
(8384, 'Změníme text kolonky IČO ve Fakturačních údajíche čísly a klikněte na tlačítko Uložit.', 'Změní se IČO ve Fakturačních údajích', 73, NULL, 1659),
(8385, 'Klikněte na modul Nastavení v levém menu.', 'Otevře se nabídka Nastaveních.', 73, NULL, 1660),
(8386, 'Klikněte na záložku Všeobecné.', 'Otevře se záložka Všeobecné.', 73, NULL, 1660),
(8387, 'Změníme text kolonky IČO ve Fakturačních údajích speciálními znaky a klikněte na tlačítko Uložit.', 'Vyskočí chybová hláška.', 73, NULL, 1660),
(8388, 'Klikněte na modul Nastavení v levém menu.', 'Otevře se nabídka Nastaveních.', 73, NULL, 1661);
INSERT INTO `test_step` (`id`, `precondition`, `expected_result`, `creator_id`, `create_date`, `test_case_id`) VALUES
(8389, 'Klikněte na záložku Všeobecné.', 'Otevře se záložka Všeobecné.', 73, NULL, 1661),
(8390, 'Necháme text kolonky IČO ve Fakturačních údajích prázdný  a klikněte na tlačítko Uložit.', 'Vyskočí chybová hláška.', 73, NULL, 1661),
(8391, 'Klikněte na modul Nastavení v levém menu.', 'Otevře se nabídka Nastaveních.', 73, NULL, 1662),
(8392, 'Klikněte na záložku Všeobecné.', 'Otevře se záložka Všeobecné.', 73, NULL, 1662),
(8393, 'Změníme text kolonky IČO ve Fakturačních údajích znaky mezery/spacebar a klikněte na tlačítko Uložit.', 'Vyskočí chybová hláška.', 73, NULL, 1662),
(8394, 'Klikněte na modul Nastavení v levém menu.', 'Otevře se nabídka Nastaveních.', 73, NULL, 1663),
(8395, 'Klikněte na záložku Všeobecné.', 'Otevře se záložka Všeobecné.', 73, NULL, 1663),
(8396, 'Změníme text kolonky DIČ ve Fakturačních údajích znaky s diakritikou a klikněte na tlačítko Uložit.', 'Vyskočí chybová hláška.', 73, NULL, 1663),
(8397, 'Klikněte na modul Nastavení v levém menu.', 'Otevře se nabídka Nastaveních.', 73, NULL, 1664),
(8398, 'Klikněte na záložku Všeobecné.', 'Otevře se záložka Všeobecné.', 73, NULL, 1664),
(8399, 'Změníme text kolonky DIČ ve Fakturačních údajích znaky bez diakritiky a klikněte na tlačítko Uložit.', 'Vyskočí chybová hláška.', 73, NULL, 1664),
(8400, 'Klikněte na modul Nastavení v levém menu.', 'Otevře se nabídka Nastaveních.', 73, NULL, 1665),
(8401, 'Klikněte na záložku Všeobecné.', 'Otevře se záložka Všeobecné.', 73, NULL, 1665),
(8402, 'Změníme text kolonky DIČ ve Fakturačních údajíche čísly a klikněte na tlačítko Uložit.', 'Změní se DIČ ve Fakturačních údajích', 73, NULL, 1665),
(8403, 'Klikněte na modul Nastavení v levém menu.', 'Otevře se nabídka Nastaveních.', 73, NULL, 1666),
(8404, 'Klikněte na záložku Všeobecné.', 'Otevře se záložka Všeobecné.', 73, NULL, 1666),
(8405, 'Změníme text kolonky DIČ ve Fakturačních údajích speciálními znaky a klikněte na tlačítko Uložit.', 'Vyskočí chybová hláška.', 73, NULL, 1666),
(8406, 'Klikněte na modul Nastavení v levém menu.', 'Otevře se nabídka Nastaveních.', 73, NULL, 1667),
(8407, 'Klikněte na záložku Všeobecné.', 'Otevře se záložka Všeobecné.', 73, NULL, 1667),
(8408, 'Necháme text kolonky DIČ ve Fakturačních údajích prázdný  a klikněte na tlačítko Uložit.', 'Vyskočí chybová hláška.', 73, NULL, 1667),
(8409, 'Klikněte na modul Nastavení v levém menu.', 'Otevře se nabídka Nastaveních.', 73, NULL, 1668),
(8410, 'Klikněte na záložku Všeobecné.', 'Otevře se záložka Všeobecné.', 73, NULL, 1668),
(8411, 'Změníme text kolonky DIČ ve Fakturačních údajích znaky mezery/spacebar a klikněte na tlačítko Uložit.', 'Vyskočí chybová hláška.', 73, NULL, 1668),
(8412, 'Klikněte na modul Nastavení v levém menu.', 'Otevře se nabídka Nastaveních.', 73, NULL, 1669),
(8413, 'Klikněte na záložku Všeobecné.', 'Otevře se záložka Všeobecné.', 73, NULL, 1669),
(8414, 'Změníme text kolonky IČ DPH ve Fakturačních údajích znaky s diakritikou a klikněte na tlačítko Uložit.', 'Vyskočí chybová hláška.', 73, NULL, 1669),
(8415, 'Klikněte na modul Nastavení v levém menu.', 'Otevře se nabídka Nastaveních.', 73, NULL, 1670),
(8416, 'Klikněte na záložku Všeobecné.', 'Otevře se záložka Všeobecné.', 73, NULL, 1670),
(8417, 'Změníme text kolonky IČ DPH ve Fakturačních údajích znaky bez diakritiky a klikněte na tlačítko Uložit.', 'Vyskočí chybová hláška.', 73, NULL, 1670),
(8418, 'Klikněte na modul Nastavení v levém menu.', 'Otevře se nabídka Nastaveních.', 73, NULL, 1671),
(8419, 'Klikněte na záložku Všeobecné.', 'Otevře se záložka Všeobecné.', 73, NULL, 1671),
(8420, 'Změníme text kolonky IČ DPH ve Fakturačních údajíche čísly a klikněte na tlačítko Uložit.', 'Změní se IČ DPH ve Fakturačních údajích', 73, NULL, 1671),
(8421, 'Klikněte na modul Nastavení v levém menu.', 'Otevře se nabídka Nastaveních.', 73, NULL, 1672),
(8422, 'Klikněte na záložku Všeobecné.', 'Otevře se záložka Všeobecné.', 73, NULL, 1672),
(8423, 'Změníme text kolonky IČ DPH ve Fakturačních údajích speciálními znaky a klikněte na tlačítko Uložit.', 'Vyskočí chybová hláška.', 73, NULL, 1672),
(8424, 'Klikněte na modul Nastavení v levém menu.', 'Otevře se nabídka Nastaveních.', 73, NULL, 1673),
(8425, 'Klikněte na záložku Všeobecné.', 'Otevře se záložka Všeobecné.', 73, NULL, 1673),
(8426, 'Necháme text kolonky IČ DPH ve Fakturačních údajích prázdný  a klikněte na tlačítko Uložit.', 'Vyskočí chybová hláška.', 73, NULL, 1673),
(8427, 'Klikněte na modul Nastavení v levém menu.', 'Otevře se nabídka Nastaveních.', 73, NULL, 1674),
(8428, 'Klikněte na záložku Všeobecné.', 'Otevře se záložka Všeobecné.', 73, NULL, 1674),
(8429, 'Změníme text kolonky IČ DPH ve Fakturačních údajích znaky mezery/spacebar a klikněte na tlačítko Uložit.', 'Vyskočí chybová hláška.', 73, NULL, 1674),
(8430, 'Klikněte na modul Nastavení v levém menu.', 'Otevře se nabídka Nastaveních.', 73, NULL, 1675),
(8431, 'Klikněte na záložku Specifické a Přidat Roli.', 'Otevře se záložka Specifické a vyskočí okno Přidat novou Roli.', 73, NULL, 1675),
(8432, 'Vyplníme text kolonky název znaky s diakritikou a klikněte na tlačítko Přidat.', 'Vytvoří se role. ', 73, NULL, 1675),
(8433, 'Klikněte na modul Nastavení v levém menu.', 'Otevře se nabídka Nastaveních.', 73, NULL, 1676),
(8434, 'Klikněte na záložku Specifické a Přidat Roli.', 'Otevře se záložka Specifické a vyskočí okno Přidat novou Roli.', 73, NULL, 1676),
(8435, 'Vyplníme text kolonky název znaky bez diakritiky a klikněte na tlačítko Přidat.', 'Vytvoří se role. ', 73, NULL, 1676),
(8436, 'Klikněte na modul Nastavení v levém menu.', 'Otevře se nabídka Nastaveních.', 73, NULL, 1677),
(8437, 'Klikněte na záložku Specifické a Přidat Roli.', 'Otevře se záložka Specifické a vyskočí okno Přidat novou Roli.', 73, NULL, 1677),
(8438, 'Vyplníme text kolonky název čísly a klikněte na tlačítko Přidat.', 'Vytvoří se role. ', 73, NULL, 1677),
(8439, 'Klikněte na modul Nastavení v levém menu.', 'Otevře se nabídka Nastaveních.', 73, NULL, 1678),
(8440, 'Klikněte na záložku Specifické a Přidat Roli.', 'Otevře se záložka Specifické a vyskočí okno Přidat novou Roli.', 73, NULL, 1678),
(8441, 'Vyplníme text kolonky název  speciálními znaky a klikněte na tlačítko Přidat.', 'Vytvoří se role. ', 73, NULL, 1678),
(8442, 'Klikněte na modul Nastavení v levém menu.', 'Otevře se nabídka Nastaveních.', 73, NULL, 1679),
(8443, 'Klikněte na záložku Specifické a Přidat Roli.', 'Otevře se záložka Specifické a vyskočí okno Přidat novou Roli.', 73, NULL, 1679),
(8444, 'Necháme text kolonky názevprázdný a klikněte na tlačítko Přidat.', 'Vyskočí chybová hláška.', 73, NULL, 1679),
(8445, 'Klikněte na modul Nastavení v levém menu.', 'Otevře se nabídka Nastaveních.', 73, NULL, 1680),
(8446, 'Klikněte na záložku Specifické a Přidat Roli.', 'Otevře se záložka Specifické a vyskočí okno Přidat novou Roli.', 73, NULL, 1680),
(8447, 'Vyplníme text kolonky název znakymezery/spacebar a klikněte na tlačítko Přidat.', 'Vyskočí chybová hláška.', 73, NULL, 1680),
(8448, 'Klikněte na modul Nastavení v levém menu.', 'Otevře se nabídka Nastaveních.', 73, NULL, 1681),
(8449, 'Klikněte na záložku Specifické a Přidat Roli.', 'Otevře se záložka Specifické a vyskočí okno Přidat novou Roli.', 73, NULL, 1681),
(8450, 'Zaškrtneme políčko Role pro projektové role.', 'Zajistí vytvoření role do projektových rolí.', 73, NULL, 1681),
(8451, 'Vyplníme text kolonky název znaky s diakritikou a klikněte na tlačítko Přidat.', 'Vytvoří se role. ', 73, NULL, 1681),
(8452, 'Klikněte na modul Nastavení v levém menu.', 'Otevře se nabídka Nastaveních.', 73, NULL, 1682),
(8453, 'Klikněte na záložku Specifické a Přidat Roli.', 'Otevře se záložka Specifické a vyskočí okno Přidat novou Roli.', 73, NULL, 1682),
(8454, 'Zaškrtneme políčko Role pro projektové role.', 'Zajistí vytvoření role do projektových rolí.', 73, NULL, 1682),
(8455, 'Vyplníme text kolonky název znaky bez diakritiky a klikněte na tlačítko Přidat.', 'Vytvoří se role. ', 73, NULL, 1682),
(8456, 'Klikněte na modul Nastavení v levém menu.', 'Otevře se nabídka Nastaveních.', 73, NULL, 1683),
(8457, 'Klikněte na záložku Specifické a Přidat Roli.', 'Otevře se záložka Specifické a vyskočí okno Přidat novou Roli.', 73, NULL, 1683),
(8458, 'Zaškrtneme políčko Role pro projektové role.', 'Zajistí vytvoření role do projektových rolí.', 73, NULL, 1683),
(8459, 'Vyplníme text kolonky název čísly a klikněte na tlačítko Přidat.', 'Vytvoří se role. ', 73, NULL, 1683),
(8460, 'Klikněte na modul Nastavení v levém menu.', 'Otevře se nabídka Nastaveních.', 73, NULL, 1684),
(8461, 'Klikněte na záložku Specifické a Přidat Roli.', 'Otevře se záložka Specifické a vyskočí okno Přidat novou Roli.', 73, NULL, 1684),
(8462, 'Zaškrtneme políčko Role pro projektové role.', 'Zajistí vytvoření role do projektových rolí.', 73, NULL, 1684),
(8463, 'Vyplníme text kolonky název  speciálními znaky a klikněte na tlačítko Přidat.', 'Vytvoří se role. ', 73, NULL, 1684),
(8464, 'Klikněte na modul Nastavení v levém menu.', 'Otevře se nabídka Nastaveních.', 73, NULL, 1685),
(8465, 'Klikněte na záložku Specifické a Přidat Roli.', 'Otevře se záložka Specifické a vyskočí okno Přidat novou Roli.', 73, NULL, 1685),
(8466, 'Zaškrtneme políčko Role pro projektové role.', 'Zajistí vytvoření role do projektových rolí.', 73, NULL, 1685),
(8467, 'Necháme text kolonky názevprázdný a klikněte na tlačítko Přidat.', 'Vyskočí chybová hláška.', 73, NULL, 1685),
(8468, 'Klikněte na modul Nastavení v levém menu.', 'Otevře se nabídka Nastaveních.', 73, NULL, 1686),
(8469, 'Klikněte na záložku Specifické a Přidat Roli.', 'Otevře se záložka Specifické a vyskočí okno Přidat novou Roli.', 73, NULL, 1686),
(8470, 'Zaškrtneme políčko Role pro projektové role.', 'Zajistí vytvoření role do projektových rolí.', 73, NULL, 1686),
(8471, 'Vyplníme text kolonky název znakymezery/spacebar a klikněte na tlačítko Přidat.', 'Vyskočí chybová hláška.', 73, NULL, 1686),
(8472, 'Klikněte na modul Nastavení v levém menu.', 'Otevře se nabídka Nastaveních.', 73, NULL, 1687),
(8473, 'Klikněte na záložku Specifické a Upravit Roli.', 'Otevře se záložka Specifické a vyskočí okno Upravit Roli.', 73, NULL, 1687),
(8474, 'Změníme text kolonky jméno povolenými znaky a klikněte na tlačítko Uložit.', 'Změní se název. ', 73, NULL, 1687),
(8475, 'Klikněte na modul Nastavení v levém menu.', 'Otevře se nabídka Nastaveních.', 73, NULL, 1688),
(8476, 'Klikněte na záložku Specifické a Upravit Roli (projektovou).', 'Otevře se záložka Všeobecné.', 73, NULL, 1688),
(8477, 'Změníme text kolonky jméno povolenými znaky a klikněte na tlačítko Uložit.', 'Změní se název. ', 73, NULL, 1688),
(8478, 'Klikněte na modul Nastavení v levém menu.', 'Otevře se nabídka Nastaveních.', 73, NULL, 1689),
(8479, 'Klikněte na záložku Specifické a Upravit Roli.', 'Otevře se záložka Specifické a vyskočí okno Upravit Roli.', 73, NULL, 1689),
(8480, 'Zaškrtáme práva která chceme použít a klikneme na tlačítko Uložit.', 'Změní se práva dané role. ', 73, NULL, 1689),
(8481, 'Klikněte na modul Nastavení v levém menu.', 'Otevře se nabídka Nastaveních.', 73, NULL, 1690),
(8482, 'Klikněte na záložku Specifické a Upravit Roli.', 'Otevře se záložka Specifické a vyskočí okno Upravit Roli.', 73, NULL, 1690),
(8483, 'Zaškrtáme práva která chceme použít pro danou projektovou roli a klikneme na tlačítko Uožit.', 'Změní se práva dané projektové role. ', 73, NULL, 1690),
(8484, 'Klikněte na modul Nastavení v levém menu.', 'Otevře se nabídka Nastaveních.', 73, NULL, 1691),
(8485, 'Klikněte na záložku Specifické a Upravit Roli.', 'Otevře se záložka Specifické a vyskočí okno Upravit Roli.', 73, NULL, 1691),
(8486, 'Klikneme na tlačítko Informace (I) u role a zobrazí se nám popis.', 'Zobrazený popis. ', 73, NULL, 1691),
(8487, 'Klikněte na modul Nastavení v levém menu.', 'Otevře se nabídka Nastaveních.', 73, NULL, 1692),
(8488, 'Klikněte na záložku Specifické a Smazat Roli.', 'Otevře se záložka Specifické a vyskočí okno Smazat  Roli.', 73, NULL, 1692),
(8489, 'Klikneme na tlačítko Smazat roli.', 'Smaže se nám daná role.. ', 73, NULL, 1692),
(8490, 'Klikněte na modul System.', 'Vyjede nabídka záložek.', 73, NULL, 1693),
(8491, 'Klikněte na záložku Nápověda. ', 'Otevře se záložka Nápověda.', 73, NULL, 1693),
(8492, 'Klikněte na tlačítko Upravit nápovědu.', 'Otevře se záložka Upravit nápovědu.', 73, NULL, 1693),
(8493, 'Přidej/Smaž/Uprav text a klikni na tlačítko Uložit,', 'Změní se nápověda.', 73, NULL, 1693),
(8494, 'Klikněte na modul System.', 'Vyjede nabídka záložek.', 73, NULL, 1694),
(8495, 'Klikněte na záložku Nápověda. ', 'Otevře se záložka Nápověda.', 73, NULL, 1694),
(8496, 'Klikněte na tlačítko Stáhnout nápovědu.', 'Stáhne se PDF soubor, který obsahuje nápovědu.', 73, NULL, 1694),
(8497, 'Klikněte na modul System.', 'Vyjede nabídka záložek.', 73, NULL, 1695),
(8498, 'Klikněte na záložku Informace ', 'Otevře se záložka Informace, která obsahuje informace o systému a firmě.', 73, NULL, 1695),
(8499, 'Klikněte na odkaz Web.', 'Otevře se Web firmy Denevy.', 73, NULL, 1695),
(8500, 'Klikněte na odkaz FacebookPage.', 'Otevře se Facebook firmy Denevy.', 73, NULL, 1695),
(8501, 'Klikněte na odkaz Obchodní registr.', 'Otevře se Obchodní registr firmy Denevy.', 73, NULL, 1695),
(8502, 'Klikni na modul Uživatelé v levém menu.', 'Otevře se nám záložka Uživatelé.', 73, NULL, 1696),
(8503, 'Klikni na tlačítko Přidat Uživatele.', 'Otevře se nám založka Přidat Uživatele.', 73, NULL, 1696),
(8504, 'Vyplň pouze kolonku jméno a klikni na tlačítko Přidat Uživatele.', 'Vyskočí nám chybová hláška, Zadejte e-mail, heslo a kontrolní heslo.', 73, NULL, 1696),
(8505, 'Klikni na modul Uživatelé v levém menu.', 'Otevře se nám záložka Uživatelé.', 73, NULL, 1697),
(8506, 'Klikni na tlačítko Přidat Uživatele.', 'Otevře se nám založka Přidat Uživatele.', 73, NULL, 1697),
(8507, 'Vyplň pouze kolonku příjmení a klikni na tlačítko Přidat Uživatele.', 'Vyskočí nám chybová hláška, Zadejte jméno, e-mail, heslo a kontrolní heslo.', 73, NULL, 1697),
(8508, 'Klikni na modul Uživatelé v levém menu.', 'Otevře se nám záložka Uživatelé.', 73, NULL, 1698),
(8509, 'Klikni na tlačítko Přidat Uživatele.', 'Otevře se nám založka Přidat Uživatele.', 73, NULL, 1698),
(8510, 'Vyplň pouze kolonku Email(platný email) a klikni na tlačítko Přidat Uživatele.', 'Vyskočí nám chybová hláška, Zadejte jméno, heslo a kontrolní heslo.', 73, NULL, 1698),
(8511, 'Klikni na modul Uživatelé v levém menu.', 'Otevře se nám záložka Uživatelé.', 73, NULL, 1699),
(8512, 'Klikni na tlačítko Přidat Uživatele.', 'Otevře se nám založka Přidat Uživatele.', 73, NULL, 1699),
(8513, 'Vyplň pouze kolonkutelefonní číslo a klikni na tlačítko Přidat Uživatele.', 'Vyskočí nám chybová hláška, Zadejte jméno,e-mail, heslo a kontrolní heslo.', 73, NULL, 1699),
(8514, 'Klikni na modul Uživatelé v levém menu.', 'Otevře se nám záložka Uživatelé.', 73, NULL, 1700),
(8515, 'Klikni na tlačítko Přidat Uživatele.', 'Otevře se nám založka Přidat Uživatele.', 73, NULL, 1700),
(8516, 'Vyplň pouze kolonku heslo(min. 8 znaků) a klikni na tlačítko Přidat Uživatele.', 'Vyskočí nám chybová hláška, Zadejte jméno,email a kontrolní heslo.', 73, NULL, 1700),
(8517, 'Klikni na modul Uživatelé v levém menu.', 'Otevře se nám záložka Uživatelé.', 73, NULL, 1701),
(8518, 'Klikni na tlačítko Přidat Uživatele.', 'Otevře se nám založka Přidat Uživatele.', 73, NULL, 1701),
(8519, 'Vyplň pouze kolonku kontrolní heslo a klikni na tlačítko Přidat Uživatele.', 'Vyskočí nám chybová hláška, Zadejte jméno,e-mail, heslo a hesla se musí shodovat.', 73, NULL, 1701),
(8520, 'Klikni na modul Uživatelé v levém menu.', 'Otevře se nám záložka Uživatelé.', 73, NULL, 1702),
(8521, 'Klikni na tlačítko Přidat Uživatele.', 'Otevře se nám založka Přidat Uživatele.', 73, NULL, 1702),
(8522, 'Vyplň povinné kolonky(Jméno,E-mail,Heslo, Kontrolní heslo) platnými udáji (tj. Heslo min. 8 znaků a Email např. email@seznam.cz)pomocí znaků s diakritikou a klikni na tlačítko Přidat Uživatele.', 'Vyskočí nám chybová hláška, Zadejte platný e-mail.', 73, NULL, 1702),
(8523, 'Klikni na modul Uživatelé v levém menu.', 'Otevře se nám záložka Uživatelé.', 73, NULL, 1703),
(8524, 'Klikni na tlačítko Přidat Uživatele.', 'Otevře se nám založka Přidat Uživatele.', 73, NULL, 1703),
(8525, 'Vyplň povinné kolonky(Jméno,E-mail,Heslo, Kontrolní heslo) platnými udáji (tj. Heslo min. 8 znaků a Email např. email@seznam.cz)pomocí znaků bez diakritiky a klikni na tlačítko Přidat Uživatele.', 'Vytvoří se uživatel.', 73, NULL, 1703),
(8526, 'Klikni na modul Uživatelé v levém menu.', 'Otevře se nám záložka Uživatelé.', 73, NULL, 1704),
(8527, 'Klikni na tlačítko Přidat Uživatele.', 'Otevře se nám založka Přidat Uživatele.', 73, NULL, 1704),
(8528, 'Vyplň povinné kolonky(Jméno,E-mail,Heslo, Kontrolní heslo) platnými udáji (tj. Heslo min. 8 znaků a Email např. email@seznam.cz)pomocí čísel a klikni na tlačítko Přidat Uživatele.', 'Vytvoří se uživatel.', 73, NULL, 1704),
(8529, 'Klikni na modul Uživatelé v levém menu.', 'Otevře se nám záložka Uživatelé.', 73, NULL, 1705),
(8530, 'Klikni na tlačítko Přidat Uživatele.', 'Otevře se nám založka Přidat Uživatele.', 73, NULL, 1705),
(8531, 'Vyplň povinné kolonky(Jméno,E-mail,Heslo, Kontrolní heslo) platnými udáji (tj. Heslo min. 8 znaků a Email např. email@seznam.cz)pomocí speciálních znaků a klikni na tlačítko Přidat Uživatele.', 'Vyskočí nám chybová hláška Zadejte platný email.', 73, NULL, 1705),
(8532, 'Klikni na modul Uživatelé v levém menu.', 'Otevře se nám záložka Uživatelé.', 73, NULL, 1706),
(8533, 'Klikni na tlačítko Přidat Uživatele.', 'Otevře se nám založka Přidat Uživatele.', 73, NULL, 1706),
(8534, 'Vyplň povinné kolonky(Jméno,Heslo, Kontrolní heslo) platnými udáji (tj. Heslo min. 8 znaků a Email např. email@seznam.cz)pomocí speciálních znaků a Email pomocí povolených znaků a klikni na tlačítko Přidat Uživatele.', 'Vytvoří se uživatel.', 73, NULL, 1706),
(8535, 'Klikni na modul Uživatelé v levém menu.', 'Otevře se nám záložka Uživatelé.', 73, NULL, 1707),
(8536, 'Klikni na tlačítko Přidat Uživatele.', 'Otevře se nám založka Přidat Uživatele.', 73, NULL, 1707),
(8537, 'Vyplň povinné kolonky(Jméno,Heslo, Kontrolní heslo) platnými udáji (tj. Heslo min. 8 znaků a Email např. email@seznam.cz)pomocí čísel a Email pomocí povolených znaků a klikni na tlačítko Přidat Uživatele.', 'Vytvoří se uživatel.', 73, NULL, 1707),
(8538, 'Klikni na modul Uživatelé v levém menu.', 'Otevře se nám záložka Uživatelé.', 73, NULL, 1708),
(8539, 'Klikni na tlačítko Přidat Uživatele.', 'Otevře se nám založka Přidat Uživatele.', 73, NULL, 1708),
(8540, 'Vyplň povinné kolonky(Jméno,Heslo, Kontrolní heslo) platnými udáji (tj. Heslo min. 8 znaků a Email např. email@seznam.cz)pomocí znaků s diakritikou a Email pomocí povolených znaků a klikni na tlačítko Přidat Uživatele.', 'Vytvoří se uživatel.', 73, NULL, 1708),
(8541, 'Klikni na modul Uživatelé v levém menu.', 'Otevře se nám záložka Uživatelé.', 73, NULL, 1709),
(8542, 'Klikni na tlačítko Přidat Uživatele.', 'Otevře se nám založka Přidat Uživatele.', 73, NULL, 1709),
(8543, 'Vyplň povinné kolonky(Jméno,Email, Heslo, Kontrolní heslo) platnými udáji a znaky(tj. Heslo min. 8 znaků a Email např. email@seznam.cz),  kolonku Příjmení pomocí znaků s diakritikou a klikni na tlačítko Přidat Uživatele.', 'Vytvoří se uživatel.', 73, NULL, 1709),
(8544, 'Klikni na modul Uživatelé v levém menu.', 'Otevře se nám záložka Uživatelé.', 73, NULL, 1710),
(8545, 'Klikni na tlačítko Přidat Uživatele.', 'Otevře se nám založka Přidat Uživatele.', 73, NULL, 1710),
(8546, 'Vyplň povinné kolonky(Jméno,Email, Heslo, Kontrolní heslo) platnými udáji a znaky(tj. Heslo min. 8 znaků a Email např. email@seznam.cz),  kolonku Příjmení pomocí znaků bez diakritiky a klikni na tlačítko Přidat Uživatele.', 'Vytvoří se uživatel.', 73, NULL, 1710),
(8547, 'Klikni na modul Uživatelé v levém menu.', 'Otevře se nám záložka Uživatelé.', 73, NULL, 1711),
(8548, 'Klikni na tlačítko Přidat Uživatele.', 'Otevře se nám založka Přidat Uživatele.', 73, NULL, 1711),
(8549, 'Vyplň povinné kolonky(Jméno,Email, Heslo, Kontrolní heslo) platnými udáji a znaky(tj. Heslo min. 8 znaků a Email např. email@seznam.cz),  kolonku Příjmení pomocí čísel a klikni na tlačítko Přidat Uživatele.', 'Vytvoří se uživatel.', 73, NULL, 1711),
(8550, 'Klikni na modul Uživatelé v levém menu.', 'Otevře se nám záložka Uživatelé.', 73, NULL, 1712),
(8551, 'Klikni na tlačítko Přidat Uživatele.', 'Otevře se nám založka Přidat Uživatele.', 73, NULL, 1712),
(8552, 'Vyplň povinné kolonky(Jméno,Email, Heslo, Kontrolní heslo) platnými udáji a znaky(tj. Heslo min. 8 znaků a Email např. email@seznam.cz),  kolonku Příjmení pomocí speciálních znaků a klikni na tlačítko Přidat Uživatele.', 'Vytvoří se uživatel.', 73, NULL, 1712),
(8553, 'Klikni na modul Uživatelé v levém menu.', 'Otevře se nám záložka Uživatelé.', 73, NULL, 1713),
(8554, 'Klikni na tlačítko Přidat Uživatele.', 'Otevře se nám založka Přidat Uživatele.', 73, NULL, 1713),
(8555, 'Vyplň povinné kolonky(Jméno,Email, Heslo, Kontrolní heslo) platnými udáji a znaky(tj. Heslo min. 8 znaků a Email např. email@seznam.cz),  kolonku Příjmení nech prázdnou a klikni na tlačítko Přidat Uživatele.', 'Vytvoří se uživatel.', 73, NULL, 1713),
(8556, 'Klikni na modul Uživatelé v levém menu.', 'Otevře se nám záložka Uživatelé.', 73, NULL, 1714),
(8557, 'Klikni na tlačítko Přidat Uživatele.', 'Otevře se nám založka Přidat Uživatele.', 73, NULL, 1714),
(8558, 'Vyplň povinné kolonky(Jméno,Email, Heslo, Kontrolní heslo) platnými udáji a znaky(tj. Heslo min. 8 znaků a Email např. email@seznam.cz),  kolonku Tel. Číslo  pomocí znaků s dikritikou a klikni na tlačítko Přidat Uživatele.', 'Vyskočí chybová hláška Zadejte platné tel číslo.', 73, NULL, 1714),
(8559, 'Klikni na modul Uživatelé v levém menu.', 'Otevře se nám záložka Uživatelé.', 73, NULL, 1715),
(8560, 'Klikni na tlačítko Přidat Uživatele.', 'Otevře se nám založka Přidat Uživatele.', 73, NULL, 1715),
(8561, 'Vyplň povinné kolonky(Jméno,Email, Heslo, Kontrolní heslo) platnými udáji a znaky(tj. Heslo min. 8 znaků a Email např. email@seznam.cz),  kolonku Tel. Číslo  pomocí znaků bez dikritiky a klikni na tlačítko Přidat Uživatele.', 'Vyskočí chybová hláška Zadejte platné tel číslo.', 73, NULL, 1715),
(8562, 'Klikni na modul Uživatelé v levém menu.', 'Otevře se nám záložka Uživatelé.', 73, NULL, 1716),
(8563, 'Klikni na tlačítko Přidat Uživatele.', 'Otevře se nám založka Přidat Uživatele.', 73, NULL, 1716),
(8564, 'Vyplň povinné kolonky(Jméno,Email, Heslo, Kontrolní heslo) platnými udáji a znaky(tj. Heslo min. 8 znaků a Email např. email@seznam.cz),  kolonku Tel. Číslo  pomocí čísel a klikni na tlačítko Přidat Uživatele.', 'Vytvoří se uživatel.', 73, NULL, 1716),
(8565, 'Klikni na modul Uživatelé v levém menu.', 'Otevře se nám záložka Uživatelé.', 73, NULL, 1717),
(8566, 'Klikni na tlačítko Přidat Uživatele.', 'Otevře se nám založka Přidat Uživatele.', 73, NULL, 1717),
(8567, 'Vyplň povinné kolonky(Jméno,Email, Heslo, Kontrolní heslo) platnými udáji a znaky(tj. Heslo min. 8 znaků a Email např. email@seznam.cz),  kolonku Tel. Číslo  pomocí speciálních znaků a klikni na tlačítko Přidat Uživatele.', 'Vyskočí chybová hláška Zadejte platné tel číslo.', 73, NULL, 1717),
(8568, 'Klikni na modul Uživatelé v levém menu.', 'Otevře se nám záložka Uživatelé.', 73, NULL, 1718),
(8569, 'Klikni na tlačítko Přidat Uživatele.', 'Otevře se nám založka Přidat Uživatele.', 73, NULL, 1718),
(8570, 'Vyplň povinné kolonky(Jméno,Email, Heslo, Kontrolní heslo) platnými udáji a znaky(tj. Heslo min. 8 znaků a Email např. email@seznam.cz),  kolonku Tel. Číslo  nech prázdnou a klikni na tlačítko Přidat Uživatele.', 'Vytvoří se uživatel.', 73, NULL, 1718),
(8571, 'Klikni na modul Uživatelé v levém menu.', 'Otevře se nám záložka Uživatelé.', 73, NULL, 1719),
(8572, 'Klikni na tlačítko Přidat Uživatele.', 'Otevře se nám založka Přidat Uživatele.', 73, NULL, 1719),
(8573, 'Vyplň povinné kolonky(Jméno,Email, Heslo, Kontrolní heslo) platnými udáji a znaky(tj. Heslo min. 8 znaků a Email např. email@seznam.cz),  kolonku Tel. Číslo  pomocí čísel a klikni na tlačítko Přidat Uživatele.', 'Vytvoří se uživatel.', 73, NULL, 1719),
(8574, 'Klikni na tlačítko Přidat Uživatele.', 'Otevře se nám založka Přidat Uživatele.', 73, NULL, 1719),
(8575, 'Vyplň povinné kolonky(Jméno,Email, Heslo, Kontrolní heslo) platnými udáji a znaky(tj. Heslo min. 8 znaků a Email např. email@seznam.cz),  kolonku Tel. Číslo  již existujícím(použitým) Tel.číslem a klikni na tlačítko Přidat Uživatele.', 'Vyskočí chybová hláška Dané číslo již existuje.', 73, NULL, 1719),
(8576, 'Klikni na modul Uživatelé v levém menu.', 'Otevře se nám záložka Uživatelé.', 73, NULL, 1720),
(8577, 'Klikni na tlačítko Přidat Uživatele.', 'Otevře se nám založka Přidat Uživatele.', 73, NULL, 1720),
(8578, 'Vyplň povinné kolonky(Jméno,Email, Heslo, Kontrolní heslo) platnými udáji a znaky(tj. Heslo min. 8 znaků a Email např. email@seznam.cz)  a klikni na tlačítko Přidat Uživatele.', 'Vytvoří se uživatel.', 73, NULL, 1720),
(8579, 'Klikni na tlačítko Přidat Uživatele.', 'Otevře se nám založka Přidat Uživatele.', 73, NULL, 1720),
(8580, 'Vyplň povinné kolonky(Jméno,Email, Heslo, Kontrolní heslo) platnými udáji a znaky(tj. Heslo min. 8 znaků a Email např. email@seznam.cz),  kolonku email vyplň  již existujícím(použitým) emailem a klikni na tlačítko Přidat Uživatele.', 'Vyskočí chybová hláška Dané číslo již existuje.', 73, NULL, 1720),
(8581, 'Klikni na modul Uživatelé v levém menu.', 'Otevře se nám záložka Uživatelé.', 73, NULL, 1721),
(8582, 'Klikni na tlačítko Přidat Uživatele.', 'Otevře se nám založka Přidat Uživatele.', 73, NULL, 1721),
(8583, 'Vyplň povinné kolonky(Jméno,Email, Heslo, Kontrolní heslo) platnými udáji a znaky(tj. Heslo min. 8 znaků a Email např. email@seznam.cz), zaškrtni kolonku SuperAdmin  a klikni na tlačítko Přidat Uživatele.', 'Vytvoří se uživatel s právy SuperAdmina.', 73, NULL, 1721),
(8584, 'Klikni na tlačítko Editovat Uživatele.', 'Otevře se nám založka Upravit Uživatele.', 73, NULL, 1721),
(8585, 'Zkontroluj zda-li má Uživatel zaškrnutou kolonku SuperAdmin.', 'SuperAdmin.', 73, NULL, 1721),
(8586, 'Klikni na modul Uživatelé v levém menu.', 'Otevře se nám záložka Uživatelé.', 73, NULL, 1722),
(8587, 'Klikni na tlačítko Přidat Uživatele.', 'Otevře se nám založka Přidat Uživatele.', 73, NULL, 1722),
(8588, 'Vyplň povinné kolonky(Jméno,Email, Heslo, Kontrolní heslo) platnými udáji a znaky(tj. Heslo min. 8 znaků a Email např. email@seznam.cz), zaškrtni kolonku Web Administrator  a klikni na tlačítko Přidat Uživatele.', 'Vytvoří se uživatel s portálovou rolí Web Administrátora.', 73, NULL, 1722),
(8589, 'Klikni na tlačítko Editovat Uživatele.', 'Otevře se nám založka Upravit Uživatele.', 73, NULL, 1722),
(8590, 'Zkontroluj zda-li má Uživatel zaškrnutou kolonku Web Administrator.', 'Web administrator', 73, NULL, 1722),
(8591, 'Klikni na modul Uživatelé v levém menu.', 'Otevře se nám záložka Uživatelé.', 73, NULL, 1723),
(8592, 'Klikni na tlačítko Přidat Uživatele.', 'Otevře se nám založka Přidat Uživatele.', 73, NULL, 1723),
(8593, 'Vyplň povinné kolonky(Jméno,Email, Heslo, Kontrolní heslo) platnými udáji a znaky(tj. Heslo min. 8 znaků a Email např. email@seznam.cz), zaškrtni kolonku Menu práva  a klikni na tlačítko Přidat Uživatele.', 'Vytvoří se uživatel s portálovou rolí Menu práva.', 73, NULL, 1723),
(8594, 'Klikni na tlačítko Editovat Uživatele.', 'Otevře se nám založka Upravit Uživatele.', 73, NULL, 1723),
(8595, 'Zkontroluj zda-li má Uživatel zaškrnutou kolonku Menu práva.', 'Menu práva', 73, NULL, 1723),
(8596, 'Klikni na modul Uživatelé v levém menu.', 'Otevře se nám záložka Uživatelé.', 73, NULL, 1724),
(8597, 'Klikni na tlačítko Přihlásit se v tabulce u akce s Uživateli.', 'Přihlásíme se na jiného uživatele. A otevře se nám Homepage. A přidá tlačítko Zpět na uživatele. ', 73, NULL, 1724),
(8598, 'Klikni na modul Uživatelé v levém menu.', 'Otevře se nám záložka Uživatelé.', 73, NULL, 1725),
(8599, 'Klikni na tlačítko Přihlásit se v tabulce u akce s Uživateli.', 'Přihlásíme se na jiného uživatele. A otevře se nám Homepage. A přidá tlačítko Zpět na uživatele. ', 73, NULL, 1725),
(8600, 'Klikni na tlačítko Zpět v levém dorním rohu.', 'Přihlásíme se zpátky na výchozího Uživatele a Otevře se nám Homepage.', 73, NULL, 1725),
(8601, 'Klikni na modul Uživatelé v levém menu.', 'Otevře se nám záložka Uživatelé.', 73, NULL, 1726),
(8602, 'Klikni na tlačítko Upravit Uživatele.', 'Otevře se nám založka Upravit Uživatele.', 73, NULL, 1726),
(8603, 'Změn kolonku jméno povolenými znaky a klikni na tlačítko Uložit.', 'Změní se jméno uživatele.', 73, NULL, 1726),
(8604, 'Klikni na modul Uživatelé v levém menu.', 'Otevře se nám záložka Uživatelé.', 73, NULL, 1727),
(8605, 'Klikni na tlačítko Upravit Uživatele.', 'Otevře se nám založka Upravit Uživatele.', 73, NULL, 1727),
(8606, 'Změn kolonku příjmení povolenými znaky a klikni na tlačítko Uložit.', 'Změní se příjmení uživatele.', 73, NULL, 1727),
(8607, 'Klikni na modul Uživatelé v levém menu.', 'Otevře se nám záložka Uživatelé.', 73, NULL, 1728),
(8608, 'Klikni na tlačítko Upravit Uživatele.', 'Otevře se nám založka Upravit Uživatele.', 73, NULL, 1728),
(8609, 'Změn kolonku email povolenými znaky a klikni na tlačítko Uložit.', 'Změní se email uživatele.', 73, NULL, 1728),
(8610, 'Klikni na modul Uživatelé v levém menu.', 'Otevře se nám záložka Uživatelé.', 73, NULL, 1729),
(8611, 'Klikni na tlačítko Upravit Uživatele.', 'Otevře se nám založka Upravit Uživatele.', 73, NULL, 1729),
(8612, 'Změn kolonku Tel.číslo povolenými znaky(čísla) a klikni na tlačítko Uložit.', 'Změní se Tel.číslo uživatele.', 73, NULL, 1729),
(8613, 'Klikni na modul Uživatelé v levém menu.', 'Otevře se nám záložka Uživatelé.', 73, NULL, 1730),
(8614, 'Klikni na tlačítko Upravit Uživatele.', 'Otevře se nám založka Upravit Uživatele.', 73, NULL, 1730),
(8615, 'Změn kolonku heslo a kontrolní heslo povolenými znaky a klikni na tlačítko Uložit.', 'Změní se heslo uživatele.', 73, NULL, 1730),
(8616, 'Klikni na modul Uživatelé v levém menu.', 'Otevře se nám záložka Uživatelé.', 73, NULL, 1731),
(8617, 'Klikni na tlačítko Upravit Uživatele.', 'Otevře se nám založka Upravit Uživatele.', 73, NULL, 1731),
(8618, 'Změn kolonku SuperAdmin za/odškrnutím a klikni na tlačítko Uložit.', 'Změní se práva SuperAdmina uživatele.', 73, NULL, 1731),
(8619, 'Klikni na modul Uživatelé v levém menu.', 'Otevře se nám záložka Uživatelé.', 73, NULL, 1732),
(8620, 'Klikni na tlačítko Upravit Uživatele.', 'Otevře se nám založka Upravit Uživatele.', 73, NULL, 1732),
(8621, 'Změn kolonku Web administrátor za/odškrnutím a klikni na tlačítko Uložit.', 'Změní se role Web administrátora uživatele.', 73, NULL, 1732),
(8622, 'Klikni na modul Uživatelé v levém menu.', 'Otevře se nám záložka Uživatelé.', 73, NULL, 1733),
(8623, 'Klikni na tlačítko Upravit Uživatele.', 'Otevře se nám založka Upravit Uživatele.', 73, NULL, 1733),
(8624, 'Změn kolonku Menu práva za/odškrnutím a klikni na tlačítko Uložit.', 'Změní se role Menu práv uživatele.', 73, NULL, 1733),
(8625, 'Klikni na modul Uživatelé v levém menu.', 'Otevře se nám záložka Uživatelé.', 73, NULL, 1734),
(8626, 'Klikni na tlačítko Archivovat Uživatele.', 'Archivuje se uživatel.', 73, NULL, 1734),
(8627, 'Klikni na modul Uživatelé v levém menu.', 'Otevře se nám záložka Uživatelé.', 73, NULL, 1735),
(8628, 'Klikni na tlačítko Od/Archivovat Uživatele.', 'Odarchivuje se uživatel.', 73, NULL, 1735),
(8629, 'Klikni na modul Uživatelé v levém menu.', 'Otevře se nám záložka Uživatelé.', 73, NULL, 1736),
(8630, 'Klikni na tlačítko Smazat Uživatele.', 'Vyskočí nám okno Smazat Uživatele.', 73, NULL, 1736),
(8631, 'Klikni na tlačítko Smazat Uživatele v oknu.', 'Smaže se uživatel.', 73, NULL, 1736),
(8632, 'Klikni na modul Uživatelé v levém menu.', 'Otevře se nám záložka Uživatelé.', 73, NULL, 1737),
(8633, 'Klikni na tlačítko Nastavení zobrazení a vyber kolonky, které chceš/nechceš vidět v tabulce.', 'Zmenšená tabulka(odstraněné sloupce) podle Zobrazení.', 73, NULL, 1737),
(8634, 'Klikni na tlačítko Zobrazit všechny sloupce.', 'Zobrazí se nám kompletní tabulka se všemi sloupci.', 73, NULL, 1737),
(8635, 'Klikni na modul Uživatelé v levém menu.', 'Otevře se nám záložka Uživatelé.', 73, NULL, 1738),
(8636, 'V pravo dole klikni na počet zobrazených Uživatelů na stránku.', 'Vyskočí možnosti pro počet zobrazení.', 73, NULL, 1738),
(8637, 'Zvol počet zobrazených Uživatelů na stránku', 'Zvětšená/Zmenšená tabulka podle počtu  zobrazených Uživatelů na stránku.', 73, NULL, 1738),
(8638, 'Otevři projekt a klikni na záložku Issues', 'Otevře se nám záložka Issue', 73, NULL, 1739),
(8639, 'Klikni na tlačítko Založit Issue', 'Vyskočí nám okno Založit Issue', 73, NULL, 1739),
(8640, 'Zvol Projekt, Test Plan,Test Sprint, Test Set, Test Case, Test Step pro založení Issue.', 'Vyplněné kolonky pro konkrétní Issue', 73, NULL, 1739),
(8641, 'Vyplň kolonku Nadpis použitím znaků s diakritikou a klikni na tlačítko Založit Issue.', 'Vytvoří se Issue.', 73, NULL, 1739),
(8642, 'Otevři projekt a klikni na záložku Issues', 'Otevře se nám záložka Issue', 73, NULL, 1740),
(8643, 'Klikni na tlačítko Založit Issue', 'Vyskočí nám okno Založit Issue', 73, NULL, 1740),
(8644, 'Zvol Projekt, Test Plan,Test Sprint, Test Set, Test Case, Test Step pro založení Issue.', 'Vyplněné kolonky pro konkrétní Issue', 73, NULL, 1740),
(8645, 'Vyplň kolonku Nadpis použitím znaků bez diakritiky a klikni na tlačítko Založit Issue.', 'Vytvoří se Issue.', 73, NULL, 1740),
(8646, 'Otevři projekt a klikni na záložku Issues', 'Otevře se nám záložka Issue', 73, NULL, 1741),
(8647, 'Klikni na tlačítko Založit Issue', 'Vyskočí nám okno Založit Issue', 73, NULL, 1741),
(8648, 'Zvol Projekt, Test Plan,Test Sprint, Test Set, Test Case, Test Step pro založení Issue.', 'Vyplněné kolonky pro konkrétní Issue', 73, NULL, 1741),
(8649, 'Vyplň kolonku Nadpis použitím čísel a klikni na tlačítko Založit Issue.', 'Vytvoří se Issue.', 73, NULL, 1741),
(8650, 'Otevři projekt a klikni na záložku Issues', 'Otevře se nám záložka Issue', 73, NULL, 1742),
(8651, 'Klikni na tlačítko Založit Issue', 'Vyskočí nám okno Založit Issue', 73, NULL, 1742),
(8652, 'Zvol Projekt, Test Plan,Test Sprint, Test Set, Test Case, Test Step pro založení Issue.', 'Vyplněné kolonky pro konkrétní Issue', 73, NULL, 1742),
(8653, 'Vyplň kolonku Nadpis použitím speciálních znaků a klikni na tlačítko Založit Issue.', 'Vytvoří se Issue.', 73, NULL, 1742),
(8654, 'Otevři projekt a klikni na záložku Issues', 'Otevře se nám záložka Issue', 73, NULL, 1743),
(8655, 'Klikni na tlačítko Založit Issue', 'Vyskočí nám okno Založit Issue', 73, NULL, 1743),
(8656, 'Zvol Projekt, Test Plan,Test Sprint, Test Set, Test Case, Test Step pro založení Issue.', 'Vyplněné kolonky pro konkrétní Issue', 73, NULL, 1743),
(8657, 'Nech kolonku Nadpis prázdnou a klikni na tlačítko Založit Issue.', 'Nevytvoří se Issue a vyskočí chybová hláška.', 73, NULL, 1743),
(8658, 'Otevři projekt a klikni na záložku Issues', 'Otevře se nám záložka Issue', 73, NULL, 1744),
(8659, 'Klikni na tlačítko Založit Issue', 'Vyskočí nám okno Založit Issue', 73, NULL, 1744),
(8660, 'Zvol Projekt, Test Plan,Test Sprint, Test Set, Test Case, Test Step pro založení Issue.', 'Vyplněné kolonky pro konkrétní Issue', 73, NULL, 1744),
(8661, 'Vyplň kolonku Nadpis mezerami/spacebar  a klikni na tlačítko Založit Issue.', 'Nevytvoří se Issue a vyskočí chybová hláška.', 73, NULL, 1744),
(8662, 'Otevři projekt a klikni na záložku Issues', 'Otevře se nám záložka Issue', 73, NULL, 1745),
(8663, 'Klikni na tlačítko Založit Issue', 'Vyskočí nám okno Založit Issue', 73, NULL, 1745),
(8664, 'Zvol Projekt, Test Plan,Test Sprint, Test Set, Test Case, Test Step pro založení Issue.', 'Vyplněné kolonky pro konkrétní Issue', 73, NULL, 1745),
(8665, 'Vyplň kolonku Nadpis  a klikni na tlačítko Založit Issue.', 'Vytvoří se Issue.', 73, NULL, 1745),
(8666, 'Znovu klikni na tlačítko Založit Issue', 'Vyskočí nám okno Založit Issue', 73, NULL, 1745),
(8667, 'Vyplň kolonku Nadpis stejným Nadpisem jako tu předchozí a klikni na tlačítko Založit Issue.', 'Vytvoří se Issue.', 73, NULL, 1745),
(8668, 'Otevři projekt a klikni na záložku Issues', 'Otevře se nám záložka Issue', 73, NULL, 1746),
(8669, 'Klikni na tlačítko Založit Issue', 'Vyskočí nám okno Založit Issue', 73, NULL, 1746),
(8670, 'Zvol Projekt, Test Plan,Test Sprint, Test Set, Test Case, Test Step pro založení Issue.', 'Vyplněné kolonky pro konkrétní Issue', 73, NULL, 1746),
(8671, 'Vyplň kolonku Nadpis povolenými znaky a kolonku Popis znaky s diakritikou a klikni na tlačítko Založit Issue.', 'Vytvoří se Issue.', 73, NULL, 1746),
(8672, 'Otevři projekt a klikni na záložku Issues', 'Otevře se nám záložka Issue', 73, NULL, 1747),
(8673, 'Klikni na tlačítko Založit Issue', 'Vyskočí nám okno Založit Issue', 73, NULL, 1747),
(8674, 'Zvol Projekt, Test Plan,Test Sprint, Test Set, Test Case, Test Step pro založení Issue.', 'Vyplněné kolonky pro konkrétní Issue', 73, NULL, 1747),
(8675, 'Vyplň kolonku Nadpis povolenými znaky a kolonku Popis znaky bez diakritiky a klikni na tlačítko Založit Issue.', 'Vytvoří se Issue.', 73, NULL, 1747),
(8676, 'Otevři projekt a klikni na záložku Issues', 'Otevře se nám záložka Issue', 73, NULL, 1748),
(8677, 'Klikni na tlačítko Založit Issue', 'Vyskočí nám okno Založit Issue', 73, NULL, 1748),
(8678, 'Zvol Projekt, Test Plan,Test Sprint, Test Set, Test Case, Test Step pro založení Issue.', 'Vyplněné kolonky pro konkrétní Issue', 73, NULL, 1748),
(8679, 'Vyplň kolonku Nadpis povolenými znaky a kolonku Popis čísly a klikni na tlačítko Založit Issue.', 'Vytvoří se Issue.', 73, NULL, 1748),
(8680, 'Otevři projekt a klikni na záložku Issues', 'Otevře se nám záložka Issue', 73, NULL, 1749),
(8681, 'Klikni na tlačítko Založit Issue', 'Vyskočí nám okno Založit Issue', 73, NULL, 1749),
(8682, 'Zvol Projekt, Test Plan,Test Sprint, Test Set, Test Case, Test Step pro založení Issue.', 'Vyplněné kolonky pro konkrétní Issue', 73, NULL, 1749),
(8683, 'Vyplň kolonku Nadpis povolenými znaky a kolonku Popis speciálními znaky a klikni na tlačítko Založit Issue.', 'Vytvoří se Issue.', 73, NULL, 1749),
(8684, 'Otevři projekt a klikni na záložku Issues', 'Otevře se nám záložka Issue', 73, NULL, 1750),
(8685, 'Klikni na tlačítko Založit Issue', 'Vyskočí nám okno Založit Issue', 73, NULL, 1750),
(8686, 'Zvol Projekt, Test Plan,Test Sprint, Test Set, Test Case, Test Step pro založení Issue.', 'Vyplněné kolonky pro konkrétní Issue', 73, NULL, 1750),
(8687, 'Vyplň kolonku Nadpis povolenými znaky a kolonku Popis nech prázdnou a klikni na tlačítko Založit Issue.', 'Vytvoří se Issue.', 73, NULL, 1750),
(8688, 'Otevři projekt a klikni na záložku Issues', 'Otevře se nám záložka Issue', 73, NULL, 1751),
(8689, 'Klikni na tlačítko Založit Issue', 'Vyskočí nám okno Založit Issue', 73, NULL, 1751),
(8690, 'Zvol Projekt, Test Plan,Test Sprint, Test Set, Test Case, Test Step pro založení Issue.', 'Vyplněné kolonky pro konkrétní Issue', 73, NULL, 1751),
(8691, 'Vyplň kolonku Nadpis povolenými znaky a kolonku Popis vyplň mezerami/spacebar a klikni na tlačítko Založit Issue.', 'Vytvoří se Issue.', 73, NULL, 1751),
(8692, 'Otevři projekt a klikni na záložku Issues', 'Otevře se nám záložka Issue', 73, NULL, 1752),
(8693, 'Klikni na tlačítko Založit Issue', 'Vyskočí nám okno Založit Issue', 73, NULL, 1752),
(8694, 'Zvol Projekt, Test Plan,Test Sprint, Test Set, Test Case, Test Step pro založení Issue.', 'Vyplněné kolonky pro konkrétní Issue', 73, NULL, 1752),
(8695, 'Vyplň kolonky Nadpis  a Popis povolenými znaky  klikni na tlačítko Založit Issue.', 'Vytvoří se Issue.', 73, NULL, 1752),
(8696, 'Znovu klikni na tlačítko Založit Issue', 'Vyskočí nám okno Založit Issue', 73, NULL, 1752),
(8697, 'Vyplň kolonku Nadpis a Popis vyplň stejným Popisem jako u předchozí Issue a klikni na tlačítko Založit Issue.', 'Vytvoří se Issue.', 73, NULL, 1752),
(8698, 'Otevři projekt a klikni na záložku Issues', 'Otevře se nám záložka Issue', 73, NULL, 1753),
(8699, 'Klikni na tlačítko Založit Issue', 'Vyskočí nám okno Založit Issue', 73, NULL, 1753),
(8700, 'Zvol Projekt, Test Plan,Test Sprint, Test Set, Test Case, Test Step pro založení Issue.', 'Vyplněné kolonky pro konkrétní Issue', 73, NULL, 1753),
(8701, 'Vyplň kolonku Nadpis a Popis povolenými znaky.', 'Vyplněné kolonky pro konkrétní Issue.', 73, NULL, 1753),
(8702, 'Klikni na tlačítko Zvolit soubory', 'Vyskočí okno pro zvolení souboru.', 73, NULL, 1753),
(8703, 'Vyber soubor, který má velikost paměti menší než 2MB. A přilož soubor.', 'Přiložení souboru k Issue', 73, NULL, 1753),
(8704, 'Klikni na tlačítko Založit Issue.', 'Vytvoří se Issue s přílohou.', 73, NULL, 1753),
(8705, 'Otevři projekt a klikni na záložku Issues', 'Otevře se nám záložka Issue', 73, NULL, 1754),
(8706, 'Klikni na tlačítko Založit Issue', 'Vyskočí nám okno Založit Issue', 73, NULL, 1754),
(8707, 'Zvol Projekt, Test Plan,Test Sprint, Test Set, Test Case, Test Step pro založení Issue.', 'Vyplněné kolonky pro konkrétní Issue', 73, NULL, 1754),
(8708, 'Vyplň kolonku Nadpis a Popis povolenými znaky.', 'Vyplněné kolonky pro konkrétní Issue.', 73, NULL, 1754),
(8709, 'Klikni na tlačítko Zvolit soubory', 'Vyskočí okno pro zvolení souboru.', 73, NULL, 1754),
(8710, 'Vyber soubor, který má velikost paměti větší než 2MB. A přilož soubor.', 'Přiložení souboru k Issue', 73, NULL, 1754),
(8711, 'Klikni na tlačítko Založit Issue.', 'Nevytvoří se Issue a vyskočí chybová hláška.', 73, NULL, 1754),
(8712, 'Otevři projekt a klikni na záložku Issues', 'Otevře se nám záložka Issue', 73, NULL, 1755),
(8713, 'Klikni na tlačítko Založit Issue', 'Vyskočí nám okno Založit Issue', 73, NULL, 1755),
(8714, 'Zvol Projekt, Test Plan,Test Sprint, Test Set, Test Case, Test Step pro založení Issue.', 'Vyplněné kolonky pro konkrétní Issue', 73, NULL, 1755),
(8715, 'Vyplň kolonku Nadpis a Popis povolenými znaky.', 'Vyplněné kolonky pro konkrétní Issue.', 73, NULL, 1755),
(8716, 'Klikni na tlačítko Zvolit soubory', 'Vyskočí okno pro zvolení souboru.', 73, NULL, 1755),
(8717, 'Vyber soubor, který má velikost paměti menší než 2MB. A přilož soubor.', 'Přiložení souboru k Issue', 73, NULL, 1755),
(8718, 'Klikni na zelené tlačítko +, poté na Zvolit soubory.(Lze opakovat několikrát.)', 'Vyskočí okno pro zvolení souboru.', 73, NULL, 1755),
(8719, 'Vyber další soubor, který má velikost paměti menší než 2MB. A přilož soubor.', 'Přiložení souboru k Issue', 73, NULL, 1755),
(8720, 'Klikni na tlačítko Založit Issue.', 'Vytvoří se Issue s přílohami.', 73, NULL, 1755),
(8721, 'Otevři projekt a klikni na záložku Issues', 'Otevře se nám záložka Issue', 73, NULL, 1756),
(8722, 'Klikni na tlačítko Založit Issue', 'Vyskočí nám okno Založit Issue', 73, NULL, 1756),
(8723, 'Zvol Projekt, Test Plan,Test Sprint, Test Set, Test Case, Test Step pro založení Issue.', 'Vyplněné kolonky pro konkrétní Issue', 73, NULL, 1756),
(8724, 'Vyplň kolonku Nadpis a Popis povolenými znaky.', 'Vyplněné kolonky pro konkrétní Issue.', 73, NULL, 1756),
(8725, 'Klikni na tlačítko Zvolit soubory', 'Vyskočí okno pro zvolení souboru.', 73, NULL, 1756),
(8726, 'Vyber soubor, který má velikost paměti menší než 2MB. A přilož soubor.', 'Přiložení souboru k Issue', 73, NULL, 1756),
(8727, 'Klikni na zelené tlačítko +, poté na Zvolit soubory.(Lze opakovat několikrát.)', 'Vyskočí okno pro zvolení souboru.', 73, NULL, 1756),
(8728, 'Vyber další soubor, který má velikost paměti větší než 2MB. A přilož soubor.', 'Přiložení souboru k Issue', 73, NULL, 1756),
(8729, 'Klikni na tlačítko Založit Issue.', 'Nevytvoří se Issue a vyskočí chybová hláška: Jeden ze souborů má více než 2MB', 73, NULL, 1756),
(8730, 'Otevři projekt a klikni na záložku Issues', 'Otevře se nám záložka Issue', 73, NULL, 1757),
(8731, 'Klikni na tlačítko Založit Issue', 'Vyskočí nám okno Založit Issue', 73, NULL, 1757),
(8732, 'Zvol Projekt, Test Plan,Test Sprint, Test Set, Test Case, Test Step pro založení Issue.', 'Vyplněné kolonky pro konkrétní Issue', 73, NULL, 1757),
(8733, 'Vyplň kolonku Nadpis a Popis povolenými znaky.', 'Vyplněné kolonky pro konkrétní Issue.', 73, NULL, 1757),
(8734, 'Klikni na kolonku Řešitel', 'Vyjede okno s možnýma Řešitelema.(Pokud jsou pro daný projekt zvolení.)', 73, NULL, 1757),
(8735, 'Klikni na tlačítko Založit Issue.', 'Vytvoří se Issue.', 73, NULL, 1757),
(8736, 'Otevři projekt a klikni na záložku Issues', 'Otevře se nám záložka Issue', 73, NULL, 1758),
(8737, 'Klikni na tlačítko Založit Issue', 'Vyskočí nám okno Založit Issue', 73, NULL, 1758),
(8738, 'Zvol Projekt, Test Plan,Test Sprint, Test Set, Test Case, Test Step pro založení Issue.', 'Vyplněné kolonky pro konkrétní Issue', 73, NULL, 1758),
(8739, 'Vyplň kolonku Nadpis a Popis povolenými znaky.', 'Vyplněné kolonky pro konkrétní Issue.', 73, NULL, 1758),
(8740, 'Klikni na kolonku Priority', 'Vyjede okno s možnýma Prioritama', 73, NULL, 1758),
(8741, 'Zvol prioritu a klikni na tlačítko Založit Issue.', 'Vytvoří se Issue.', 73, NULL, 1758),
(8742, 'Otevři projekt a klikni na záložku Issues', 'Otevře se nám záložka Issue', 73, NULL, 1759),
(8743, 'Klikni na tlačítko Založit Issue', 'Vyskočí nám okno Založit Issue', 73, NULL, 1759),
(8744, 'Zvol Projekt, Test Plan,Test Sprint, Test Set, Test Case, Test Step pro založení Issue.', 'Vyplněné kolonky pro konkrétní Issue', 73, NULL, 1759),
(8745, 'Vyplň kolonku Nadpis a Popis povolenými znaky.', 'Vyplněné kolonky pro konkrétní Issue.', 73, NULL, 1759),
(8746, 'Klikni na kolonku Typ', 'Vyjede okno s možnými Typy pro Issue', 73, NULL, 1759),
(8747, 'Zvol Typ Issue a Klikni na tlačítko Založit Issue.', 'Vytvoří se Issue.', 73, NULL, 1759),
(8748, 'Otevři projekt a klikni na záložku Issues', 'Otevře se nám záložka Issue', 73, NULL, 1760),
(8749, 'Klikni na tlačítko Založit Issue', 'Vyskočí nám okno Založit Issue', 73, NULL, 1760),
(8750, 'Zvol Projekt, Test Plan,Test Sprint, Test Set, Test Case, Test Step pro založení Issue.', 'Vyplněné kolonky pro konkrétní Issue', 73, NULL, 1760),
(8751, 'Vyplň kolonku Nadpis a Popis povolenými znaky.', 'Vyplněné kolonky pro konkrétní Issue.', 73, NULL, 1760),
(8752, 'Klikni na tlačítko Zavřít.', 'Zavře se okno pro vytvoření Issue.', 73, NULL, 1760),
(8753, 'Klikni na tlačítko Založit Issue.', 'Vyskočí okno pro založení Issue.', 73, NULL, 1760),
(8754, 'Klikni na tlačítko Založit Issue.', 'Vytvoří se Issue.', 73, NULL, 1760),
(8755, 'Otevři projekt a klikni na záložku Issues', 'Otevře se nám záložka Issue', 73, NULL, 1761),
(8756, 'Klikni na tlačítko Založit Issue', 'Vyskočí nám okno Založit Issue', 73, NULL, 1761),
(8757, 'Nezvol Projekt, Test Plan,Test Sprint, Test Set, Test Case, Test Step pro založení Issue.', 'Nevyplněné kolonky pro konkrétní Issue', 73, NULL, 1761),
(8758, 'Vyplň kolonky Nadpis  a Popis povolenými znaky  klikni na tlačítko Založit Issue.', 'Vytvoří se Issue.', 73, NULL, 1761),
(8759, 'Otevři projekt a klikni na záložku Issues', 'Otevře se nám záložka Issue', 73, NULL, 1762),
(8760, 'Klikni na tlačítko Filtr.', 'Vyjede nám nabídka filtru.', 73, NULL, 1762),
(8761, 'Zvol Typ Issue.', 'Změní se tabulka Issue a zobrazí se tlačítko Resetovat.', 73, NULL, 1762),
(8762, 'Otevři projekt a klikni na záložku Issues', 'Otevře se nám záložka Issue', 73, NULL, 1763),
(8763, 'Klikni na tlačítko Filtr.', 'Vyjede nám nabídka filtru.', 73, NULL, 1763),
(8764, 'Zvol Status Issue.', 'Změní se tabulka Issue a zobrazí se tlačítko Resetovat.', 73, NULL, 1763),
(8765, 'Otevři projekt a klikni na záložku Issues', 'Otevře se nám záložka Issue', 73, NULL, 1764),
(8766, 'Klikni na tlačítko Filtr.', 'Vyjede nám nabídka filtru.', 73, NULL, 1764),
(8767, 'Zvol Prioritu Issue.', 'Změní se tabulka Issue a zobrazí se tlačítko Resetovat.', 73, NULL, 1764),
(8768, 'Otevři projekt a klikni na záložku Issues', 'Otevře se nám záložka Issue', 73, NULL, 1765),
(8769, 'Klikni na tlačítko Filtr.', 'Vyjede nám nabídka filtru.', 73, NULL, 1765),
(8770, 'Zvol Typ Issue.', 'Změní se tabulka Issue a zobrazí se tlačítko Resetovat.', 73, NULL, 1765),
(8771, 'Klikni na tlačítko Resetovat.', 'Resetuje(Vynuluje) se filr.', 73, NULL, 1765),
(8772, 'Otevři projekt a klikni na záložku Issues', 'Otevře se nám záložka Issue', 73, NULL, 1766),
(8773, 'V pravo dole klikni na počet zobrazených Issue na stránku', 'Vyskočí možnosti pro počet zobrazení.', 73, NULL, 1766),
(8774, 'Zvol počet zobrazených Issue na stránku', 'Zvětšená/Zmenšená tabulka podle počtu  zobrazených Issue na stránku.', 73, NULL, 1766),
(8775, 'Otevři projekt a klikni na záložku Issues', 'Otevře se nám záložka Issue', 73, NULL, 1767),
(8776, 'Klikni na tlačítko Nastavení zobrazení a vyber kolonky, které chceš/nechceš vidět v tabulce.', 'Zmenšená tabulka(odstraněné sloupce) podle Zobrazení.', 73, NULL, 1767),
(8777, 'Klikni na tlačítko Zobrazit všechny sloupce.', 'Zobrazí se nám kompletní tabulka se všemi sloupci.', 73, NULL, 1767),
(8778, 'Otevři projekt a klikni na záložku Issues', 'Otevře se nám záložka Issue', 73, NULL, 1768),
(8779, 'Klikni na název Issue', 'Vyskočí okno Zobrazit Issue. Kde vidíme veškeré informace. A přemístí nás do daného projektu.', 73, NULL, 1768),
(8780, 'Otevři projekt a klikni na záložku Issues', 'Otevře se nám záložka Issue', 73, NULL, 1769),
(8781, 'Klikni na tlačítko Filtr a vyfiltruj tabulku..', 'Zmenšená tabulka podle Filtru.', 73, NULL, 1769),
(8782, 'Klikni na tlačítko Export.', 'Exportuje(Stáhne) se nám upravená tabulka Issue', 73, NULL, 1769),
(8783, 'Otevři projekt a klikni na záložku Issues', 'Otevře se nám záložka Issue', 73, NULL, 1770),
(8784, 'Klikni na tlačítko Export.', 'Exportuje(Stáhne) se nám celá tabulka Issue', 73, NULL, 1770),
(8785, 'Otevři projekt a klikni na záložku Issues', 'Otevře se nám záložka Issue', 73, NULL, 1771),
(8786, 'Klikni na tlačítko show Issue', 'Zobrazí se okénko se všemi informacemi o dané Issue', 73, NULL, 1771),
(8787, 'Zde případně můžete sdělit svůj názor na řešení problému aj. Poté klikněte na tlačítko Zavřít', 'Daná Issue se zavře', 73, NULL, 1771),
(8788, 'Otevři projekt a záložku Issue', 'Otevře se ti záložka Issue', 73, NULL, 1772),
(8789, 'Klikni na tlačíko Upravit Issue', 'Zobrazí se okénko s editací Issue', 73, NULL, 1772),
(8790, 'Uprav kolonku název povolenými znaky a klikni na tlačítko Uložit', 'Změní se název u Issue', 73, NULL, 1772),
(8791, 'Otevři projekt a záložku Issue', 'Otevře se ti záložka Issue', 73, NULL, 1773),
(8792, 'Klikni na tlačíko Upravit Issue', 'Zobrazí se okénko s editací Issue', 73, NULL, 1773),
(8793, 'Uprav kolonku popis povolenými znaky a klikni na tlačítko Uložit', 'Změní se popis u Issue', 73, NULL, 1773),
(8794, 'Otevři projekt a záložku Issue', 'Otevře se ti záložka Issue', 73, NULL, 1774);
INSERT INTO `test_step` (`id`, `precondition`, `expected_result`, `creator_id`, `create_date`, `test_case_id`) VALUES
(8795, 'Klikni na tlačíko Upravit Issue', 'Zobrazí se okénko s editací Issue', 73, NULL, 1774),
(8796, 'Uprav kolonku priorita vybráním jiné než stávající a klikni na tlačítko Uložit', 'Změní se priorita u Issue', 73, NULL, 1774),
(8797, 'Otevři projekt a záložku Issue', 'Otevře se ti záložka Issue', 73, NULL, 1775),
(8798, 'Klikni na tlačíko Upravit Issue', 'Zobrazí se okénko s editací Issue', 73, NULL, 1775),
(8799, 'Uprav kolonku typ vybráním jiného než současného a klikni na tlačítko Uložit', 'Změní se Typ u Issue', 73, NULL, 1775),
(8800, 'Otevři projekt a záložku Issue', 'Otevře se ti záložka Issue', 73, NULL, 1776),
(8801, 'Klikni na tlačíko Upravit Issue', 'Zobrazí se okénko s editací Issue', 73, NULL, 1776),
(8802, 'Uprav kolonku Řešitel vybráním jiného než současného a klikni na tlačítko Uložit', 'Změní se Řešitel u Issue', 73, NULL, 1776),
(8803, 'Otevři projekt a záložku Issue', 'Otevře se ti záložka Issue', 73, NULL, 1777),
(8804, 'Klikni na tlačíko Smazat Issue', 'Zobrazí se okénko s odstranění Issue', 73, NULL, 1777),
(8805, 'Zde znovu kliknete na smazat.', 'Odstranění Issue', 73, NULL, 1777),
(8806, 'Otevři projekt a klikni na záložku Setings', 'Otevře se ti záložka Setings', 73, NULL, 1778),
(8807, 'Klikni na Všeobecné nastavení', 'Otevře se stránka Všeobecné nastavení', 73, NULL, 1778),
(8808, 'Zde vypln název pomocí znaků s diakritikou a klikni na tlačítko Uložit', 'Projekt se upravil', 73, NULL, 1778),
(8809, 'Otevři projekt a klikni na záložku Setings', 'Otevře se ti záložka Setings', 73, NULL, 1779),
(8810, 'Klikni na Všeobecné nastavení', 'Otevře se stránka Všeobecné nastavení', 73, NULL, 1779),
(8811, 'Zde vypln název pomocí čísel a klikni na tlačítko Uložit', 'Projekt se upravil', 73, NULL, 1779),
(8812, 'Otevři projekt a klikni na záložku Setings', 'Otevře se ti záložka Setings', 73, NULL, 1780),
(8813, 'Klikni na Všeobecné nastavení', 'Otevře se stránka Všeobecné nastavení', 73, NULL, 1780),
(8814, 'Zde vypln název pomocí Speciálních znaků a klikni na tlačítko Uložit', 'Projekt se upravil', 73, NULL, 1780),
(8815, 'Otevři projekt a klikni na záložku Setings', 'Otevře se ti záložka Setings', 73, NULL, 1781),
(8816, 'Klikni na vytvořit Všeobecné Nastavení', 'Otevře se stránka Všeobecné nastavení', 73, NULL, 1781),
(8817, 'Zde nech název prázdný a klikni na tlačítko uložit', 'Vyskočí chybová hláška, že název musí být vyplněn jelikož je to povinné pole', 73, NULL, 1781),
(8818, 'Otevři projekt a klikni na záložku Setings', 'Otevře se ti záložka Setings', 73, NULL, 1782),
(8819, 'Klikni na vytvořit Všeobecné Nastavení', 'Otevře se stránka Všeobecné nastavení', 73, NULL, 1782),
(8820, 'Zde vyplnte název shodný s jiným z projektů a klikněte na tlačítko Přidat', 'Projekt se neupravil, a vyskočila hláška, že název už byl použit .', 73, NULL, 1782),
(8821, 'Otevři projekt a klikni na záložku Setings', 'Otevře se ti záložka Setings', 73, NULL, 1783),
(8822, 'Klikni na Všeobecné nastavení', 'Otevře se stránka Všeobecné nastavení', 73, NULL, 1783),
(8823, 'Zde vypln popis pomocí znaků s diakritikou a klikni na tlačítko Uložit', 'Projekt se upravil', 73, NULL, 1783),
(8824, 'Otevři projekt a klikni na záložku Setings', 'Otevře se ti záložka Setings', 73, NULL, 1784),
(8825, 'Klikni na Všeobecné nastavení', 'Otevře se stránka Všeobecné nastavení', 73, NULL, 1784),
(8826, 'Zde vypln popis pomocí čísel a klikni na tlačítko Uložit', 'Projekt se upravil', 73, NULL, 1784),
(8827, 'Otevři projekt a klikni na záložku Setings', 'Otevře se ti záložka Setings', 73, NULL, 1785),
(8828, 'Klikni na Všeobecné nastavení', 'Otevře se stránka Všeobecné nastavení', 73, NULL, 1785),
(8829, 'Zde vypln popis pomocí Speciálních znaků a klikni na tlačítko Uložit', 'Projekt se upravil', 73, NULL, 1785),
(8830, 'Otevři projekt a klikni na záložku Setings', 'Otevře se ti záložka Setings', 73, NULL, 1786),
(8831, 'Klikni na vytvořit Všeobecné Nastavení', 'Otevře se stránka Všeobecné nastavení', 73, NULL, 1786),
(8832, 'Zde nech popis prázdný a klikni na tlačítko uložit', 'Projekt se upravil', 73, NULL, 1786),
(8833, 'Otevři projekt a klikni na záložku Setings', 'Otevře se ti záložka Setings', 73, NULL, 1787),
(8834, 'Klikni na vytvořit Všeobecné Nastavení', 'Otevře se stránka Všeobecné nastavení', 73, NULL, 1787),
(8835, 'Zde vyplnte popis shodný s jiným z projektů a klikněte na tlačítko Přidat', 'Projekt se upravil', 73, NULL, 1787),
(8836, 'Otevři projekt a klikni na záložku Setings', 'Otevře se ti záložka Setings', 73, NULL, 1788),
(8837, 'Klikni na vytvořit Projektové Role', 'Otevře se stránka Projektové role', 73, NULL, 1788),
(8838, 'Zde nechte všechny Projektové role prázdné', 'V projektu bude moci každý pracovat s ohledem na osobní role kterému byly přiděleny', 73, NULL, 1788),
(8839, 'Otevři projekt a klikni na záložku Setings', 'Otevře se ti záložka Setings', 73, NULL, 1789),
(8840, 'Klikni na vytvořit Projektové Role', 'Otevře se stránka Projektové role', 73, NULL, 1789),
(8841, 'Zde se kliknutím na kolonku zobrazí seznam uživatelů a kliknutím na uživatele vyberete jej přiřadíte k roli ', 'V projektu budou moci pracovat jen uživatelé kteří jsou přiřazeni k projektu a to jen v možnostech které jsou určeny rolemi', 73, NULL, 1789),
(8842, 'Otevři projekt a klikni na záložku Setings', 'Otevře se ti záložka Setings', 73, NULL, 1790),
(8843, 'Klikni na vytvořit Ostatní nastavení', 'Otevře se stránka Ostatní nastavení', 73, NULL, 1790),
(8844, 'Zde klikněte na tlačítko Archivovat', 'Zobrazí se okénko s archivací projektu', 73, NULL, 1790),
(8845, 'Klikněte znovu na Archivovat', 'Projekt se Archivuje', 73, NULL, 1790),
(8846, 'Otevři projekt a klikni na záložku Setings', 'Otevře se ti záložka Setings', 73, NULL, 1791),
(8847, 'Klikni na vytvořit Ostatní nastavení', 'Otevře se stránka Ostatní nastavení', 73, NULL, 1791),
(8848, 'Zde klikněte na tlačítko Smazat', 'Zobrazí se okénko s odstraněním projektu', 73, NULL, 1791),
(8849, 'Klikněte znovu na Odstranit', 'Projekt se Odstraní', 73, NULL, 1791),
(8850, 'Otevři projekt a klikni na záložku Setings', 'Otevře se ti záložka Setings', 73, NULL, 1792),
(8851, 'Klikni na vytvořit Services', 'Otevře se stránka Services', 73, NULL, 1792),
(8852, 'Zde klikněte na kolonku a vyberte jednu ze 3 možností.', 'Nastaven nový Issue Tracker', 73, NULL, 1792),
(8853, 'Klikni na modul Homepage v levém menu.', 'Otevře se nám záložka Homepage.', 73, NULL, 1793),
(8854, 'Klikni na tlačítko Projekty.', 'Vyskočí nám okno s tabulkou projektů.', 73, NULL, 1793),
(8855, 'Klikni na modul Homepage v levém menu.', 'Otevře se nám záložka Homepage.', 73, NULL, 1794),
(8856, 'Klikni na tlačítko Projekty.', 'Vyskočí nám okno s tabulkou projektů.', 73, NULL, 1794),
(8857, 'Klikni na název tlačítko Zavřít.', 'Zavře se nám okno s tabulkou projektů.', 73, NULL, 1794),
(8858, 'Klikni na modul Homepage v levém menu.', 'Otevře se nám záložka Homepage.', 73, NULL, 1795),
(8859, 'Klikni na tlačítko Projekty.', 'Vyskočí nám okno s tabulkou projektů.', 73, NULL, 1795),
(8860, 'Klikni na název projektu.', 'Otevře se záložka daného projektu, kde můžeme pracovat.', 73, NULL, 1795),
(8861, 'Klikni na modul Homepage v levém menu.', 'Otevře se nám záložka Homepage.', 73, NULL, 1796),
(8862, 'Klikni na tlačítko Kalendář.', 'Vyskočí nám okno s kalendářem.', 73, NULL, 1796),
(8863, 'Klikni na modul Homepage v levém menu.', 'Otevře se nám záložka Homepage.', 73, NULL, 1797),
(8864, 'Klikni na tlačítko Kalendář..', 'Vyskočí nám okno s kalendářem.', 73, NULL, 1797),
(8865, 'Klikni na název tlačítko Zavřít.', 'Zavře se nám okno s kalendářem.', 73, NULL, 1797),
(8866, 'Klikni na modul Homepage v levém menu.', 'Otevře se nám záložka Homepage.', 73, NULL, 1798),
(8867, 'Klikni na tlačítko Kalendář.', 'Vyskočí nám okno s kalendářem.', 73, NULL, 1798),
(8868, 'Klikni na název tlačítko Týden.', 'Přepne nám kalendář do týdenního zobrazení.', 73, NULL, 1798),
(8869, 'Klikni na modul Homepage v levém menu.', 'Otevře se nám záložka Homepage.', 73, NULL, 1799),
(8870, 'Klikni na tlačítko Kalendář.', 'Vyskočí nám okno s kalendářem.', 73, NULL, 1799),
(8871, 'Klikni na název tlačítko Týden.', 'Přepne nám kalendář do týdenního zobrazení.', 73, NULL, 1799),
(8872, 'Klikni na název tlačítko Měsíc.', 'Přepne nám kalendář do měsíčního zobrazení.', 73, NULL, 1799),
(8873, 'Klikni na modul Homepage v levém menu.', 'Otevře se nám záložka Homepage.', 73, NULL, 1800),
(8874, 'Klikni na tlačítko Kalendář.', 'Vyskočí nám okno s kalendářem.', 73, NULL, 1800),
(8875, 'Klikni na název tlačítko šipky do prava.(např. 3x).', 'Přesune nám kalendář do předchozích měsíců.', 73, NULL, 1800),
(8876, 'Klikni na tlačítko dnes.', 'Zobrazí nám kalednář k dnešnímu dni.', 73, NULL, 1800),
(8877, 'Klikni na název tlačítko šipky do leva.(např. 6x).', 'Přesune nám kalendář do následujících měsíců.', 73, NULL, 1800),
(8878, 'Klikni na tlačítko dnes.', 'Zobrazí nám kalednář k dnešnímu dni.', 73, NULL, 1800),
(8879, 'Klikni na modul Homepage v levém menu.', 'Otevře se nám záložka Homepage.', 73, NULL, 1801),
(8880, 'Klikni na tlačítko Vyber Tag.', 'Vyskočí nám okno s Tagy.', 73, NULL, 1801),
(8881, 'Zvol libovolný Tag.', 'Zobrazí se v tabulce progres daného Tagu ve sprintu.', 73, NULL, 1801),
(8882, 'Klikni znovu na tlačítko Vyber Tag.', 'Vyskočí nám okno s Tagy.', 73, NULL, 1801),
(8883, 'Zvol jiný Tag.', 'Zobrazí se v tabulce progres daného Tagu ve sprintu.', 73, NULL, 1801),
(8884, 'Klikni na modul Homepage v levém menu.', 'Otevře se nám záložka Homepage.', 73, NULL, 1802),
(8885, 'Klikni na číslo v kolonce Počet mých scénářů.', 'Zobrazí se nám záložka scénářů v daném projektu v modulu Test Exekuce.', 73, NULL, 1802),
(8919, 'Klikni na modul Issue v levém menu.', 'Otevře se nám záložka Issue', 73, NULL, 1813),
(8920, 'Klikni na tlačítko Založit Issue', 'Vyskočí nám okno Založit Issue', 73, NULL, 1813),
(8921, 'Zvol Projekt, Test Plan,Test Sprint, Test Set, Test Case, Test Step pro založení Issue.', 'Vyplněné kolonky pro konkrétní Issue', 73, NULL, 1813),
(8922, 'Vyplň kolonku Nadpis použitím znaků s diakritikou a klikni na tlačítko Založit Issue.', 'Vytvoří se Issue.', 73, NULL, 1813),
(8923, 'Klikni na modul Issue v levém menu.', 'Otevře se nám záložka Issue', 73, NULL, 1814),
(8924, 'Klikni na tlačítko Založit Issue', 'Vyskočí nám okno Založit Issue', 73, NULL, 1814),
(8925, 'Zvol Projekt, Test Plan,Test Sprint, Test Set, Test Case, Test Step pro založení Issue.', 'Vyplněné kolonky pro konkrétní Issue', 73, NULL, 1814),
(8926, 'Vyplň kolonku Nadpis použitím znaků bez diakritiky a klikni na tlačítko Založit Issue.', 'Vytvoří se Issue.', 73, NULL, 1814),
(8927, 'Klikni na modul Issue v levém menu.', 'Otevře se nám záložka Issue', 73, NULL, 1815),
(8928, 'Klikni na tlačítko Založit Issue', 'Vyskočí nám okno Založit Issue', 73, NULL, 1815),
(8929, 'Zvol Projekt, Test Plan,Test Sprint, Test Set, Test Case, Test Step pro založení Issue.', 'Vyplněné kolonky pro konkrétní Issue', 73, NULL, 1815),
(8930, 'Vyplň kolonku Nadpis použitím čísel a klikni na tlačítko Založit Issue.', 'Vytvoří se Issue.', 73, NULL, 1815),
(8931, 'Klikni na modul Issue v levém menu.', 'Otevře se nám záložka Issue', 73, NULL, 1816),
(8932, 'Klikni na tlačítko Založit Issue', 'Vyskočí nám okno Založit Issue', 73, NULL, 1816),
(8933, 'Zvol Projekt, Test Plan,Test Sprint, Test Set, Test Case, Test Step pro založení Issue.', 'Vyplněné kolonky pro konkrétní Issue', 73, NULL, 1816),
(8934, 'Vyplň kolonku Nadpis použitím speciálních znaků a klikni na tlačítko Založit Issue.', 'Vytvoří se Issue.', 73, NULL, 1816),
(8935, 'Klikni na modul Issue v levém menu.', 'Otevře se nám záložka Issue', 73, NULL, 1817),
(8936, 'Klikni na tlačítko Založit Issue', 'Vyskočí nám okno Založit Issue', 73, NULL, 1817),
(8937, 'Zvol Projekt, Test Plan,Test Sprint, Test Set, Test Case, Test Step pro založení Issue.', 'Vyplněné kolonky pro konkrétní Issue', 73, NULL, 1817),
(8938, 'Nech kolonku Nadpis prázdnou a klikni na tlačítko Založit Issue.', 'Nevytvoří se Issue a vyskočí chybová hláška.', 73, NULL, 1817),
(8939, 'Klikni na modul Issue v levém menu.', 'Otevře se nám záložka Issue', 73, NULL, 1818),
(8940, 'Klikni na tlačítko Založit Issue', 'Vyskočí nám okno Založit Issue', 73, NULL, 1818),
(8941, 'Zvol Projekt, Test Plan,Test Sprint, Test Set, Test Case, Test Step pro založení Issue.', 'Vyplněné kolonky pro konkrétní Issue', 73, NULL, 1818),
(8942, 'Vyplň kolonku Nadpis mezerami/spacebar  a klikni na tlačítko Založit Issue.', 'Nevytvoří se Issue a vyskočí chybová hláška.', 73, NULL, 1818),
(8943, 'Klikni na modul Issue v levém menu.', 'Otevře se nám záložka Issue', 73, NULL, 1819),
(8944, 'Klikni na tlačítko Založit Issue', 'Vyskočí nám okno Založit Issue', 73, NULL, 1819),
(8945, 'Zvol Projekt, Test Plan,Test Sprint, Test Set, Test Case, Test Step pro založení Issue.', 'Vyplněné kolonky pro konkrétní Issue', 73, NULL, 1819),
(8946, 'Vyplň kolonku Nadpis  a klikni na tlačítko Založit Issue.', 'Vytvoří se Issue.', 73, NULL, 1819),
(8947, 'Znovu klikni na tlačítko Založit Issue', 'Vyskočí nám okno Založit Issue', 73, NULL, 1819),
(8948, 'Vyplň kolonku Nadpis stejným Nadpisem jako tu předchozí a klikni na tlačítko Založit Issue.', 'Vytvoří se Issue.', 73, NULL, 1819),
(8949, 'Klikni na modul Issue v levém menu.', 'Otevře se nám záložka Issue', 73, NULL, 1820),
(8950, 'Klikni na tlačítko Založit Issue', 'Vyskočí nám okno Založit Issue', 73, NULL, 1820),
(8951, 'Zvol Projekt, Test Plan,Test Sprint, Test Set, Test Case, Test Step pro založení Issue.', 'Vyplněné kolonky pro konkrétní Issue', 73, NULL, 1820),
(8952, 'Vyplň kolonku Nadpis povolenými znaky a kolonku Popis znaky s diakritikou a klikni na tlačítko Založit Issue.', 'Vytvoří se Issue.', 73, NULL, 1820),
(8953, 'Klikni na modul Issue v levém menu.', 'Otevře se nám záložka Issue', 73, NULL, 1821),
(8954, 'Klikni na tlačítko Založit Issue', 'Vyskočí nám okno Založit Issue', 73, NULL, 1821),
(8955, 'Zvol Projekt, Test Plan,Test Sprint, Test Set, Test Case, Test Step pro založení Issue.', 'Vyplněné kolonky pro konkrétní Issue', 73, NULL, 1821),
(8956, 'Vyplň kolonku Nadpis povolenými znaky a kolonku Popis znaky bez diakritiky a klikni na tlačítko Založit Issue.', 'Vytvoří se Issue.', 73, NULL, 1821),
(8957, 'Klikni na modul Issue v levém menu.', 'Otevře se nám záložka Issue', 73, NULL, 1822),
(8958, 'Klikni na tlačítko Založit Issue', 'Vyskočí nám okno Založit Issue', 73, NULL, 1822),
(8959, 'Zvol Projekt, Test Plan,Test Sprint, Test Set, Test Case, Test Step pro založení Issue.', 'Vyplněné kolonky pro konkrétní Issue', 73, NULL, 1822),
(8960, 'Vyplň kolonku Nadpis povolenými znaky a kolonku Popis čísly a klikni na tlačítko Založit Issue.', 'Vytvoří se Issue.', 73, NULL, 1822),
(8961, 'Klikni na modul Issue v levém menu.', 'Otevře se nám záložka Issue', 73, NULL, 1823),
(8962, 'Klikni na tlačítko Založit Issue', 'Vyskočí nám okno Založit Issue', 73, NULL, 1823),
(8963, 'Zvol Projekt, Test Plan,Test Sprint, Test Set, Test Case, Test Step pro založení Issue.', 'Vyplněné kolonky pro konkrétní Issue', 73, NULL, 1823),
(8964, 'Vyplň kolonku Nadpis povolenými znaky a kolonku Popis speciálními znaky a klikni na tlačítko Založit Issue.', 'Vytvoří se Issue.', 73, NULL, 1823),
(8965, 'Klikni na modul Issue v levém menu.', 'Otevře se nám záložka Issue', 73, NULL, 1824),
(8966, 'Klikni na tlačítko Založit Issue', 'Vyskočí nám okno Založit Issue', 73, NULL, 1824),
(8967, 'Zvol Projekt, Test Plan,Test Sprint, Test Set, Test Case, Test Step pro založení Issue.', 'Vyplněné kolonky pro konkrétní Issue', 73, NULL, 1824),
(8968, 'Vyplň kolonku Nadpis povolenými znaky a kolonku Popis nech prázdnou a klikni na tlačítko Založit Issue.', 'Vytvoří se Issue.', 73, NULL, 1824),
(8969, 'Klikni na modul Issue v levém menu.', 'Otevře se nám záložka Issue', 73, NULL, 1825),
(8970, 'Klikni na tlačítko Založit Issue', 'Vyskočí nám okno Založit Issue', 73, NULL, 1825),
(8971, 'Zvol Projekt, Test Plan,Test Sprint, Test Set, Test Case, Test Step pro založení Issue.', 'Vyplněné kolonky pro konkrétní Issue', 73, NULL, 1825),
(8972, 'Vyplň kolonku Nadpis povolenými znaky a kolonku Popis vyplň mezerami/spacebar a klikni na tlačítko Založit Issue.', 'Vytvoří se Issue.', 73, NULL, 1825),
(8973, 'Klikni na modul Issue v levém menu.', 'Otevře se nám záložka Issue', 73, NULL, 1826),
(8974, 'Klikni na tlačítko Založit Issue', 'Vyskočí nám okno Založit Issue', 73, NULL, 1826),
(8975, 'Zvol Projekt, Test Plan,Test Sprint, Test Set, Test Case, Test Step pro založení Issue.', 'Vyplněné kolonky pro konkrétní Issue', 73, NULL, 1826),
(8976, 'Vyplň kolonky Nadpis  a Popis povolenými znaky  klikni na tlačítko Založit Issue.', 'Vytvoří se Issue.', 73, NULL, 1826),
(8977, 'Znovu klikni na tlačítko Založit Issue', 'Vyskočí nám okno Založit Issue', 73, NULL, 1826),
(8978, 'Vyplň kolonku Nadpis a Popis vyplň stejným Popisem jako u předchozí Issue a klikni na tlačítko Založit Issue.', 'Vytvoří se Issue.', 73, NULL, 1826),
(8979, 'Klikni na modul Issue v levém menu.', 'Otevře se nám záložka Issue', 73, NULL, 1827),
(8980, 'Klikni na tlačítko Založit Issue', 'Vyskočí nám okno Založit Issue', 73, NULL, 1827),
(8981, 'Zvol Projekt, Test Plan,Test Sprint, Test Set, Test Case, Test Step pro založení Issue.', 'Vyplněné kolonky pro konkrétní Issue', 73, NULL, 1827),
(8982, 'Vyplň kolonku Nadpis a Popis povolenými znaky.', 'Vyplněné kolonky pro konkrétní Issue.', 73, NULL, 1827),
(8983, 'Klikni na tlačítko Zvolit soubory', 'Vyskočí okno pro zvolení souboru.', 73, NULL, 1827),
(8984, 'Vyber soubor, který má velikost paměti menší než 2MB. A přilož soubor.', 'Přiložení souboru k Issue', 73, NULL, 1827),
(8985, 'Klikni na tlačítko Založit Issue.', 'Vytvoří se Issue s přílohou.', 73, NULL, 1827),
(8986, 'Klikni na modul Issue v levém menu.', 'Otevře se nám záložka Issue', 73, NULL, 1828),
(8987, 'Klikni na tlačítko Založit Issue', 'Vyskočí nám okno Založit Issue', 73, NULL, 1828),
(8988, 'Zvol Projekt, Test Plan,Test Sprint, Test Set, Test Case, Test Step pro založení Issue.', 'Vyplněné kolonky pro konkrétní Issue', 73, NULL, 1828),
(8989, 'Vyplň kolonku Nadpis a Popis povolenými znaky.', 'Vyplněné kolonky pro konkrétní Issue.', 73, NULL, 1828),
(8990, 'Klikni na tlačítko Zvolit soubory', 'Vyskočí okno pro zvolení souboru.', 73, NULL, 1828),
(8991, 'Vyber soubor, který má velikost paměti větší než 2MB. A přilož soubor.', 'Přiložení souboru k Issue', 73, NULL, 1828),
(8992, 'Klikni na tlačítko Založit Issue.', 'Nevytvoří se Issue a vyskočí chybová hláška.', 73, NULL, 1828),
(8993, 'Klikni na modul Issue v levém menu.', 'Otevře se nám záložka Issue', 73, NULL, 1829),
(8994, 'Klikni na tlačítko Založit Issue', 'Vyskočí nám okno Založit Issue', 73, NULL, 1829),
(8995, 'Zvol Projekt, Test Plan,Test Sprint, Test Set, Test Case, Test Step pro založení Issue.', 'Vyplněné kolonky pro konkrétní Issue', 73, NULL, 1829),
(8996, 'Vyplň kolonku Nadpis a Popis povolenými znaky.', 'Vyplněné kolonky pro konkrétní Issue.', 73, NULL, 1829),
(8997, 'Klikni na tlačítko Zvolit soubory', 'Vyskočí okno pro zvolení souboru.', 73, NULL, 1829),
(8998, 'Vyber soubor, který má velikost paměti menší než 2MB. A přilož soubor.', 'Přiložení souboru k Issue', 73, NULL, 1829),
(8999, 'Klikni na zelené tlačítko +, poté na Zvolit soubory.(Lze opakovat několikrát.)', 'Vyskočí okno pro zvolení souboru.', 73, NULL, 1829),
(9000, 'Vyber další soubor, který má velikost paměti menší než 2MB. A přilož soubor.', 'Přiložení souboru k Issue', 73, NULL, 1829),
(9001, 'Klikni na tlačítko Založit Issue.', 'Vytvoří se Issue s přílohami.', 73, NULL, 1829),
(9002, 'Klikni na modul Issue v levém menu.', 'Otevře se nám záložka Issue', 73, NULL, 1830),
(9003, 'Klikni na tlačítko Založit Issue', 'Vyskočí nám okno Založit Issue', 73, NULL, 1830),
(9004, 'Zvol Projekt, Test Plan,Test Sprint, Test Set, Test Case, Test Step pro založení Issue.', 'Vyplněné kolonky pro konkrétní Issue', 73, NULL, 1830),
(9005, 'Vyplň kolonku Nadpis a Popis povolenými znaky.', 'Vyplněné kolonky pro konkrétní Issue.', 73, NULL, 1830),
(9006, 'Klikni na tlačítko Zvolit soubory', 'Vyskočí okno pro zvolení souboru.', 73, NULL, 1830),
(9007, 'Vyber soubor, který má velikost paměti menší než 2MB. A přilož soubor.', 'Přiložení souboru k Issue', 73, NULL, 1830),
(9008, 'Klikni na zelené tlačítko +, poté na Zvolit soubory.(Lze opakovat několikrát.)', 'Vyskočí okno pro zvolení souboru.', 73, NULL, 1830),
(9009, 'Vyber další soubor, který má velikost paměti větší než 2MB. A přilož soubor.', 'Přiložení souboru k Issue', 73, NULL, 1830),
(9010, 'Klikni na tlačítko Založit Issue.', 'Nevytvoří se Issue a vyskočí chybová hláška: Jeden ze souborů má více než 2MB', 73, NULL, 1830),
(9011, 'Klikni na modul Issue v levém menu.', 'Otevře se nám záložka Issue', 73, NULL, 1831),
(9012, 'Klikni na tlačítko Založit Issue', 'Vyskočí nám okno Založit Issue', 73, NULL, 1831),
(9013, 'Zvol Projekt, Test Plan,Test Sprint, Test Set, Test Case, Test Step pro založení Issue.', 'Vyplněné kolonky pro konkrétní Issue', 73, NULL, 1831),
(9014, 'Vyplň kolonku Nadpis a Popis povolenými znaky.', 'Vyplněné kolonky pro konkrétní Issue.', 73, NULL, 1831),
(9015, 'Klikni na kolonku Řešitel', 'Vyjede okno s možnýma Řešitelema.(Pokud jsou pro daný projekt zvolení.)', 73, NULL, 1831),
(9016, 'Klikni na tlačítko Založit Issue.', 'Vytvoří se Issue.', 73, NULL, 1831),
(9017, 'Klikni na modul Issue v levém menu.', 'Otevře se nám záložka Issue', 73, NULL, 1832),
(9018, 'Klikni na tlačítko Založit Issue', 'Vyskočí nám okno Založit Issue', 73, NULL, 1832),
(9019, 'Zvol Projekt, Test Plan,Test Sprint, Test Set, Test Case, Test Step pro založení Issue.', 'Vyplněné kolonky pro konkrétní Issue', 73, NULL, 1832),
(9020, 'Vyplň kolonku Nadpis a Popis povolenými znaky.', 'Vyplněné kolonky pro konkrétní Issue.', 73, NULL, 1832),
(9021, 'Klikni na kolonku Priority', 'Vyjede okno s možnýma Prioritama', 73, NULL, 1832),
(9022, 'Zvol prioritu a klikni na tlačítko Založit Issue.', 'Vytvoří se Issue.', 73, NULL, 1832),
(9023, 'Klikni na modul Issue v levém menu.', 'Otevře se nám záložka Issue', 73, NULL, 1833),
(9024, 'Klikni na tlačítko Založit Issue', 'Vyskočí nám okno Založit Issue', 73, NULL, 1833),
(9025, 'Zvol Projekt, Test Plan,Test Sprint, Test Set, Test Case, Test Step pro založení Issue.', 'Vyplněné kolonky pro konkrétní Issue', 73, NULL, 1833),
(9026, 'Vyplň kolonku Nadpis a Popis povolenými znaky.', 'Vyplněné kolonky pro konkrétní Issue.', 73, NULL, 1833),
(9027, 'Klikni na kolonku Typ', 'Vyjede okno s možnými Typy pro Issue', 73, NULL, 1833),
(9028, 'Zvol Typ Issue a Klikni na tlačítko Založit Issue.', 'Vytvoří se Issue.', 73, NULL, 1833),
(9029, 'Klikni na modul Issue v levém menu.', 'Otevře se nám záložka Issue', 73, NULL, 1834),
(9030, 'Klikni na tlačítko Založit Issue', 'Vyskočí nám okno Založit Issue', 73, NULL, 1834),
(9031, 'Zvol Projekt, Test Plan,Test Sprint, Test Set, Test Case, Test Step pro založení Issue.', 'Vyplněné kolonky pro konkrétní Issue', 73, NULL, 1834),
(9032, 'Vyplň kolonku Nadpis a Popis povolenými znaky.', 'Vyplněné kolonky pro konkrétní Issue.', 73, NULL, 1834),
(9033, 'Klikni na tlačítko Zavřít.', 'Zavře se okno pro vytvoření Issue.', 73, NULL, 1834),
(9034, 'Klikni na tlačítko Založit Issue.', 'Vyskočí okno pro založení Issue.', 73, NULL, 1834),
(9035, 'Klikni na tlačítko Založit Issue.', 'Vytvoří se Issue.', 73, NULL, 1834),
(9036, 'Klikni na modul Issue v levém menu.', 'Otevře se nám záložka Issue', 73, NULL, 1835),
(9037, 'Klikni na tlačítko Založit Issue', 'Vyskočí nám okno Založit Issue', 73, NULL, 1835),
(9038, 'Nezvol Projekt, Test Plan,Test Sprint, Test Set, Test Case, Test Step pro založení Issue.', 'Nevyplněné kolonky pro konkrétní Issue', 73, NULL, 1835),
(9039, 'Vyplň kolonky Nadpis  a Popis povolenými znaky  klikni na tlačítko Založit Issue.', 'Vytvoří se Issue.', 73, NULL, 1835),
(9040, 'Klikni na modul Issue v levém menu.', 'Otevře se nám záložka Issue', 73, NULL, 1836),
(9041, 'Klikni na tlačítko Filtr.', 'Vyjede nám nabídka filtru.', 73, NULL, 1836),
(9042, 'Zvol Typ Issue.', 'Změní se tabulka Issue a zobrazí se tlačítko Resetovat.', 73, NULL, 1836),
(9043, 'Klikni na modul Issue v levém menu.', 'Otevře se nám záložka Issue', 73, NULL, 1837),
(9044, 'Klikni na tlačítko Filtr.', 'Vyjede nám nabídka filtru.', 73, NULL, 1837),
(9045, 'Zvol Status Issue.', 'Změní se tabulka Issue a zobrazí se tlačítko Resetovat.', 73, NULL, 1837),
(9046, 'Klikni na modul Issue v levém menu.', 'Otevře se nám záložka Issue', 73, NULL, 1838),
(9047, 'Klikni na tlačítko Filtr.', 'Vyjede nám nabídka filtru.', 73, NULL, 1838),
(9048, 'Zvol Prioritu Issue.', 'Změní se tabulka Issue a zobrazí se tlačítko Resetovat.', 73, NULL, 1838),
(9049, 'Klikni na modul Issue v levém menu.', 'Otevře se nám záložka Issue', 73, NULL, 1839),
(9050, 'Klikni na tlačítko Filtr.', 'Vyjede nám nabídka filtru.', 73, NULL, 1839),
(9051, 'Zvol Typ Issue.', 'Změní se tabulka Issue a zobrazí se tlačítko Resetovat.', 73, NULL, 1839),
(9052, 'Klikni na tlačítko Resetovat.', 'Resetuje(Vynuluje) se filr.', 73, NULL, 1839),
(9053, 'Klikni na modul Issue v levém menu.', 'Otevře se nám záložka Issue', 73, NULL, 1840),
(9054, 'V pravo dole klikni na počet zobrazených Issue na stránku', 'Vyskočí možnosti pro počet zobrazení.', 73, NULL, 1840),
(9055, 'Zvol počet zobrazených Issue na stránku', 'Zvětšená/Zmenšená tabulka podle počtu  zobrazených Issue na stránku.', 73, NULL, 1840),
(9056, 'Klikni na modul Issue v levém menu.', 'Otevře se nám záložka Issue', 73, NULL, 1841),
(9057, 'Klikni na tlačítko Nastavení zobrazení a vyber kolonky, které chceš/nechceš vidět v tabulce.', 'Zmenšená tabulka(odstraněné sloupce) podle Zobrazení.', 73, NULL, 1841),
(9058, 'Klikni na tlačítko Zobrazit všechny sloupce.', 'Zobrazí se nám kompletní tabulka se všemi sloupci.', 73, NULL, 1841),
(9059, 'Klikni na modul Issue v levém menu.', 'Otevře se nám záložka Issue', 73, NULL, 1842),
(9060, 'Klikni na název Issue', 'Vyskočí okno Zobrazit Issue. Kde vidíme veškeré informace. A přemístí nás do daného projektu.', 73, NULL, 1842),
(9061, 'Klikni na modul Issue v levém menu.', 'Otevře se nám záložka Issue', 73, NULL, 1843),
(9062, 'Klikni na tlačítko Filtr a vyfiltruj tabulku..', 'Zmenšená tabulka podle Filtru.', 73, NULL, 1843),
(9063, 'Klikni na tlačítko Export.', 'Exportuje(Stáhne) se nám upravená tabulka Issue', 73, NULL, 1843),
(9064, 'Klikni na modul Issue v levém menu.', 'Otevře se nám záložka Issue', 73, NULL, 1844),
(9065, 'Klikni na tlačítko Export.', 'Exportuje(Stáhne) se nám celá tabulka Issue', 73, NULL, 1844),
(9066, 'Klikni na modul Logs v levém menu.', 'Otevře se nám záložka Logs', 73, NULL, 1845),
(9067, 'Klikni na tlačítko Filtr.', 'Vyjede nám nabídka filtru.', 73, NULL, 1845),
(9068, 'Zvol Akci Logu.', 'Změní se tabulka logů a zobrazí se tlačítko Resetovat.', 73, NULL, 1845),
(9069, 'Klikni na modul Logs v levém menu.', 'Otevře se nám záložka Logs', 73, NULL, 1846),
(9070, 'Klikni na tlačítko Filtr.', 'Vyjede nám nabídka filtru.', 73, NULL, 1846),
(9071, 'Zvol Povolení logu.', 'Změní se tabulka logů a zobrazí se tlačítko Resetovat.', 73, NULL, 1846),
(9072, 'Klikni na modul Logs v levém menu.', 'Otevře se nám záložka Logs', 73, NULL, 1847),
(9073, 'Klikni na tlačítko Filtr.', 'Vyjede nám nabídka filtru.', 73, NULL, 1847),
(9074, 'Zvol Datum vložení logu.', 'Změní se tabulka logů a zobrazí se tlačítko Resetovat.', 73, NULL, 1847),
(9075, 'Klikni na modul Logs v levém menu.', 'Otevře se nám záložka Logs', 73, NULL, 1848),
(9076, 'Klikni na tlačítko Filtr.', 'Vyjede nám nabídka filtru.', 73, NULL, 1848),
(9077, 'Zvol Tab.', 'Změní se tabulka logů a zobrazí se tlačítko Resetovat.', 73, NULL, 1848),
(9078, 'Klikni na modul Logs v levém menu.', 'Otevře se nám záložka Logs', 73, NULL, 1849),
(9079, 'Klikni na tlačítko Filtr.', 'Vyjede nám nabídka filtru.', 73, NULL, 1849),
(9080, 'Zvol Uživatele.', 'Změní se tabulka logů a zobrazí se tlačítko Resetovat.', 73, NULL, 1849),
(9081, 'Klikni na modul Logs v levém menu.', 'Otevře se nám záložka Logs', 73, NULL, 1850),
(9082, 'Klikni na tlačítko Filtr.', 'Vyjede nám nabídka filtru.', 73, NULL, 1850),
(9083, 'Zvol Akci logu.', 'Změní se tabulka Logů a zobrazí se tlačítko Resetovat.', 73, NULL, 1850),
(9084, 'Klikni na tlačítko Resetovat.', 'Resetuje(Vynuluje) se filr.', 73, NULL, 1850),
(9085, 'Klikni na modul Logs v levém menu.', 'Otevře se nám záložka Logs', 73, NULL, 1851),
(9086, 'V pravo dole klikni na počet zobrazených logů na stránku', 'Vyskočí možnosti pro počet zobrazení.', 73, NULL, 1851),
(9087, 'Zvol počet zobrazených logů na stránku', 'Zvětšená/Zmenšená tabulka podle počtu  zobrazených logů na stránku.', 73, NULL, 1851),
(9088, 'Klikni na modul Logs v levém menu.', 'Otevře se nám záložka Logs', 73, NULL, 1852),
(9089, 'Klikni na tlačítko Nastavení zobrazení a vyber kolonky, které chceš/nechceš vidět v tabulce.', 'Zmenšená tabulka(odstraněné sloupce) podle Zobrazení.', 73, NULL, 1852),
(9090, 'Klikni na tlačítko Zobrazit všechny sloupce.', 'Zobrazí se nám kompletní tabulka se všemi sloupci.', 73, NULL, 1852),
(9091, 'Klikni na záložku Release/Camp z nabídky ', 'Otevře se záložka kampaně.', 73, NULL, 1853),
(9092, 'Klikni na tlačítko Vytvořit kampaň', 'Otevře se okno Vytvořit kampaň.', 73, NULL, 1853),
(9093, 'Zadej název pomocí znaků s diakritikou a klikni na tlačítko Vytvořit.', 'Vytvoří se kampaň.', 73, NULL, 1853),
(9094, 'Klikni na záložku Release/Camp z nabídky ', 'Otevře se záložka kampaně.', 73, NULL, 1854),
(9095, 'Klikni na tlačítko Vytvořit kampaň', 'Otevře se okno Vytvořit kampaň.', 73, NULL, 1854),
(9096, 'Zadej název pomocí znaků bez diakritiky a klikni na tlačítko Vytvořit.', 'Vytvoří se kampaň.', 73, NULL, 1854),
(9097, 'Klikni na záložku Release/Camp z nabídky ', 'Otevře se záložka kampaně.', 73, NULL, 1855),
(9098, 'Klikni na tlačítko Vytvořit kampaň', 'Otevře se okno Vytvořit kampaň.', 73, NULL, 1855),
(9099, 'Zadej název pomocí čísel a klikni na tlačítko Vytvořit.', 'Vytvoří se kampaň.', 73, NULL, 1855),
(9100, 'Klikni na záložku Release/Camp z nabídky ', 'Otevře se záložka kampaně.', 73, NULL, 1856),
(9101, 'Klikni na tlačítko Vytvořit kampaň', 'Otevře se okno Vytvořit kampaň.', 73, NULL, 1856),
(9102, 'Zadej název pomocí speciálních znaků a klikni na tlačítko Vytvořit.', 'Vytvoří se kampaň.', 73, NULL, 1856),
(9103, 'Klikni na záložku Release/Camp z nabídky ', 'Otevře se záložka kampaně.', 73, NULL, 1857),
(9104, 'Klikni na tlačítko Vytvořit kampaň', 'Otevře se okno Vytvořit kampaň.', 73, NULL, 1857),
(9105, 'Nech kolonku název prázdnou a klikni na tlačítko Přidat.', 'Nevytvoří se kampaň. Vyskočí Chybová hláška.', 73, NULL, 1857),
(9106, 'Klikni na záložku Release/Camp z nabídky ', 'Otevře se záložka kampaně.', 73, NULL, 1858),
(9107, 'Klikni na tlačítko Vytvořit kampaň', 'Otevře se okno Vytvořit kampaň.', 73, NULL, 1858),
(9108, 'Vyplň kolonku název mezerami/spacebar a klikni na tlačítko Přidat.', 'Nevytvoří se kampaň. Vyskočí Chybová hláška.', 73, NULL, 1858),
(9109, 'Klikni na záložku Release/Camp z nabídky ', 'Otevře se záložka kampaně.', 73, NULL, 1859),
(9110, 'Klikni na tlačítko Vytvořit kampaň', 'Otevře se okno Vytvořit kampaň.', 73, NULL, 1859),
(9111, 'Vyplň kolonku název a klikni na tlačítko Přidat.', 'Vytvoří se kampaň.', 73, NULL, 1859),
(9112, 'Klikni na tlačítko Vytvořit kampaň', 'Otevře se okno Vytvořit kampaň.', 73, NULL, 1859),
(9113, 'Vyplň kolonku název stejným názvem a klikni na tlačítko Přidat.', 'Nevytvoří se kampaň. Vyskočí Chybová hláška.', 73, NULL, 1859),
(9114, 'Klikni na záložku Release/Camp z nabídky ', 'Otevře se záložka kampaně.', 73, NULL, 1860),
(9115, 'Klikni na název kampaně.', 'Otevře se dashboard kampaně.', 73, NULL, 1860),
(9116, 'Klikni na Zpět.', 'Zobrazí se tabulka kampaní. ', 73, NULL, 1860),
(9117, 'Klikni na záložku Release/Camp z nabídky ', 'Otevře se záložka kampaně.', 73, NULL, 1861),
(9118, 'Klikni na Smazat kampaň.', 'Vyskočí okno na smazání kampaně.', 73, NULL, 1861),
(9119, 'Klikni na Smazat kampaň.', 'Smaže se kampaň.', 73, NULL, 1861),
(9120, 'Klikni na záložku Release/Camp z nabídky ', 'Otevře se záložka kampaně.', 73, NULL, 1862),
(9121, 'Klikni na Smazat kampaň.', 'Vyskočí okno na smazání kampaně.', 73, NULL, 1862),
(9122, 'Klikni na Zpět.', 'Nesmaže se kampaň. Otevře se tabulka kampaní.', 73, NULL, 1862),
(9123, 'Klikni na záložku Release/Camp z nabídky ', 'Otevře se záložka kampaně.', 73, NULL, 1863),
(9124, 'V pravo dole klikni na počet zobrazených kampaní na stránku', 'Vyskočí možnosti pro počet zobrazení.', 73, NULL, 1863),
(9125, 'Zvol počet zobrazených kampaní na stránku', 'Zvětšená/Zmenšená tabulka podle počtu  zobrazených kampaní na stránku.', 73, NULL, 1863),
(9126, 'Klikni na záložku Release/Camp z nabídky ', 'Otevře se záložka kampaně.', 73, NULL, 1864),
(9127, 'Klikni na tlačítko Nastavení zobrazení a vyber kolonky, které chceš/nechceš vidět v tabulce.', 'Zmenšená tabulka(odstraněné sloupce) podle Zobrazení.', 73, NULL, 1864),
(9128, 'Klikni na tlačítko Zobrazit všechny sloupce.', 'Zobrazí se nám kompletní tabulka se všemi sloupci.', 73, NULL, 1864),
(9129, 'Klikni na záložku Release/Camp z nabídky ', 'Otevře se záložka kampaně.', 73, NULL, 1865),
(9130, 'Klikni na název kampaně.', 'Otevře se dashboard kampaně.', 73, NULL, 1865),
(9131, 'Napiš komentář a klikni na Vlož komentář.', 'Přidá se komentář', 73, NULL, 1865),
(9132, 'Klikni na záložku Release/Camp z nabídky ', 'Otevře se záložka kampaně.', 73, NULL, 1866),
(9133, 'Klikni na název kampaně.', 'Otevře se dashboard kampaně.', 73, NULL, 1866),
(9134, 'Nech komentář prázdný a klikni na Vlož komentář.', 'Nepřidá se prázdný komentář. Vyskočí chybová hláška. ', 73, NULL, 1866),
(9135, 'Klikni na záložku Release/Camp z nabídky ', 'Otevře se záložka kampaně.', 73, NULL, 1867),
(9136, 'Klikni na Upravit kampaň.', 'Otevře se záložka na úpravu kampaně.', 73, NULL, 1867),
(9137, 'Klikni na záložku Release/Camp z nabídky ', 'Otevře se záložka kampaně.', 73, NULL, 1868),
(9138, 'Klikni na Upravit Test Plan', 'Otevře se záložka na úpravu Test Plánu v daném projektu.', 73, NULL, 1868),
(9139, 'Klikni na záložku Release/Camp z nabídky ', 'Otevře se záložka kampaně.', 73, NULL, 1869),
(9140, 'Klikni na Odebrat Test Plan', 'Vyskočí okno na odebrání Test Plánu z dané kampaně.', 73, NULL, 1869),
(9141, 'Klikni na Odebrat Test Plan', 'Odebere se Test Plán z Kampaně.', 73, NULL, 1869),
(9142, 'Klikni na záložku Release/Camp z nabídky ', 'Otevře se záložka kampaně.', 73, NULL, 1870),
(9143, 'Klikni na Odebrat Test Plan', 'Vyskočí okno na odebrání Test Plánu z dané kampaně.', 73, NULL, 1870),
(9144, 'Klikni na Zpět.', 'Neodebere se Test Plán z Kampaně.', 73, NULL, 1870),
(9145, 'Klikni na záložku Release/Camp z nabídky ', 'Otevře se záložka kampaně.', 73, NULL, 1871),
(9146, 'Klikni na název Test Plánu.', 'Otevře se dashboard Test Plánu.', 73, NULL, 1871),
(9147, 'Klikni na Zpět.', 'Zobrazí se tabulka Test plánu v daném projektu. ', 73, NULL, 1871),
(9148, 'Klikni na modul Release/Camp v levém postraním menu.', 'Otevře se nám okno se seznamem Kampaní', 73, NULL, 1872),
(9149, 'Zde klikněte na jednu z kampaní.', 'Jazyk byl změněn', 73, NULL, 1872),
(9150, 'Klikni na úprava kampaně v levém menším menu ', 'Otevře se nám okno se, kde můžeme vidět tabulku, kde je seznam iterací a milníku', 73, NULL, 1872),
(9151, 'Klikni na modul Release/Camp v levém postraním menu.', 'Otevře se nám okno se seznamem Kampaní', 73, NULL, 1873),
(9152, 'Zde klikněte na jednu z kampaní.', 'Jazyk byl změněn', 73, NULL, 1873),
(9153, 'Klikni na úprava kampaně v levém menším menu ', 'Otevře se nám okno se, kde můžeme vidět tabulku, kde je seznam iterací a milníku', 73, NULL, 1873),
(9154, 'Klikni na přidat Iteraci', 'Otevře se nám okno s prázdnými kolonkami název, popis.', 73, NULL, 1873),
(9155, 'Zde  vyplnte název za pomocí znaků s diakritikou a klikněte na tlačítko Přidat', 'Iterace byla přidána', 73, NULL, 1873),
(9156, 'Klikni na modul Release/Camp v levém postraním menu.', 'Otevře se nám okno se seznamem Kampaní', 73, NULL, 1874),
(9157, 'Zde klikněte na jednu z kampaní.', 'Jazyk byl změněn', 73, NULL, 1874),
(9158, 'Klikni na úprava kampaně v levém menším menu ', 'Otevře se nám okno se, kde můžeme vidět tabulku, kde je seznam iterací a milníku', 73, NULL, 1874),
(9159, 'Klikni na přidat Iteraci', 'Otevře se nám okno s prázdnými kolonkami název, popis.', 73, NULL, 1874),
(9160, 'Zde  vyplnte název za pomocí znaků bez diakritikou a klikněte na tlačítko Přidat', 'Iterace byla přidána', 73, NULL, 1874),
(9161, 'Klikni na modul Release/Camp v levém postraním menu.', 'Otevře se nám okno se seznamem Kampaní', 73, NULL, 1875),
(9162, 'Zde klikněte na jednu z kampaní.', 'Jazyk byl změněn', 73, NULL, 1875),
(9163, 'Klikni na úprava kampaně v levém menším menu ', 'Otevře se nám okno se, kde můžeme vidět tabulku, kde je seznam iterací a milníku', 73, NULL, 1875),
(9164, 'Klikni na přidat Iteraci', 'Otevře se nám okno s prázdnými kolonkami název, popis.', 73, NULL, 1875),
(9165, 'Zde  vyplnte název za pomocí čísel', 'Iterace byla přidána', 73, NULL, 1875),
(9166, 'Klikni na modul Release/Camp v levém postraním menu.', 'Otevře se nám okno se seznamem Kampaní', 73, NULL, 1876),
(9167, 'Zde klikněte na jednu z kampaní.', 'Jazyk byl změněn', 73, NULL, 1876),
(9168, 'Klikni na úprava kampaně v levém menším menu ', 'Otevře se nám okno se, kde můžeme vidět tabulku, kde je seznam iterací a milníku', 73, NULL, 1876),
(9169, 'Klikni na přidat Iteraci', 'Otevře se nám okno s prázdnými kolonkami název, popis.', 73, NULL, 1876),
(9170, 'Zde  vyplnte název za pomocí speciálních znaků a klikněte na tlačítko Přidat', 'Iterace byla přidána', 73, NULL, 1876),
(9171, 'Klikni na modul Release/Camp v levém postraním menu.', 'Otevře se nám okno se seznamem Kampaní', 73, NULL, 1877),
(9172, 'Zde klikněte na jednu z kampaní.', 'Jazyk byl změněn', 73, NULL, 1877),
(9173, 'Klikni na úprava kampaně v levém menším menu ', 'Otevře se nám okno se, kde můžeme vidět tabulku, kde je seznam iterací a milníku', 73, NULL, 1877),
(9174, 'Klikni na přidat Iteraci', 'Otevře se nám okno s prázdnými kolonkami název, popis.', 73, NULL, 1877),
(9175, 'Zde  nevyplnujte název a klikněte na tlačítko Přidat', 'Iterace se nepřidá. ', 73, NULL, 1877),
(9176, 'Klikni na modul Release/Camp v levém postraním menu.', 'Otevře se nám okno se seznamem Kampaní', 73, NULL, 1878),
(9177, 'Zde klikněte na jednu z kampaní.', 'Jazyk byl změněn', 73, NULL, 1878),
(9178, 'Klikni na úprava kampaně v levém menším menu ', 'Otevře se nám okno se, kde můžeme vidět tabulku, kde je seznam iterací a milníku', 73, NULL, 1878),
(9179, 'Klikni na přidat Iteraci', 'Otevře se nám okno s prázdnými kolonkami název, popis.', 73, NULL, 1878),
(9180, 'Zde  po vyplnění názvu, vyplnte popis za pomocí znaků s diakritikou a klikněte na tlačítko Přidat', 'Iterace byla přidána', 73, NULL, 1878),
(9181, 'Klikni na modul Release/Camp v levém postraním menu.', 'Otevře se nám okno se seznamem Kampaní', 73, NULL, 1879),
(9182, 'Zde klikněte na jednu z kampaní.', 'Jazyk byl změněn', 73, NULL, 1879),
(9183, 'Klikni na úprava kampaně v levém menším menu ', 'Otevře se nám okno se, kde můžeme vidět tabulku, kde je seznam iterací a milníku', 73, NULL, 1879),
(9184, 'Klikni na přidat Iteraci', 'Otevře se nám okno s prázdnými kolonkami název, popis.', 73, NULL, 1879),
(9185, 'Zde  po vyplnění názvu, vyplnte popis za pomocí znaků bez diakritiky a klikněte na tlačítko Přidat', 'Iterace byla přidána', 73, NULL, 1879),
(9186, 'Klikni na modul Release/Camp v levém postraním menu.', 'Otevře se nám okno se seznamem Kampaní', 73, NULL, 1880),
(9187, 'Zde klikněte na jednu z kampaní.', 'Jazyk byl změněn', 73, NULL, 1880),
(9188, 'Klikni na úprava kampaně v levém menším menu ', 'Otevře se nám okno se, kde můžeme vidět tabulku, kde je seznam iterací a milníku', 73, NULL, 1880),
(9189, 'Klikni na přidat Iteraci', 'Otevře se nám okno s prázdnými kolonkami název, popis.', 73, NULL, 1880),
(9190, 'Zde  po vyplnění názvu, vyplnte popis za pomocí speciálních znaků a klikněte na tlačítko Přidat', 'Iterace byla přidána', 73, NULL, 1880),
(9191, 'Klikni na modul Release/Camp v levém postraním menu.', 'Otevře se nám okno se seznamem Kampaní', 73, NULL, 1881),
(9192, 'Zde klikněte na jednu z kampaní.', 'Jazyk byl změněn', 73, NULL, 1881),
(9193, 'Klikni na úprava kampaně v levém menším menu ', 'Otevře se nám okno se, kde můžeme vidět tabulku, kde je seznam iterací a milníku', 73, NULL, 1881),
(9194, 'Klikni na přidat Iteraci', 'Otevře se nám okno s prázdnými kolonkami název, popis.', 73, NULL, 1881),
(9195, 'Zde  po vyplnění názvu, vyplnte popis za pomocí čísel  a klikněte na tlačítko Přidat', 'Iterace byla přidána', 73, NULL, 1881),
(9196, 'Klikni na modul Release/Camp v levém postraním menu.', 'Otevře se nám okno se seznamem Kampaní', 73, NULL, 1882),
(9197, 'Zde klikněte na jednu z kampaní.', 'Jazyk byl změněn', 73, NULL, 1882),
(9198, 'Klikni na úprava kampaně v levém menším menu ', 'Otevře se nám okno se, kde můžeme vidět tabulku, kde je seznam iterací a milníku', 73, NULL, 1882),
(9199, 'Klikni na přidat Iteraci', 'Otevře se nám okno s prázdnými kolonkami název, popis.', 73, NULL, 1882),
(9200, 'Zde  po vyplnění názvu, nevyplnujte popis a klikněte na tlačítko Přidat', 'Iterace byla přidána', 73, NULL, 1882),
(9201, 'Klikni na modul Release/Camp v levém postraním menu.', 'Otevře se nám okno se seznamem Kampaní', 73, NULL, 1883),
(9202, 'Zde klikněte na jednu z kampaní.', 'Jazyk byl změněn', 73, NULL, 1883),
(9203, 'Klikni na úprava kampaně v levém menším menu ', 'Otevře se nám okno se, kde můžeme vidět tabulku, kde je seznam iterací a milníku', 73, NULL, 1883),
(9204, 'Klikni na přidat Iteraci', 'Otevře se nám okno s prázdnými kolonkami název, popis.', 73, NULL, 1883),
(9205, 'Zde  po vyplnění názvu a popisu, vyberte datum od kdy bude iterace probíhat a klikněte na tlačítko Přidat', 'Iterace byla přidána', 73, NULL, 1883),
(9206, 'Klikni na modul Release/Camp v levém postraním menu.', 'Otevře se nám okno se seznamem Kampaní', 73, NULL, 1884),
(9207, 'Zde klikněte na jednu z kampaní.', 'Jazyk byl změněn', 73, NULL, 1884),
(9208, 'Klikni na úprava kampaně v levém menším menu ', 'Otevře se nám okno se, kde můžeme vidět tabulku, kde je seznam iterací a milníku', 73, NULL, 1884),
(9209, 'Klikni na přidat Iteraci', 'Otevře se nám okno s prázdnými kolonkami název, popis.', 73, NULL, 1884),
(9210, 'Zde  po vyplnění názvu a popisu, vyberte datum do kdy bude iterace probíhat a klikněte na tlačítko Přidat', 'Iterace byla přidána', 73, NULL, 1884),
(9211, 'Klikni na modul Release/Camp v levém postraním menu.', 'Otevře se nám okno se seznamem Kampaní', 73, NULL, 1885),
(9212, 'Zde klikněte na jednu z kampaní.', 'Jazyk byl změněn', 73, NULL, 1885),
(9213, 'Klikni na úprava kampaně v levém menším menu ', 'Otevře se nám okno se, kde můžeme vidět tabulku, kde je seznam iterací a milníku', 73, NULL, 1885),
(9214, 'Klikni na přidat Iteraci', 'Otevře se nám okno s prázdnými kolonkami název, popis.', 73, NULL, 1885),
(9215, 'Zde  po vyplnění názvu, popisu a datumu od do kdy bude iterace probíhat , vyberte barvu jakou bude mít průběh iterace a klikněte na tlačítko Přidat', 'Iterace byla přidána', 73, NULL, 1885),
(9216, 'Klikni na modul Release/Camp v levém postraním menu.', 'Otevře se nám okno se seznamem Kampaní', 73, NULL, 1886),
(9217, 'Zde klikněte na jednu z kampaní.', 'Jazyk byl změněn', 73, NULL, 1886),
(9218, 'Klikni na úprava kampaně v levém menším menu ', 'Otevře se nám okno se, kde můžeme vidět tabulku, kde je seznam iterací a milníku', 73, NULL, 1886),
(9219, 'Klikni na přidat Milník', 'Otevře se nám okno s prázdnými kolonkami název, popis.', 73, NULL, 1886),
(9220, 'Zde  vyplnte název za pomocí znaků s diakritikou a klikněte na tlačítko Přidat', 'Milník byla přidána', 73, NULL, 1886),
(9221, 'Klikni na modul Release/Camp v levém postraním menu.', 'Otevře se nám okno se seznamem Kampaní', 73, NULL, 1887),
(9222, 'Zde klikněte na jednu z kampaní.', 'Jazyk byl změněn', 73, NULL, 1887),
(9223, 'Klikni na úprava kampaně v levém menším menu ', 'Otevře se nám okno se, kde můžeme vidět tabulku, kde je seznam iterací a milníku', 73, NULL, 1887),
(9224, 'Klikni na přidat Milník', 'Otevře se nám okno s prázdnými kolonkami název, popis.', 73, NULL, 1887),
(9225, 'Zde  vyplnte název za pomocí znaků bez diakritikou a klikněte na tlačítko Přidat', 'Milník byla přidána', 73, NULL, 1887),
(9226, 'Klikni na modul Release/Camp v levém postraním menu.', 'Otevře se nám okno se seznamem Kampaní', 73, NULL, 1888),
(9227, 'Zde klikněte na jednu z kampaní.', 'Jazyk byl změněn', 73, NULL, 1888),
(9228, 'Klikni na úprava kampaně v levém menším menu ', 'Otevře se nám okno se, kde můžeme vidět tabulku, kde je seznam iterací a milníku', 73, NULL, 1888),
(9229, 'Klikni na přidat Milník', 'Otevře se nám okno s prázdnými kolonkami název, popis.', 73, NULL, 1888),
(9230, 'Zde  vyplnte název za pomocí čísel', 'Milník byla přidán', 73, NULL, 1888),
(9231, 'Klikni na modul Release/Camp v levém postraním menu.', 'Otevře se nám okno se seznamem Kampaní', 73, NULL, 1889),
(9232, 'Zde klikněte na jednu z kampaní.', 'Jazyk byl změněn', 73, NULL, 1889),
(9233, 'Klikni na úprava kampaně v levém menším menu ', 'Otevře se nám okno se, kde můžeme vidět tabulku, kde je seznam iterací a milníku', 73, NULL, 1889),
(9234, 'Klikni na přidat Milník', 'Otevře se nám okno s prázdnými kolonkami název, popis.', 73, NULL, 1889),
(9235, 'Zde  vyplnte název za pomocí speciálních znaků a klikněte na tlačítko Přidat', 'Milník byl přidán', 73, NULL, 1889),
(9236, 'Klikni na modul Release/Camp v levém postraním menu.', 'Otevře se nám okno se seznamem Kampaní', 73, NULL, 1890),
(9237, 'Zde klikněte na jednu z kampaní.', 'Jazyk byl změněn', 73, NULL, 1890),
(9238, 'Klikni na úprava kampaně v levém menším menu ', 'Otevře se nám okno se, kde můžeme vidět tabulku, kde je seznam iterací a milníku', 73, NULL, 1890),
(9239, 'Klikni na přidat Milník', 'Otevře se nám okno s prázdnými kolonkami název, popis.', 73, NULL, 1890),
(9240, 'Zde  nevyplnujte název a klikněte na tlačítko Přidat', 'Milník se nepřidá. ', 73, NULL, 1890),
(9241, 'Klikni na modul Release/Camp v levém postraním menu.', 'Otevře se nám okno se seznamem Kampaní', 73, NULL, 1891),
(9242, 'Zde klikněte na jednu z kampaní.', 'Jazyk byl změněn', 73, NULL, 1891),
(9243, 'Klikni na úprava kampaně v levém menším menu ', 'Otevře se nám okno se, kde můžeme vidět tabulku, kde je seznam iterací a milníku', 73, NULL, 1891),
(9244, 'Klikni na přidat Milník', 'Otevře se nám okno s prázdnými kolonkami název, popis.', 73, NULL, 1891),
(9245, 'Zde  po vyplnění názvu, vyplnte popis za pomocí znaků s diakritikou a klikněte na tlačítko Přidat', 'Milník byl přidán', 73, NULL, 1891),
(9246, 'Klikni na modul Release/Camp v levém postraním menu.', 'Otevře se nám okno se seznamem Kampaní', 73, NULL, 1892),
(9247, 'Zde klikněte na jednu z kampaní.', 'Jazyk byl změněn', 73, NULL, 1892),
(9248, 'Klikni na úprava kampaně v levém menším menu ', 'Otevře se nám okno se, kde můžeme vidět tabulku, kde je seznam iterací a milníku', 73, NULL, 1892),
(9249, 'Klikni na přidat Milník', 'Otevře se nám okno s prázdnými kolonkami název, popis.', 73, NULL, 1892),
(9250, 'Zde  po vyplnění názvu, vyplnte popis za pomocí znaků bez diakritiky a klikněte na tlačítko Přidat', 'Milník byl přidán', 73, NULL, 1892),
(9251, 'Klikni na modul Release/Camp v levém postraním menu.', 'Otevře se nám okno se seznamem Kampaní', 73, NULL, 1893),
(9252, 'Zde klikněte na jednu z kampaní.', 'Jazyk byl změněn', 73, NULL, 1893),
(9253, 'Klikni na úprava kampaně v levém menším menu ', 'Otevře se nám okno se, kde můžeme vidět tabulku, kde je seznam iterací a milníku', 73, NULL, 1893),
(9254, 'Klikni na přidat Milník', 'Otevře se nám okno s prázdnými kolonkami název, popis.', 73, NULL, 1893),
(9255, 'Zde  po vyplnění názvu, vyplnte popis za pomocí speciálních znaků a klikněte na tlačítko Přidat', 'Milník byl přidán', 73, NULL, 1893),
(9256, 'Klikni na modul Release/Camp v levém postraním menu.', 'Otevře se nám okno se seznamem Kampaní', 73, NULL, 1894),
(9257, 'Zde klikněte na jednu z kampaní.', 'Jazyk byl změněn', 73, NULL, 1894),
(9258, 'Klikni na úprava kampaně v levém menším menu ', 'Otevře se nám okno se, kde můžeme vidět tabulku, kde je seznam iterací a milníku', 73, NULL, 1894),
(9259, 'Klikni na přidat Milník', 'Otevře se nám okno s prázdnými kolonkami název, popis.', 73, NULL, 1894),
(9260, 'Zde  po vyplnění názvu, vyplnte popis za pomocí čísel  a klikněte na tlačítko Přidat', 'Milník byla přidána', 73, NULL, 1894),
(9261, 'Klikni na modul Release/Camp v levém postraním menu.', 'Otevře se nám okno se seznamem Kampaní', 73, NULL, 1895),
(9262, 'Zde klikněte na jednu z kampaní.', 'Jazyk byl změněn', 73, NULL, 1895),
(9263, 'Klikni na úprava kampaně v levém menším menu ', 'Otevře se nám okno se, kde můžeme vidět tabulku, kde je seznam iterací a milníku', 73, NULL, 1895),
(9264, 'Klikni na přidat Milník', 'Otevře se nám okno s prázdnými kolonkami název, popis.', 73, NULL, 1895),
(9265, 'Zde  po vyplnění názvu, nevyplnujte popis a klikněte na tlačítko Přidat', 'Milník byl přidán', 73, NULL, 1895),
(9266, 'Klikni na modul Release/Camp v levém postraním menu.', 'Otevře se nám okno se seznamem Kampaní', 73, NULL, 1896),
(9267, 'Zde klikněte na jednu z kampaní.', 'Jazyk byl změněn', 73, NULL, 1896),
(9268, 'Klikni na úprava kampaně v levém menším menu ', 'Otevře se nám okno se, kde můžeme vidět tabulku, kde je seznam iterací a milníku', 73, NULL, 1896),
(9269, 'Klikni na přidat Milník', 'Otevře se nám okno s prázdnými kolonkami název, popis.', 73, NULL, 1896),
(9270, 'Zde  po vyplnění názvu a popisu, vyberte datum kdy bude milník probíhat a klikněte na tlačítko Přidat', 'Milník byl přidán', 73, NULL, 1896),
(9271, 'Klikni na modul Release/Camp v levém postraním menu.', 'Otevře se nám okno se seznamem Kampaní', 73, NULL, 1897),
(9272, 'Zde klikněte na jednu z kampaní.', 'Jazyk byl změněn', 73, NULL, 1897),
(9273, 'Klikni na úprava kampaně v levém menším menu ', 'Otevře se nám okno se, kde můžeme vidět tabulku, kde je seznam iterací a milníku', 73, NULL, 1897),
(9274, 'Klikni na přidat Milník', 'Otevře se nám okno s prázdnými kolonkami název, popis.', 73, NULL, 1897),
(9275, 'Zde  po vyplnění názvu a popisu, vyberte důležitost daného milníku a klikněte na tlačítko Přidat', 'Milník byl přidán', 73, NULL, 1897),
(9276, 'Klikni na modul Release/Camp v levém postraním menu.', 'Otevře se nám okno se seznamem Kampaní', 73, NULL, 1898),
(9277, 'Zde klikněte na jednu z kampaní.', 'Jazyk byl změněn', 73, NULL, 1898),
(9278, 'Klikni na úprava kampaně v levém menším menu ', 'Otevře se nám okno se, kde můžeme vidět tabulku, kde je seznam iterací a milníku', 73, NULL, 1898);
INSERT INTO `test_step` (`id`, `precondition`, `expected_result`, `creator_id`, `create_date`, `test_case_id`) VALUES
(9279, 'Klikni na Smazat Kampaň', 'Otevře se nám okno, kde je otázka \"Stále si to přejete? \"', 73, NULL, 1898),
(9280, 'Znovu klikněte na smazat.', 'Kampaň byla smazána.', 73, NULL, 1898),
(9281, 'Klikni na záložku Projekty z nabídky.', 'Otevře se záložka projekty. ', 73, NULL, 1899),
(9282, 'Klikni na tlačítko Vytvořit projekt. ', 'Otevře se okno Vytvořit projekt.', 73, NULL, 1899),
(9283, 'Zadej název pomocí znaků s diakritikou a klikni na tlačítko přidat.', 'Vytvoří se nový projekt.', 73, NULL, 1899),
(9284, 'Klikni na záložku Projekty z nabídky.', 'Otevře se záložka projekty.', 73, NULL, 1900),
(9285, 'Klikni na tlačítko Vytvořit projekt. ', 'Otevře se okno Vytvořit projekt.', 73, NULL, 1900),
(9286, 'Zadej název pomocí znaků bez diakritiky a klikni na tlačítko přidat.', 'Vytvoří se projekt. ', 73, NULL, 1900),
(9287, 'Klikni na záložku Projekty z nabídky.', 'Otevře se záložka projekty.', 73, NULL, 1901),
(9288, 'Klikni na tlačítko Vytvořit projekt. ', 'Otevře se okno Vytvořit projekt.', 73, NULL, 1901),
(9289, 'Zadej název pomocí čísel a klikni na tlačítko přidat.', 'Vytvoří se projekt. ', 73, NULL, 1901),
(9290, 'Klikni na záložku Projekty z nabídky.', 'Otevře se záložka projekty.', 73, NULL, 1902),
(9291, 'Klikni na tlačítko Vytvořit projekt. ', 'Otevře se okno Vytvořit projekt.', 73, NULL, 1902),
(9292, 'Zadej název pomocí speciálních znaků a klikni na tlačítko přidat.', 'Vytvoří se projekt. ', 73, NULL, 1902),
(9293, 'Klikni na záložku Projekty z nabídky.', 'Otevře se záložka projekty.', 73, NULL, 1903),
(9294, 'Klikni na tlačítko Vytvořit projekt. ', 'Otevře se okno Vytvořit projekt.', 73, NULL, 1903),
(9295, 'Nech kolonku název prázdnou a klikni na tlačítko přidat.', 'Nevytvoří se projekt. Vyskočí tabulka Zadej název.', 73, NULL, 1903),
(9296, 'Klikni na záložku Projekty z nabídky.', 'Otevře se záložka projekty.', 73, NULL, 1904),
(9297, 'Klikni na tlačítko Vytvořit projekt. ', 'Otevře se okno Vytvořit projekt.', 73, NULL, 1904),
(9298, 'Vyplň kolonku název mezerama(spacebar/mezerník) a klikni na tlačítko přidat.', 'Nevytvoří se projekt. Vyskočí tabulka Zadej název.', 73, NULL, 1904),
(9299, 'Klikni na záložku Projekty z nabídky.', 'Otevře se záložka projekty.', 73, NULL, 1905),
(9300, 'Klikni na tlačítko Vytvořit projekt. ', 'Otevře se okno Vytvořit projekt.', 73, NULL, 1905),
(9301, 'Zadej název a zadej popis a klikni na tlačítko přidat.', 'Vytvoří se nový projekt.', 73, NULL, 1905),
(9302, 'Klikni na tlačítko Vytvořit projekt. ', 'Otevře se okno Vytvořit projekt.', 73, NULL, 1905),
(9303, 'Vytvoř nový projekt se stejným názvem a klikni na tlačítko přidat.', 'Nevytvoří se nový projekt. Vyskočí hláška Projekt s tímto názvem již existuje.', 73, NULL, 1905),
(9304, 'Klikni na záložku Projekty z nabídky.', 'Otevře se záložka projekty.', 73, NULL, 1906),
(9305, 'Klikni na tlačítko Vytvořit projekt. ', 'Otevře se okno Vytvořit projekt.', 73, NULL, 1906),
(9306, 'Vyplň kolonku název a zadej popis pomocí znaků s diakritikou.', 'Vytvoří se projekt. ', 73, NULL, 1906),
(9307, 'Klikni na záložku Projekty z nabídky.', 'Otevře se záložka projekty.', 73, NULL, 1907),
(9308, 'Klikni na tlačítko Vytvořit projekt. ', 'Otevře se okno Vytvořit projekt.', 73, NULL, 1907),
(9309, 'Vyplň kolonku název a zadej popis pomocí znaků bez diakritiky a klikni na tlačítko přidat.', 'Vytvoří se projekt. ', 73, NULL, 1907),
(9310, 'Klikni na záložku Projekty z nabídky.', 'Otevře se záložka projekty.', 73, NULL, 1908),
(9311, 'Klikni na tlačítko Vytvořit projekt. ', 'Otevře se okno Vytvořit projekt.', 73, NULL, 1908),
(9312, 'Vyplň kolonku název a zadej popis pomocí čísel a klikni na tlačítko přidat.', 'Vytvoří se projekt. ', 73, NULL, 1908),
(9313, 'Klikni na záložku Projekty z nabídky.', 'Otevře se záložka projekty.', 73, NULL, 1909),
(9314, 'Klikni na tlačítko Vytvořit projekt. ', 'Otevře se okno Vytvořit projekt.', 73, NULL, 1909),
(9315, 'Vyplň kolonku název a zadej popis pomocí speciálních znaků a klikni na tlačítko přidat.', 'Vytvoří se projekt. ', 73, NULL, 1909),
(9316, 'Klikni na záložku Projekty z nabídky.', 'Otevře se záložka projekty.', 73, NULL, 1910),
(9317, 'Klikni na tlačítko Vytvořit projekt. ', 'Otevře se okno Vytvořit projekt.', 73, NULL, 1910),
(9318, 'Vyplň kolonku název a kolonku popis nech prázdnou a klikni na tlačítko přidat.', 'Vytvoří se projekt. ', 73, NULL, 1910),
(9319, 'Klikni na záložku Projekty z nabídky.', 'Otevře se záložka projekty.', 73, NULL, 1911),
(9320, 'Klikni na tlačítko Vytvořit projekt. ', 'Otevře se okno Vytvořit projekt.', 73, NULL, 1911),
(9321, 'Vyplň kolonku název a zadej popis mezerama(spacebar/mezerník) a klikni na tlačítko přidat.', 'Vytvoří se projekt. ', 73, NULL, 1911),
(9322, 'Klikni na záložku Projekty z nabídky.', 'Otevře se záložka projekty.', 73, NULL, 1912),
(9323, 'Klikni na tlačítko Vytvořit projekt. ', 'Otevře se okno Vytvořit projekt.', 73, NULL, 1912),
(9324, 'Zadej název a zadej popis a klikni na tlačítko přidat.', 'Vytvoří se nový projekt.', 73, NULL, 1912),
(9325, 'Klikni na tlačítko Vytvořit projekt. ', 'Otevře se okno Vytvořit projekt.', 73, NULL, 1912),
(9326, 'Vytvoř nový projekt se stejným popisem a klikni na tlačítko přidat.', 'Vytvoří se nový projekt.', 73, NULL, 1912),
(9327, 'Klikni na záložku Projekty z nabídky.', 'Otevře se záložka projekty.', 73, NULL, 1913),
(9328, 'Klikni na tlačítko Vytvořit projekt. ', 'Otevře se okno Vytvořit projekt.', 73, NULL, 1913),
(9329, 'Vyplň kolonku název a zadej popis a klikni na tlačítko Zavřít.', 'Zavře se okno Vytvořit projekt.', 73, NULL, 1913),
(9330, 'Klikni znovu na tlačítko Vytvořit projekt.', 'Vyskočí okno Vytvořit projekt s vyplěnými informacemi.', 73, NULL, 1913),
(9331, 'Klikni na tlačítko přidat.', 'Vytvoří se projekt. ', 73, NULL, 1913),
(9332, 'Klikni na záložku Projekty z nabídky.', 'Otevře se záložka projekty.', 73, NULL, 1914),
(9333, 'Klikni na tlačítko Nastavení zobrazení a vyber kolonky, které chceš/nechceš vidět v tabulce.', 'Zmenšená tabulka(odstraněné sloupce) podle Zobrazení.', 73, NULL, 1914),
(9334, 'Klikni na tlačítko Zobrazit všechny sloupce.', 'Zobrazí se nám kompletní tabulka se všemi sloupci.', 73, NULL, 1914),
(9335, 'Klikni na záložku Projekty z nabídky.', 'Otevře se záložka projekty.', 73, NULL, 1915),
(9336, 'V pravo dole klikni na počet zobrazených Projektů na stránku', 'Vyskočí možnosti pro počet zobrazení.', 73, NULL, 1915),
(9337, 'Zvol počet zobrazených Projektů na stránku', 'Zvětšená/Zmenšená tabulka podle počtu  zobrazených Projektů na stránku.', 73, NULL, 1915),
(9338, 'Klikni na záložku Projekty z nabídky.', 'Otevře se záložka projekty.', 73, NULL, 1916),
(9339, 'V levo nahoře klikni na Archiv', 'Otevře se záložka Archiv.', 73, NULL, 1916),
(9340, 'Klikni na záložku Projekty z nabídky.', 'Otevře se záložka projekty.', 73, NULL, 1917),
(9341, 'V levo nahoře klikni na Archiv', 'Otevře se záložka Archiv.', 73, NULL, 1917),
(9342, 'V pravo dole klikni na počet zobrazených Projektů na stránku', 'Vyskočí možnosti pro počet zobrazení.', 73, NULL, 1917),
(9343, 'Zvol počet zobrazených Projektů na stránku', 'Zvětšená/Zmenšená tabulka podle počtu  zobrazených Projektů v Archivu  na stránku.', 73, NULL, 1917),
(9344, 'Klikni na záložku Projekty z nabídky.', 'Otevře se záložka projekty.', 73, NULL, 1918),
(9345, 'V levo nahoře klikni na Archiv', 'Otevře se záložka Archiv.', 73, NULL, 1918),
(9346, 'Klikni na tlačítko Nastavení zobrazení a vyber kolonky, které chceš/nechceš vidět v tabulce.', 'Zmenšená tabulka(odstraněné sloupce) podle Zobrazení.', 73, NULL, 1918),
(9347, 'Klikni na tlačítko Zobrazit všechny sloupce.', 'Zobrazí se nám kompletní tabulka se všemi sloupci.', 73, NULL, 1918),
(9348, 'Otevři projekt a klikni na záložku Test Plan', 'Otevře se ti záložka test plánu', 73, NULL, 1919),
(9349, 'Klikni na vytvořit Test Plan', 'Otevře se okénko Vytvořit Test Plan', 73, NULL, 1919),
(9350, 'Zde vypln název pomocí znaků s diakritikou a vyber, jaké Test Case chceš aby Test Plan testoval a klikni na tlačítko Přidat', 'Vytvořil se Test Plan', 73, NULL, 1919),
(9351, 'Otevři projekt a klikni na záložku Test Plan', 'otevře se ti záložka test plánu', 73, NULL, 1920),
(9352, 'Klikni na vytvořit Test Plan', 'Otevře se okénko Vytvořit Test Plan', 73, NULL, 1920),
(9353, 'Zde vypln název pomocí Čísel a vyber, jaké Test Case chceš aby Test Plan testoval a klikni na tlačítko Přidat', 'Vytvořil se Test Plan', 73, NULL, 1920),
(9354, 'Otevři projekt a klikni na záložku Test Plan', 'otevře se ti záložka test plánu', 73, NULL, 1921),
(9355, 'Klikni na vytvořit Test Plan', 'Otevře se okénko Vytvořit Test Plan', 73, NULL, 1921),
(9356, 'Zde vypln název pomocí Speciálních Znaků a vyber, jaké Test Case chceš aby Test Plan testoval a klikni na tlačitko Přidat', 'Vytvořil se Test Plan', 73, NULL, 1921),
(9357, 'Otevři projekt a klikni na záložku Test Plan', 'otevře se ti záložka test plánu', 73, NULL, 1922),
(9358, 'Klikni na vytvořit Test Plan', 'Otevře se okénko Vytvořit Test Plan', 73, NULL, 1922),
(9359, 'Zde nevyplnuj název pouze si vyber jaké Test Case chceš aby Test Plan testoval a klikni na tlačítko Přidat', 'Test Plan se nevytvořil, protože do kolonky s názvem musí být něco napsáno', 73, NULL, 1922),
(9360, 'Otevři projekt a záložku Test Plan', 'Otevře se ti záložka Test Planu', 73, NULL, 1923),
(9361, 'Klikni na vytvořit Test Plan ', 'Otevře se okénko Vytvořit Test Plan', 73, NULL, 1923),
(9362, 'Zde nevyplnujte název jen vyberte Test Casy,  které chcete aby byly v tomto Test Planu testovány klikněte na tlačítko Přidat', 'Test Plan se nevytvořil, a vyskočila hláška, že jméno  Test Planu již bylo použito.', 73, NULL, 1923),
(9363, 'Otevři projekt a klikni na záložku Test Plan', 'otevře se ti záložka test plánu', 73, NULL, 1924),
(9364, 'Klikni na vytvořit Test Sprint', 'Otevře se okénko Vytvořit Test Sprint', 73, NULL, 1924),
(9365, 'Zde vypln název pomocí Čísel a vyber datum od kdy do kdy by měl Test Sprint fungovat a k jakému Test Planu má být přiřazen', 'Vytvořil se Test Sprint', 73, NULL, 1924),
(9366, 'Otevři projekt a klikni na záložku Test Plan', 'otevře se ti záložka test plánu', 73, NULL, 1925),
(9367, 'Klikni na vytvořit Test Plan', 'Otevře se okénko Vytvořit Test Plan', 73, NULL, 1925),
(9368, 'Zde vypln název pomocí Speciálních znaků a vyber datum od kdy do kdy by měl Test Sprint fungovat a k jakému Test Planu má být přiřazen', 'Vytvořil se Test Plan', 73, NULL, 1925),
(9369, 'Otevři projekt a klikni na záložku Test Plan', 'otevře se ti záložka test plánu', 73, NULL, 1926),
(9370, 'Klikni na vytvořit Test Plan', 'Otevře se okénko Vytvořit Test Plan', 73, NULL, 1926),
(9371, 'Zde nevyplnuj název pouze vyber datum od kdy do kdy by měl Test Sprint fungovat a k jakému Test Planu má být přiřazen', 'Test Sprint se nevytvořil, protože do kolonky s názvem musí být něco napsáno', 73, NULL, 1926),
(9372, 'Otevři projekt a záložku Test Plan', 'Otevře se ti záložka Test Planu', 73, NULL, 1927),
(9373, 'Klikni na vytvořit Test Sprint', 'Otevře se okénko Vytvořit Test Sprint', 73, NULL, 1927),
(9374, 'Zde napište stejný název který už má některý z Test Spritu', 'Test Sprint se nevytvořil, a vyskočila hláška, že jméno tohoto Test Planu již bylo vytvořeno', 73, NULL, 1927),
(9375, 'Otevři projekt a klikni na záložku Test Plan', 'Otevře se ti záložka test plánu', 73, NULL, 1928),
(9376, 'Klikni na vytvořit Test Sprint', 'Otevře se okénko Vytvořit Test Sprint', 73, NULL, 1928),
(9377, 'Zde vypln název pomocí znaků s diakritikou a vyber datum od kdy do kdy by měl Test Sprint fungovat a k jakému Test Planu má být přiřazen', 'Vytvořil se Test Sprint', 73, NULL, 1928),
(9378, 'Otevři projekt a klikni na záložku Test Plan', 'Otevře se ti záložka test plánu', 73, NULL, 1929),
(9379, 'Klikni na modré tlačítko, které se nachází pod tlačítkem Vytvořit nový Test Sprint', 'Stránka se rozšírí o 4 údaje na seznamem s Test Plany', 73, NULL, 1929),
(9380, 'Zde můžete napsat do názvu jakýkoliv text do kolonky název a podle toho jestli se to bude shodovat s nějakým názvem Test Planu se budou zobrazovat výsledky', 'Zobrazení výsledku', 73, NULL, 1929),
(9381, 'Při  kliknutí na Vytvoril TP se vám zobrází seznam lidí ,které se na daném projektu podílejí. Vyberte jednoho ze seznamu ', 'Seznam test Planu se změní jsou vidět pouze TSety, které byl vytvořeny vybraným uživatelem.', 73, NULL, 1929),
(9382, 'Dále je zde možnost vyhledávat pomocí datumu. Kliknutím na první kolonku se vám zobrazí kalendář a vy si vyberete od jakého data vytvoření Test Stepy hledáte. To samé i u druhé akorát zadáváte konečné datum', 'Zobrazí se seznam Test Planu které byly vytvořeny v daném intervalu.', 73, NULL, 1929),
(9383, 'Otevři projekt a klikni na záložku Test Plan', 'Otevře se ti záložka test plánu', 73, NULL, 1930),
(9384, 'Klikněte na bílé tlačítko s ozubeným kolem', 'Zobrazí se vám malý seznam ', 73, NULL, 1930),
(9385, 'Zde jsou můžeme vidět  názvy jednotlivích sloupců v seznamu ,které jsou zaškrtnuté.Kliknutím na název se seznam upraví. a to polícko už nebude zaškrtnuté.', 'Seznam byl upravený', 73, NULL, 1930),
(9386, 'Když kliknete na všechny názvy tak celý seznam zmizí', 'Není vidět žadný Test Plan', 73, NULL, 1930),
(9387, 'Pokud to bude chtít vrátit do původní podoby tak kliknutím na nápis Zobraziť všechny sloupce', 'Seznam se vratí do původní podoby', 73, NULL, 1930),
(9388, 'Otevři projekt a klikni na záložku Test Plan', 'Otevře se ti záložka test plánu', 73, NULL, 1931),
(9389, 'Klikněte na modře zvýrayněný název vybraného Test Stepu.', 'Zobrazí se nová stránka', 73, NULL, 1931),
(9390, 'Zde můžeme vidět, Plan jak by měl Test Plan probíhat a jak se od něj  v realitě lisí.', 'Test Plan : Realita vs Plan', 73, NULL, 1931),
(9391, 'Status Test Planu,  ', 'Zobrazení počtu Test Exekucí již proběhlo a kolik z nich bylo Failed,Passed Nebo jeste neproběhli', 73, NULL, 1931),
(9392, 'A také je zde vidět Ganttuv Diagram, ', 'Zobrazení skutečného a předpokládaného vývoje v grafu', 73, NULL, 1931),
(9393, 'Zde v menším malém menu vlevo klikneme na Test Sprint List', 'Zobrazení nové stránky', 73, NULL, 1931),
(9394, 'Zde si můžeme prohlednout  informace o Test sprintech, které jsou v tomto Test Planu. Je zde vypsán název Test Sprintu, rozdíly v procentech mezi plánem a realitou a akce. V obdělníku akce jsou 3 tlačítka. Když kliknete na tlačítko show.Zobrazí se vám  nová stránka s Dashboardem  daného Test Sprintu', 'Otevře se nová stránka , kde je možno vidět Dashboard Test Sprintu který jste se vybral.', 73, NULL, 1931),
(9395, 'Pokud kliknete na tlačítko edit zobrazí se stránka kde mužete upravit název Test Sprintu a Interval od kdy do kdy má trvat.', 'Zobrazení stránky kde se dá upravit Test Sprint', 73, NULL, 1931),
(9396, 'Kliknutím na červené tlačítko se vám se zobrazí hláška jestli chcete tento  Sprint opravda smazat. Kliknutím na tlacitko smazat se Test Sprint smaže. Pokud jej smazat nechcete kliknete na zachovat', 'Zachování nebo Smazání Test Sprintu', 73, NULL, 1931),
(9397, 'Klikněte na edit Test Plan. Tady lze edit upravit napříkad název Test Planu a nebo vybrat Test Sety které chcete aby byly testovány a kliknete na tlačítko uložit', 'Test Plan se upravil', 73, NULL, 1931),
(9398, 'Otevři projekt a klikni na záložku Test Plan', 'Otevře se ti záložka test plánu', 73, NULL, 1932),
(9399, 'Klikněte na šipku která se náchází vedle Id Test Planu a zobrazí se jednotlivé Test Sprinty', 'Zobrazeno', 73, NULL, 1932),
(9400, 'Poté klikněte buď na modře zvýrazněný název Test Sprintu nebo na tlačítko Otvoriť, funkce mají stejné. Měl by se vám zobrazit Dashboard Test Sprintu', 'Dashboard Test Sprint se zobrazil', 73, NULL, 1932),
(9401, 'Zde můžeme vidět to samé jako u Test Planu jen zobrazení Ganttova diagramu se liší . Zde se vytváří pomocí Tagu které jsou na výběr nad Diagramem.', 'Zobrazení Ganttova Diagramu', 73, NULL, 1932),
(9402, 'Klikněte na šipku která se náchází vedle Id Test Planu a zobrazí se jednotlivé Test Sprinty', 'Zobrazeno', 73, NULL, 1932),
(9403, 'V menším menu které je vlevo klikneme na Upravit Test Sprint', 'Otevře se nová stránka , kde je možno upravit Test sprint', 73, NULL, 1932),
(9404, 'Zde můžete upravit Název Test Sprintu, v jakém Test Planu by měl probíhat a interval v jakém bude probíhat. Po upravení klinete na tlačítko uložit.', 'Upravení Test Sprintu', 73, NULL, 1932),
(9405, 'Poté kliknete v menším menu na Upravit Tagy', 'Otevře se nová stránka, kde se dají upravit Tagy', 73, NULL, 1932),
(9406, 'Tady můžete upravit interval v kterém mají Tagy probíhat. Poté jen kliknete na tlačítko Uložiť', 'Úprava Tagů', 73, NULL, 1932),
(9407, 'Dále kliknete v levém menu na Přiřadit Test Case', 'Otevře se stránka , kde jsou vidět jména lidí kteří na daném projektu pracují', 73, NULL, 1932),
(9408, 'Zde můžete uživatelům přiřadit nějaký plán, který by měl provést. Kliknutím na modré tlačítko přiřadit. Zobrazí se nová stránka se seznamem Test Setu a Test Casu, které můžete  uživateli přiřadit', 'Přiřazení Test Stepu a Casu', 73, NULL, 1932),
(9409, 'Otevři projekt a klikni na záložku Test Plan', 'Otevře se ti záložka test plánu', 73, NULL, 1933),
(9410, 'Klikni na vytvořit Test Plan', 'Otevře se okénko Vytvořit Test Plan', 73, NULL, 1933),
(9411, 'Zde vypln název pomocí znaků s diakritikou a vyber, jaké Test Case chceš aby Test Plan testoval a klikni na tlačítko Přidat', 'Vytvořil se Test Plan', 73, NULL, 1933),
(9412, 'Otevři projekt a klikni na záložku Test Plan', 'otevře se ti záložka test plánu', 73, NULL, 1934),
(9413, 'Klikni na vytvořit Test Plan', 'Otevře se okénko Vytvořit Test Plan', 73, NULL, 1934),
(9414, 'Zde vypln název pomocí Čísel a vyber, jaké Test Case chceš aby Test Plan testoval a klikni na tlačítko Přidat', 'Vytvořil se Test Plan', 73, NULL, 1934),
(9415, 'Otevři projekt a klikni na záložku Test Plan', 'otevře se ti záložka test plánu', 73, NULL, 1935),
(9416, 'Klikni na vytvořit Test Plan', 'Otevře se okénko Vytvořit Test Plan', 73, NULL, 1935),
(9417, 'Zde vypln název pomocí Speciálních Znaků a vyber, jaké Test Case chceš aby Test Plan testoval a klikni na tlačitko Přidat', 'Vytvořil se Test Plan', 73, NULL, 1935),
(9418, 'Otevři projekt a klikni na záložku Test Plan', 'otevře se ti záložka test plánu', 73, NULL, 1936),
(9419, 'Klikni na vytvořit Test Plan', 'Otevře se okénko Vytvořit Test Plan', 73, NULL, 1936),
(9420, 'Zde nevyplnuj název pouze si vyber jaké Test Case chceš aby Test Plan testoval a klikni na tlačítko Přidat', 'Test Plan se nevytvořil, protože do kolonky s názvem musí být něco napsáno', 73, NULL, 1936),
(9421, 'Otevři projekt a záložku Test Plan', 'Otevře se ti záložka Test Planu', 73, NULL, 1937),
(9422, 'Klikni na vytvořit Test Plan ', 'Otevře se okénko Vytvořit Test Plan', 73, NULL, 1937),
(9423, 'Zde nevyplnujte název jen vyberte Test Casy,  které chcete aby byly v tomto Test Planu testovány klikněte na tlačítko Přidat', 'Test Plan se nevytvořil, a vyskočila hláška, že jméno  Test Planu již bylo použito.', 73, NULL, 1937),
(9424, 'Otevři projekt a klikni na záložku Test Plan', 'otevře se ti záložka test plánu', 73, NULL, 1938),
(9425, 'Klikni na vytvořit Test Sprint', 'Otevře se okénko Vytvořit Test Sprint', 73, NULL, 1938),
(9426, 'Zde vypln název pomocí Čísel a vyber datum od kdy do kdy by měl Test Sprint fungovat a k jakému Test Planu má být přiřazen', 'Vytvořil se Test Sprint', 73, NULL, 1938),
(9427, 'Otevři projekt a klikni na záložku Test Plan', 'otevře se ti záložka test plánu', 73, NULL, 1939),
(9428, 'Klikni na vytvořit Test Plan', 'Otevře se okénko Vytvořit Test Plan', 73, NULL, 1939),
(9429, 'Zde vypln název pomocí Speciálních znaků a vyber datum od kdy do kdy by měl Test Sprint fungovat a k jakému Test Planu má být přiřazen', 'Vytvořil se Test Plan', 73, NULL, 1939),
(9430, 'Otevři projekt a klikni na záložku Test Plan', 'otevře se ti záložka test plánu', 73, NULL, 1940),
(9431, 'Klikni na vytvořit Test Plan', 'Otevře se okénko Vytvořit Test Plan', 73, NULL, 1940),
(9432, 'Zde nevyplnuj název pouze vyber datum od kdy do kdy by měl Test Sprint fungovat a k jakému Test Planu má být přiřazen', 'Test Sprint se nevytvořil, protože do kolonky s názvem musí být něco napsáno', 73, NULL, 1940),
(9433, 'Otevři projekt a záložku Test Plan', 'Otevře se ti záložka Test Planu', 73, NULL, 1941),
(9434, 'Klikni na vytvořit Test Sprint', 'Otevře se okénko Vytvořit Test Sprint', 73, NULL, 1941),
(9435, 'Zde napište stejný název který už má některý z Test Spritu', 'Test Sprint se nevytvořil, a vyskočila hláška, že jméno tohoto Test Planu již bylo vytvořeno', 73, NULL, 1941),
(9436, 'Otevři projekt a klikni na záložku Test Plan', 'Otevře se ti záložka test plánu', 73, NULL, 1942),
(9437, 'Klikni na vytvořit Test Sprint', 'Otevře se okénko Vytvořit Test Sprint', 73, NULL, 1942),
(9438, 'Zde vypln název pomocí znaků s diakritikou a vyber datum od kdy do kdy by měl Test Sprint fungovat a k jakému Test Planu má být přiřazen', 'Vytvořil se Test Sprint', 73, NULL, 1942),
(9439, 'Otevři projekt a klikni na záložku Test Plan', 'Otevře se ti záložka test plánu', 73, NULL, 1943),
(9440, 'Klikni na modré tlačítko, které se nachází pod tlačítkem Vytvořit nový Test Sprint', 'Stránka se rozšírí o 4 údaje na seznamem s Test Plany', 73, NULL, 1943),
(9441, 'Zde můžete napsat do názvu jakýkoliv text do kolonky název a podle toho jestli se to bude shodovat s nějakým názvem Test Planu se budou zobrazovat výsledky', 'Zobrazení výsledku', 73, NULL, 1943),
(9442, 'Při  kliknutí na Vytvoril TP se vám zobrází seznam lidí ,které se na daném projektu podílejí. Vyberte jednoho ze seznamu ', 'Seznam test Planu se změní jsou vidět pouze TSety, které byl vytvořeny vybraným uživatelem.', 73, NULL, 1943),
(9443, 'Dále je zde možnost vyhledávat pomocí datumu. Kliknutím na první kolonku se vám zobrazí kalendář a vy si vyberete od jakého data vytvoření Test Stepy hledáte. To samé i u druhé akorát zadáváte konečné datum', 'Zobrazí se seznam Test Planu které byly vytvořeny v daném intervalu.', 73, NULL, 1943),
(9444, 'Otevři projekt a klikni na záložku Test Plan', 'Otevře se ti záložka test plánu', 73, NULL, 1944),
(9445, 'Klikněte na bílé tlačítko s ozubeným kolem', 'Zobrazí se vám malý seznam ', 73, NULL, 1944),
(9446, 'Zde jsou můžeme vidět  názvy jednotlivích sloupců v seznamu ,které jsou zaškrtnuté.Kliknutím na název se seznam upraví. a to polícko už nebude zaškrtnuté.', 'Seznam byl upravený', 73, NULL, 1944),
(9447, 'Když kliknete na všechny názvy tak celý seznam zmizí', 'Není vidět žadný Test Plan', 73, NULL, 1944),
(9448, 'Pokud to bude chtít vrátit do původní podoby tak kliknutím na nápis Zobraziť všechny sloupce', 'Seznam se vratí do původní podoby', 73, NULL, 1944),
(9449, 'Otevři projekt a klikni na záložku Test Plan', 'Otevře se ti záložka test plánu', 73, NULL, 1945),
(9450, 'Klikněte na modře zvýrayněný název vybraného Test Stepu.', 'Zobrazí se nová stránka', 73, NULL, 1945),
(9451, 'Zde můžeme vidět, Plan jak by měl Test Plan probíhat a jak se od něj  v realitě lisí.', 'Test Plan : Realita vs Plan', 73, NULL, 1945),
(9452, 'Status Test Planu,  ', 'Zobrazení počtu Test Exekucí již proběhlo a kolik z nich bylo Failed,Passed Nebo jeste neproběhli', 73, NULL, 1945),
(9453, 'A také je zde vidět Ganttuv Diagram, ', 'Zobrazení skutečného a předpokládaného vývoje v grafu', 73, NULL, 1945),
(9454, 'Zde v menším malém menu vlevo klikneme na Test Sprint List', 'Zobrazení nové stránky', 73, NULL, 1945),
(9455, 'Zde si můžeme prohlednout  informace o Test sprintech, které jsou v tomto Test Planu. Je zde vypsán název Test Sprintu, rozdíly v procentech mezi plánem a realitou a akce. V obdělníku akce jsou 3 tlačítka. Když kliknete na tlačítko show.Zobrazí se vám  nová stránka s Dashboardem  daného Test Sprintu', 'Otevře se nová stránka , kde je možno vidět Dashboard Test Sprintu který jste se vybral.', 73, NULL, 1945),
(9456, 'Pokud kliknete na tlačítko edit zobrazí se stránka kde mužete upravit název Test Sprintu a Interval od kdy do kdy má trvat.', 'Zobrazení stránky kde se dá upravit Test Sprint', 73, NULL, 1945),
(9457, 'Kliknutím na červené tlačítko se vám se zobrazí hláška jestli chcete tento  Sprint opravda smazat. Kliknutím na tlacitko smazat se Test Sprint smaže. Pokud jej smazat nechcete kliknete na zachovat', 'Zachování nebo Smazání Test Sprintu', 73, NULL, 1945),
(9458, 'Klikněte na edit Test Plan. Tady lze edit upravit napříkad název Test Planu a nebo vybrat Test Sety které chcete aby byly testovány a kliknete na tlačítko uložit', 'Test Plan se upravil', 73, NULL, 1945),
(9459, 'Otevři projekt a klikni na záložku Test Plan', 'Otevře se ti záložka test plánu', 73, NULL, 1946),
(9460, 'Klikněte na šipku která se náchází vedle Id Test Planu a zobrazí se jednotlivé Test Sprinty', 'Zobrazeno', 73, NULL, 1946),
(9461, 'Poté klikněte buď na modře zvýrazněný název Test Sprintu nebo na tlačítko Otvoriť, funkce mají stejné. Měl by se vám zobrazit Dashboard Test Sprintu', 'Dashboard Test Sprint se zobrazil', 73, NULL, 1946),
(9462, 'Zde můžeme vidět to samé jako u Test Planu jen zobrazení Ganttova diagramu se liší . Zde se vytváří pomocí Tagu které jsou na výběr nad Diagramem.', 'Zobrazení Ganttova Diagramu', 73, NULL, 1946),
(9463, 'Klikněte na šipku která se náchází vedle Id Test Planu a zobrazí se jednotlivé Test Sprinty', 'Zobrazeno', 73, NULL, 1946),
(9464, 'V menším menu které je vlevo klikneme na Upravit Test Sprint', 'Otevře se nová stránka , kde je možno upravit Test sprint', 73, NULL, 1946),
(9465, 'Zde můžete upravit Název Test Sprintu, v jakém Test Planu by měl probíhat a interval v jakém bude probíhat. Po upravení klinete na tlačítko uložit.', 'Upravení Test Sprintu', 73, NULL, 1946),
(9466, 'Poté kliknete v menším menu na Upravit Tagy', 'Otevře se nová stránka, kde se dají upravit Tagy', 73, NULL, 1946),
(9467, 'Tady můžete upravit interval v kterém mají Tagy probíhat. Poté jen kliknete na tlačítko Uložiť', 'Úprava Tagů', 73, NULL, 1946),
(9468, 'Dále kliknete v levém menu na Přiřadit Test Case', 'Otevře se stránka , kde jsou vidět jména lidí kteří na daném projektu pracují', 73, NULL, 1946),
(9469, 'Zde můžete uživatelům přiřadit nějaký plán, který by měl provést. Kliknutím na modré tlačítko přiřadit. Zobrazí se nová stránka se seznamem Test Setu a Test Casu, které můžete  uživateli přiřadit', 'Přiřazení Test Stepu a Casu', 73, NULL, 1946),
(9470, 'Otevři projekt a klikni na záložku Test Execution', 'Otevře se ti záložka Test Execution', 73, NULL, 1947),
(9471, 'Klikni na kolonku vlevo a vyber jeden z Test Planu', 'Test Plan vybrán', 73, NULL, 1947),
(9472, 'Klikni na kolonku vpravo a vyber jeden z Test Setu', 'Test Set vybrán', 73, NULL, 1947),
(9473, 'Poté klikni na tlačítko vybrat', 'Zobrazí se stránka, kde je seznam Test Setu, které jsou připraveny k testování', 73, NULL, 1947),
(9474, 'Klikni na tlačítko Otevřít', 'Otevře se okénko pro provedení Test Exekuce', 73, NULL, 1948),
(9475, 'Klikni na spoušt u Timeru.', 'Spuštěn Timer', 73, NULL, 1948),
(9476, 'Poté klikni na tlačitko vedle vpravo u jednotlivých Test Stepů', 'Zobrazí se seznam s 5 možnostmi na zvolení(Passed,Failed,N/A, No Run a Not Completed)', 73, NULL, 1948),
(9477, 'Takto vyplňte všechny Test Stepy a poté vypněte Timer', 'TImer byl vypnut', 73, NULL, 1948),
(9478, 'Kliknete na Zavřít', 'Test Exekuce byla provedena', 73, NULL, 1948),
(9479, 'Klikni na tlačítko Otevřít', 'Otevře se okénko pro provedení Test Exekuce', 73, NULL, 1949),
(9480, 'Klikni na spoušt u Timeru.', 'Spuštěn Timer', 73, NULL, 1949),
(9481, 'Poté klikni na tlačitko Status na horní liště .Zobrazí se seznam s 5 možnostmi na zvolení(Passed,Failed,N/A, No Run a Not Completed)', 'Zobrazí se seznam s 5 možnostmi na zvolení(Passed,Failed,N/A, No Run a Not Completed)', 73, NULL, 1949),
(9482, 'Vypněte Timer', 'TImer byl vypnut', 73, NULL, 1949),
(9483, 'Kliknete na Zavřít', 'Test Exekuce byla provedena', 73, NULL, 1949),
(9484, 'Klikni na tlačítko Otevřít', 'Otevře se okénko pro provedení Test Exekuce', 73, NULL, 1950),
(9485, 'Pokud již byla Test Exekuce provedena pokračujte ke kroku 3. Pokud ne musíte ji nejdříve provést.', 'Test Exekuce byla provedena', 73, NULL, 1950),
(9486, 'Poté klikni na tlačitko Historie, které vždy pod statusem u jednotlivých Test Stepů.', 'Zobrazí se okénko pro Historii Test Stepu', 73, NULL, 1950),
(9487, 'Zde si  můžete přečíst kdo daný Test Step vykonával s jakým statusem skončil a kdy se tak stalo.', 'Informace o Test Stepu', 73, NULL, 1950),
(9488, 'Poté už jen kliknete dvakrát na tlačítko zavřít', 'Historie Test Stepu', 73, NULL, 1950),
(9489, 'Klikni na tlačítko Otevřít', 'Otevře se okénko pro provedení Test Exekuce', 73, NULL, 1951),
(9490, 'Pokud již byla Test Exekuce provedena pokračujte ke kroku 3. Pokud ne musíte ji nejdříve provést.', 'Test Exekuce byla provedena', 73, NULL, 1951),
(9491, 'Poté klikni na tlačitko Issue, které vždy pod statusem u jednotlivých Test Stepů.', 'Zobrazí se okénko pro Issue', 73, NULL, 1951),
(9492, 'Zde vypnte kolonky nadpis,popis,prioritu,typ,přilohy a řešitele. Poté jen klikněte na tlačítko vytvořit.', 'Vytvořená Issue', 73, NULL, 1951),
(9493, 'Otevři projekt a klikni na záložku Test Analyses', 'Otevře se ti záložka Test Analyses', 73, NULL, 1952),
(9494, 'Klikni na vytvořit Test Case', 'Otevře se okénko Vytvořit Test Case', 73, NULL, 1952),
(9495, 'Zde si vyber z Test Setu které máte v nábidce, vyplnte ostatní informace a klikněte na tlačítko Přidat', 'Test Case se vytvořil', 73, NULL, 1952),
(9496, 'Otevři projekt a záložku Test Analyses', 'Otevře se ti záložka Test Analyses', 73, NULL, 1953),
(9497, 'Klikni na vytvořit Test Case', 'Otevře se okénko Vytvořit Test Case', 73, NULL, 1953),
(9498, 'Zde po vybrání Test Setu vyplnte název za pomocí znaků s diakritikou a klikněte na tlačítko Přidat', 'Test Case byl vytvořen', 73, NULL, 1953),
(9499, 'Otevři projekt a záložku Test Analyses', 'Otevře se ti záložka Test Analyses', 73, NULL, 1954),
(9500, 'Klikni na vytvořit Test Case', 'Otevře se okénko Vytvořit Test Case', 73, NULL, 1954),
(9501, 'Zde po vybrání Test Setu vyplnte název pomocí Speciálních Znaků a klikni na tlačitko Přidat.', 'Test Case byl vytvořen', 73, NULL, 1954),
(9502, 'Otevři projekt a záložku Test Analyses', 'Otevře se ti záložka Test Analyses', 73, NULL, 1955),
(9503, 'Klikni na vytvořit Test Case', 'Otevře se okénko Vytvořit Test Case', 73, NULL, 1955),
(9504, 'Zde po vybrání Test Setu vyplnte název pomocí Čísel a klikni na tlačitko Přidat.', 'Test Plan se vytvořil', 73, NULL, 1955),
(9505, 'Otevři projekt a klikni na záložku Test Analyses', 'Otevře se ti záložka Test Analyses', 73, NULL, 1956),
(9506, 'Klikni na vytvořit Test Case', 'Otevře se okénko Vytvořit Test Case', 73, NULL, 1956),
(9507, 'Zde po vybrání ,nevyplnujte Název,  klikněte na tlačítko Přidat', 'Test Case se nevytvořil protože nebyl vyplnen název. Název je povinný údaj.', 73, NULL, 1956),
(9508, 'Otevři projekt a klikni na záložku Test Analyses', 'Otevře se ti záložka Test Analyses', 73, NULL, 1957),
(9509, 'Klikni na vytvořit Test Case', 'Otevře se okénko Vytvořit Test Case', 73, NULL, 1957),
(9510, 'Zde po vybrání ,vyplnění Názvu a Test Setu vyplnte Tag pomocí Speciálních znaků a klikněte na tlačítko Přidat', 'Test Case byl vytvořen', 73, NULL, 1957),
(9511, 'Otevři projekt a záložku Test Analyses', 'Otevře se ti záložka Test Analyses', 73, NULL, 1958),
(9512, 'Klikni na vytvořit Test Case', 'Otevře se okénko Vytvořit Test Case', 73, NULL, 1958),
(9513, 'Zde po vyplnění Názvu a Test Setu vyplnte Tag pomocí znaků s Diakritikou a klikněte na tlačítko Přidat', 'Test Case byl vytvořen', 73, NULL, 1958),
(9514, 'Otevři projekt a záložku Test Analyses', 'Otevře se ti záložka Test Analyses', 73, NULL, 1959),
(9515, 'Klikni na vytvořit Test Case', 'Otevře se okénko Vytvořit Test Case', 73, NULL, 1959),
(9516, 'Zde po vybrání ,vyplnění Názvu a Test Setu vyplnte Tag pomocí Čísel a klikněte na tlačítko Přidat', 'Test Case byl vytvořen', 73, NULL, 1959),
(9517, 'Otevři projekt a záložku Test Analyses', 'Otevře se ti záložka Test Analyses', 73, NULL, 1960),
(9518, 'Klikni na vytvořit Test Case', 'Otevře se okénko Vytvořit Test Case', 73, NULL, 1960),
(9519, 'Zde po vybrání ,vyplnění Názvu a Test Setu vyplnte Tag, který už byl použit   Test Setu a klikněte na tlačítko Přidat', 'Test Plan se vytvořil', 73, NULL, 1960),
(9520, 'Otevři projekt a klikni na záložku Test Analyses', 'Otevře se ti záložka Test Analyses', 73, NULL, 1961),
(9521, 'Klikni na vytvořit Test Case', 'Otevře se okénko Vytvořit Test Case', 73, NULL, 1961),
(9522, 'Zde po vybrání ,vyplnění Názvu, Test Setu a Tag, nevyplnujte Description a klikněte na tlačítko Přidat', 'Test Case byl vytvořen', 73, NULL, 1961),
(9523, 'Otevři projekt a záložku Test Analyses', 'Otevře se ti záložka Test Analyses', 73, NULL, 1962),
(9524, 'Klikni na vytvořit Test Case', 'Otevře se okénko Vytvořit Test Case', 73, NULL, 1962),
(9525, 'Zde po vybrání ,vyplnění Názvu, Test Setu a Tag, vyplnte  Description pomocí znaků s Diakritikou a klikněte na tlačítko Přidat', 'Test Case byl vytvořen', 73, NULL, 1962),
(9526, 'Otevři projekt a záložku Test Analyses', 'Otevře se ti záložka Test Analyses', 73, NULL, 1963),
(9527, 'Klikni na vytvořit Test Case', 'Otevře se okénko Vytvořit Test Case', 73, NULL, 1963),
(9528, 'Zde po vybrání ,vyplnění Názvu, Test Setu a Tag, vyplnte  Description pomocí Speciálních znaků  a klikněte na tlačítko Přidat', 'Test Case byl vytvořen', 73, NULL, 1963),
(9529, 'Otevři projekt a záložku Test Analyses', 'Otevře se ti záložka Test Analyses', 73, NULL, 1964),
(9530, 'Klikni na vytvořit Test Case', 'Otevře se okénko Vytvořit Test Case', 73, NULL, 1964),
(9531, 'Zde po vybrání ,vyplnění Názvu, Test Setu a Tag, vyplnte  Description pomocí Čísel a klikněte na tlačítko Přidat', 'Test Case byl vytvořen', 73, NULL, 1964),
(9532, 'Otevři projekt a klikni na záložku Test Analyses', 'Otevře se ti záložka Test Analyses', 73, NULL, 1965),
(9533, 'Klikni na vytvořit Test Case', 'Otevře se okénko Vytvořit Test Case', 73, NULL, 1965),
(9534, 'Zde po vybrání ,vyplnění Názvu, Test Setu, Tag a Description, nevyplnujte  Result a klikněte na tlačítko Přidat', 'Test Case byl vytvořen', 73, NULL, 1965),
(9535, 'Otevři projekt a záložku Test Analyses', 'Otevře se ti záložka Test Analyses', 73, NULL, 1966),
(9536, 'Klikni na vytvořit Test Case', 'Otevře se okénko Vytvořit Test Case', 73, NULL, 1966),
(9537, 'Zde po vybrání ,vyplnění Názvu, Test Setu, Tag a Description, vyplnte  Result pomocí znaků s diakritikou a klikněte na tlačítko Přidat', 'Test Case byl vytvořen', 73, NULL, 1966),
(9538, 'Otevři projekt a záložku Test Analyses', 'Otevře se ti záložka Test Analyses', 73, NULL, 1967),
(9539, 'Klikni na vytvořit Test Case', 'Otevře se okénko Vytvořit Test Case', 73, NULL, 1967),
(9540, 'Zde po vybrání ,vyplnění Názvu, Test Setu, Tag a Description, vyplnte  Result pomocí Čísel a klikněte na tlačítko Přidat', 'Test Case byl vytvořen', 73, NULL, 1967),
(9541, 'Otevři projekt a záložku Test Analyses', 'Otevře se ti záložka Test Analyses', 73, NULL, 1968),
(9542, 'Klikni na vytvořit Test Case', 'Otevře se okénko Vytvořit Test Case', 73, NULL, 1968),
(9543, 'Zde po vybrání ,vyplnění Názvu, Test Setu, Tag a Description, vyplnte  Result pomocí Speciálních znaků  a klikněte na tlačítko Přidat', 'Test Case byl vytvořen', 73, NULL, 1968),
(9544, 'Otevři projekt a klikni na záložku Test Analyses', 'Otevře se ti záložka Test Analyses', 73, NULL, 1969),
(9545, 'Klikni na vytvořit Test Case', 'Otevře se okénko Vytvořit Test Case', 73, NULL, 1969),
(9546, 'Zde si po vybrání a vyplnění Názvu, Test Setu, Tag, Description a Result, Vyberte Priority , které máte v nabídce a klikněte na tlačítko Přidat', 'Test Case byl vytvořen', 73, NULL, 1969),
(9547, 'Otevři projekt a záložku Test Analyses', 'Otevře se ti záložka Test Analyses', 73, NULL, 1970),
(9548, 'Klikni na vytvořit Test Case', 'Otevře se okénko Vytvořit Test Case', 73, NULL, 1970),
(9549, 'Zde si po vybrání a vyplnění Názvu, Test Setu, Tag, Description Result a Priority, Zaškrtněte jestli tento Test Case chcete schválit a klikněte na tlačítko Přidat', 'Test Case byl vytvořen', 73, NULL, 1970),
(9550, 'Otevři projekt a záložku Test Analyses', 'Otevře se ti záložka Test Analyses', 73, NULL, 1971),
(9551, 'Klikni na vytvořit Test Case', 'Otevře se okénko Vytvořit Test Case', 73, NULL, 1971),
(9552, 'Zde si po vybrání, vyplnění a zaškrtnutí Názvu, Test Setu, Tag, Description Result, Priority a Schválení, Klikněte na tlačítko vybrat soubor', 'Objeví se okénko kde je vidět uložište vašeho PC', 73, NULL, 1971),
(9553, 'Zde vyberte soubor s příponou .rar a klikněte na tlačítko uložit', 'Okénko úložište se zavře', 73, NULL, 1971),
(9554, 'Klikněte na tlačítko Přidat', 'Test Case byl vytvořen', 73, NULL, 1971),
(9555, 'Otevři projekt a záložku Test Analyses', 'Otevře se ti záložka Test Analyses', 73, NULL, 1972),
(9556, 'Klikni na vytvořit Test Case', 'Otevře se okénko Vytvořit Test Case', 73, NULL, 1972),
(9557, 'Zde si po vybrání, vyplnění a zaškrtnutí Názvu, Test Setu, Tag, Description Result, Priority a Schválení, Klikněte na tlačítko vybrat soubor', 'Objeví se okénko kde je vidět uložište vašeho PC', 73, NULL, 1972),
(9558, 'Zde vyberte soubor s příponou .zip a klikněte na tlačítko uložit', 'Okénko úložište se zavře', 73, NULL, 1972),
(9559, 'Klikněte na tlačítko Přidat', 'Test Case byl vytvořen', 73, NULL, 1972),
(9560, 'Otevři projekt a záložku Test Analyses', 'Otevře se ti záložka Test Analyses', 73, NULL, 1973),
(9561, 'Klikni na vytvořit Test Case', 'Otevře se okénko Vytvořit Test Case', 73, NULL, 1973),
(9562, 'Zde si po vybrání, vyplnění a zaškrtnutí Názvu, Test Setu, Tag, Description Result, Priority a Schválení, Klikněte na tlačítko vybrat soubor', 'Objeví se okénko kde je vidět uložište vašeho PC', 73, NULL, 1973),
(9563, 'Zde vyberte soubor s příponou .xlsx a klikněte na tlačítko uložit', 'Okénko úložište se zavře', 73, NULL, 1973),
(9564, 'Klikněte na tlačítko Přidat', 'Test Case byl vytvořen', 73, NULL, 1973),
(9565, 'Otevři projekt a záložku Test Analyses', 'Otevře se ti záložka Test Analyses', 73, NULL, 1974),
(9566, 'Klikni na vytvořit Test Case', 'Otevře se okénko Vytvořit Test Case', 73, NULL, 1974),
(9567, 'Zde si po vybrání, vyplnění a zaškrtnutí Názvu, Test Setu, Tag, Description Result, Priority a Schválení, Klikněte na tlačítko vybrat soubor', 'Objeví se okénko kde je vidět uložište vašeho PC', 73, NULL, 1974),
(9568, 'Zde vyberte soubor s příponou .docx a klikněte na tlačítko uložit', 'Okénko úložište se zavře', 73, NULL, 1974),
(9569, 'Klikněte na tlačítko Přidat', 'Test Case byl vytvořen', 73, NULL, 1974),
(9570, 'Otevři projekt a záložku Test Analyses', 'Otevře se ti záložka Test Analyses', 73, NULL, 1975),
(9571, 'Klikni na vytvořit Test Case', 'Otevře se okénko Vytvořit Test Case', 73, NULL, 1975),
(9572, 'Zde si po vybrání, vyplnění a zaškrtnutí Názvu, Test Setu, Tag, Description Result, Priority a Schválení, Klikněte na tlačítko vybrat soubor', 'Objeví se okénko kde je vidět uložište vašeho PC', 73, NULL, 1975),
(9573, 'Zde vyberte soubor s příponou .png a klikněte na tlačítko uložit', 'Okénko úložište se zavře', 73, NULL, 1975),
(9574, 'Klikněte na tlačítko Přidat', 'Test Case byl vytvořen', 73, NULL, 1975),
(9575, 'Otevři projekt a záložku Test Analyses', 'Otevře se ti záložka Test Analyses', 73, NULL, 1976),
(9576, 'Klikni na vytvořit Test Case', 'Otevře se okénko Vytvořit Test Case', 73, NULL, 1976),
(9577, 'Zde si po vybrání, vyplnění a zaškrtnutí Názvu, Test Setu, Tag, Description Result, Priority a Schválení, Klikněte na tlačítko vybrat soubor', 'Objeví se okénko kde je vidět uložište vašeho PC', 73, NULL, 1976),
(9578, 'Zde vyberte soubor s příponou .jpeg a klikněte na tlačítko uložit', 'Okénko úložište se zavře', 73, NULL, 1976),
(9579, 'Klikněte na tlačítko Přidat', 'Test Case byl vytvořen', 73, NULL, 1976),
(9580, 'Otevři projekt a záložku Test Analyses', 'Otevře se ti záložka Test Analyses', 73, NULL, 1977),
(9581, 'Klikni na vytvořit Test Case', 'Otevře se okénko Vytvořit Test Case', 73, NULL, 1977),
(9582, 'Zde si po vybrání, vyplnění a zaškrtnutí Názvu, Test Setu, Tag, Description Result, Priority, Schválení a Přílohy, vyplňte Precondition pomocí Speciálních znaků', 'Vyplnění Precondition', 73, NULL, 1977),
(9583, 'Poté vyplňte i Expected Result pomocí Speciálních znaků', 'Vyplnění Result', 73, NULL, 1977),
(9584, 'Klikněte na tlačítko Přidat', 'Test Case byl vytvořen', 73, NULL, 1977),
(9585, 'Otevři projekt a záložku Test Analyses', 'Otevře se ti záložka Test Analyses', 73, NULL, 1978),
(9586, 'Klikni na vytvořit Test Case', 'Otevře se okénko Vytvořit Test Case', 73, NULL, 1978),
(9587, 'Zde si po vybrání, vyplnění a zaškrtnutí Názvu, Test Setu, Tag, Description Result, Priority, Schválení a Přílohy, vyplňte Precondition pomocí znaků s Diakritikou', 'Vyplnění Precondition', 73, NULL, 1978),
(9588, 'Poté vyplňte i Expected Result pomocí znaků s Diakritikou', 'Vyplnění Result', 73, NULL, 1978),
(9589, 'Klikněte na tlačítko Přidat', 'Test Case byl vytvořen', 73, NULL, 1978),
(9590, 'Otevři projekt a záložku Test Analyses', 'Otevře se ti záložka Test Analyses', 73, NULL, 1979),
(9591, 'Klikni na vytvořit Test Case', 'Otevře se okénko Vytvořit Test Case', 73, NULL, 1979),
(9592, 'Zde si po vybrání, vyplnění a zaškrtnutí Názvu, Test Setu, Tag, Description Result, Priority, Schválení a Přílohy, vyplňte Precondition pomocí Čísel', 'Vyplnění Precondition', 73, NULL, 1979),
(9593, 'Poté vyplňte i Expected Result pomocí Čísel', 'Vyplnění Result', 73, NULL, 1979),
(9594, 'Klikněte na tlačítko Přidat', 'Test Case byl vytvořen', 73, NULL, 1979),
(9595, 'Otevři projekt a záložku Test Analyses', 'Otevře se ti záložka Test Analyses', 73, NULL, 1980),
(9596, 'Klikni na vytvořit Test Case', 'Otevře se okénko Vytvořit Test Case', 73, NULL, 1980),
(9597, 'Zde si po vybrání, vyplnění a zaškrtnutí Názvu, Test Setu, Tag, Description Result, Priority, Schválení a Přílohy, nechte Precondition prázdné', 'Vyplnění Precondition', 73, NULL, 1980),
(9598, 'Poté nechte prázdné i Expected Result', 'Vyplnění Result', 73, NULL, 1980),
(9599, 'Klikněte na tlačítko Přidat', 'Test Case byl vytvořen', 73, NULL, 1980),
(9600, 'Otevři projekt a záložku Test Analyses', 'Otevře se ti záložka Test Analyses', 73, NULL, 1981),
(9601, 'Klikni na vytvořit Test Set', 'Otevře se okénko Vytvořit Test Set', 73, NULL, 1981),
(9602, 'Zde vyplnte název za pomocí znaků s diakritikou a klikněte na tlačítko Přidat', 'Test Set byl vytvořen', 73, NULL, 1981),
(9603, 'Otevři projekt a záložku Test Analyses', 'Otevře se ti záložka Test Analyses', 73, NULL, 1982),
(9604, 'Klikni na vytvořit Test Set', 'Otevře se okénko Vytvořit Test Set', 73, NULL, 1982),
(9605, 'Zde vyplnte název pomocí Speciálních Znaků a klikni na tlačitko Přidat.', 'Test Set byl vytvořen', 73, NULL, 1982),
(9606, 'Otevři projekt a záložku Test Analyses', 'Otevře se ti záložka Test Analyses', 73, NULL, 1983),
(9607, 'Klikni na vytvořit Test Set', 'Otevře se okénko Vytvořit Test Set', 73, NULL, 1983),
(9608, 'Zde vyplnte název pomocí Čísel a klikni na tlačitko Přidat.', 'Test Set se vytvořil', 73, NULL, 1983),
(9609, 'Otevři projekt a klikni na záložku Test Analyses', 'Otevře se ti záložka Test Analyses', 73, NULL, 1984),
(9610, 'Klikni na vytvořit Test Set', 'Otevře se okénko Vytvořit Test Set', 73, NULL, 1984),
(9611, 'Zde nevyplnujte Název,  klikněte na tlačítko Přidat', 'Test Set se nevytvořil protože nebyl vyplnen název. Název je povinný údaj.', 73, NULL, 1984),
(9612, 'Otevři projekt a klikni na záložku Test Analyses', 'Otevře se ti záložka Test Analyses', 73, NULL, 1985),
(9613, 'Klikni na vytvořit Test Set', 'Otevře se okénko Vytvořit Test Set', 73, NULL, 1985),
(9614, 'Zde po vyplnění Názvu  vyplnte Tag pomocí Speciálních znaků a klikněte na tlačítko Přidat', 'Test Set byl vytvořen', 73, NULL, 1985),
(9615, 'Otevři projekt a záložku Test Analyses', 'Otevře se ti záložka Test Analyses', 73, NULL, 1986),
(9616, 'Klikni na vytvořit Test Set', 'Otevře se okénko Vytvořit Test Set', 73, NULL, 1986),
(9617, 'Zde po vyplnění Názvu vyplnte Tag pomocí znaků s Diakritikou a klikněte na tlačítko Přidat', 'Test Set byl vytvořen', 73, NULL, 1986),
(9618, 'Otevři projekt a záložku Test Analyses', 'Otevře se ti záložka Test Analyses', 73, NULL, 1987),
(9619, 'Klikni na vytvořit Test Set', 'Otevře se okénko Vytvořit Test Set', 73, NULL, 1987),
(9620, 'Zde po vyplnění Názvu  vyplnte Tag pomocí Čísel a klikněte na tlačítko Přidat', 'Test Set byl vytvořen', 73, NULL, 1987),
(9621, 'Otevři projekt a záložku Test Analyses', 'Otevře se ti záložka Test Analyses', 73, NULL, 1988),
(9622, 'Klikni na vytvořit Test Set', 'Otevře se okénko Vytvořit Test Set', 73, NULL, 1988),
(9623, 'Zde po vyplnění Názvu vyplnte Tag, který už byl použit   Test Setu a klikněte na tlačítko Přidat', 'Test Set se vytvořil', 73, NULL, 1988),
(9624, 'Otevři projekt a klikni na záložku Test Analyses', 'Otevře se ti záložka Test Analyses', 73, NULL, 1989),
(9625, 'Klikni na vytvořit Test Set', 'Otevře se okénko Vytvořit Test Set', 73, NULL, 1989),
(9626, 'Zde po vyplnění Názvu nevyplnujte Tag a klikněte na tlačítko Přidat', 'Test Set se vytvořil', 73, NULL, 1989),
(9627, 'Otevři projekt a klikni na záložku Test Analyses', 'Otevře se ti záložka Test Analyses', 73, NULL, 1990),
(9628, 'Klikni na vytvořit Test Set', 'Otevře se okénko Vytvořit Test Set', 73, NULL, 1990),
(9629, 'Zde po vyplnění Názvu a Tagu, nevyplnujte Description a klikněte na tlačítko Přidat', 'Test Set byl vytvořen', 73, NULL, 1990),
(9630, 'Otevři projekt a záložku Test Analyses', 'Otevře se ti záložka Test Analyses', 73, NULL, 1991),
(9631, 'Klikni na vytvořit Test Set', 'Otevře se okénko Vytvořit Test Set', 73, NULL, 1991),
(9632, 'Zde po vyplnění Názvu a Tagu, vyplnte  Description pomocí znaků s Diakritikou a klikněte na tlačítko Přidat', 'Test Set byl vytvořen', 73, NULL, 1991),
(9633, 'Otevři projekt a záložku Test Analyses', 'Otevře se ti záložka Test Analyses', 73, NULL, 1992),
(9634, 'Klikni na vytvořit Test Set', 'Otevře se okénko Vytvořit Test Set', 73, NULL, 1992),
(9635, 'Zde po vyplnění Názvu a Tagu, vyplnte  Description pomocí Speciálních znaků  a klikněte na tlačítko Přidat', 'Test Set byl vytvořen', 73, NULL, 1992),
(9636, 'Otevři projekt a záložku Test Analyses', 'Otevře se ti záložka Test Analyses', 73, NULL, 1993),
(9637, 'Klikni na vytvořit Test Set', 'Otevře se okénko Vytvořit Test Set', 73, NULL, 1993),
(9638, 'Zde po vyplnění Názvu a Tag, vyplnte  Description pomocí Čísel a klikněte na tlačítko Přidat', 'Test Set byl vytvořen', 73, NULL, 1993),
(9639, 'Otevři projekt a klikni na záložku Test Analyses', 'Otevře se ti záložka Test Analyses', 73, NULL, 1994),
(9640, 'Klikni na přidat skupinu testů', 'Otevře se okénko Přidat skupinu testů', 73, NULL, 1994),
(9641, 'Zde zaškrtněte pole pro s názvem Vytvořit novou sadu testů ale prázdná pole nevyplňujte jen klikněte na tlačítko Přidat.', 'Skupina testů se nevytvořila, protože se musí zadat název jak  Test Casu tak Test Setu.', 73, NULL, 1994),
(9642, 'Otevři projekt a klikni na záložku Test Analyses', 'Otevře se ti záložka Test Analyses', 73, NULL, 1995),
(9643, 'Klikni na přidat skupinu testů', 'Otevře se okénko Přidat skupinu testů', 73, NULL, 1995),
(9644, 'Zde si vyber z Test Setu které máte v nábidce a vyplň název stejným jaký má už nějaký z Test Casu v tomto Test Setu a poté klikněte na tlačítko Přidat', 'Skupina testů se nevytvořila, protože  název Test Casu nesmí být stejný jako některý jiný který už byl použit v tomto Test Setu', 73, NULL, 1995),
(9645, 'Otevři projekt a klikni na záložku Test Analyses', 'Otevře se ti záložka Test Analyses', 73, NULL, 1996),
(9646, 'Klikni na přidat skupinu testů', 'Otevře se okénko Přidat skupinu testů', 73, NULL, 1996),
(9647, 'Zde si vyber z Test Setu které máte v nábidce a klikněte na tlačítko Přidat', 'Skupina testů se nevytvořila, protože se musí zadat název Test Casu', 73, NULL, 1996),
(9648, 'Otevři projekt a záložku Test Analyses', 'Otevře se ti záložka Test Analyses', 73, NULL, 1997),
(9649, 'Klikni na přidat skupinu testů', 'Otevře se okénko Přidat skupinu testů', 73, NULL, 1997),
(9650, 'Zde po vybrání Test Setu vyplnte název za pomocí znaků s diakritikou a klikněte na tlačítko Přidat', 'Skupina Test Casu byla přidána', 73, NULL, 1997),
(9651, 'Otevři projekt a záložku Test Analyses', 'Otevře se ti záložka Test Analyses', 73, NULL, 1998),
(9652, 'Klikni na přidat skupinu testů', 'Otevře se okénko Přidat skupinu testů', 73, NULL, 1998),
(9653, 'Zde po vybrání Test Setu vyplnte název pomocí Speciálních Znaků a klikni na tlačitko Přidat.', 'Skupina Test Casu byla přidána', 73, NULL, 1998),
(9654, 'Otevři projekt a záložku Test Analyses', 'Otevře se ti záložka Test Analyses', 73, NULL, 1999),
(9655, 'Klikni na přidat skupinu testů', 'Otevře se okénko Přidat skupinu testů', 73, NULL, 1999),
(9656, 'Zde po vybrání Test Setu vyplnte název pomocí Čísel a klikni na tlačitko Přidat.', 'Skupina Test Casu byla přidána', 73, NULL, 1999),
(9657, 'Otevři projekt a klikni na záložku Test Analyses', 'Otevře se ti záložka Test Analyses', 73, NULL, 2000),
(9658, 'Klikni na vytvořit Test Case', 'Otevře se okénko Vytvořit Test Case', 73, NULL, 2000),
(9659, 'Zde po vybrání ,nevyplnujte Název,  klikněte na tlačítko Přidat', 'Test Case se nevytvořil protože nebyl vyplnen název. Název je povinný údaj.', 73, NULL, 2000),
(9660, 'Otevři projekt a klikni na záložku Test Analyses', 'Otevře se ti záložka Test Analyses', 73, NULL, 2001),
(9661, 'Klikni na přidat skupinu testů', 'Otevře se okénko Přidat skupinu testů', 73, NULL, 2001),
(9662, 'Zde vyplnte pouze kolonku kde je potřeba vyplnit název Test Setu', 'Skupina testů se nevytvořila, protože se musí zadat název Test Casu', 73, NULL, 2001),
(9663, 'Klikni na modul Můj Profil v pravém horním menu.', 'Otevře se nám záložka Můj Profil.', 73, NULL, 2002),
(9664, 'Změn kolonku jméno povolenými znaky a klikni na tlačítko Uložit.', 'Změní se jméno uživatele.', 73, NULL, 2002),
(9665, 'Klikni na modul Můj Profil v pravém horním menu.', 'Otevře se nám záložka Můj Profil.', 73, NULL, 2003),
(9666, 'Změn kolonku příjmení povolenými znaky a klikni na tlačítko Uložit.', 'Změní se příjmení uživatele.', 73, NULL, 2003),
(9667, 'Klikni na modul Můj Profil v pravém horním menu.', 'Otevře se nám záložka Můj Profil.', 73, NULL, 2004),
(9668, 'Změn kolonku NickName povolenými znaky a klikni na tlačítko Uložit.', 'Změní se NickName uživatele.', 73, NULL, 2004),
(9669, 'Klikni na modul Můj Profil v pravém horním menu.', 'Otevře se nám záložka Můj Profil.', 73, NULL, 2005),
(9670, 'Změn kolonku Tel. Číslo povolenými znaky a klikni na tlačítko Uložit.', 'Změní se Tel. Číslo u uživatele.', 73, NULL, 2005);
INSERT INTO `test_step` (`id`, `precondition`, `expected_result`, `creator_id`, `create_date`, `test_case_id`) VALUES
(9671, 'Klikni na modul Můj Profil v pravém horním menu.', 'Otevře se nám záložka Můj Profil.', 73, NULL, 2006),
(9672, 'Změn kolonku Heslo povolenými znaky a klikni na tlačítko Uložit.', 'Změní se Heslo u uživatele.', 73, NULL, 2006),
(9673, 'Klikni na modul Můj Profil v pravém horním menu.', 'Otevře se nám záložka Můj Profil.', 73, NULL, 2007),
(9674, 'Změn kolonku Jira Name povolenými znaky a klikni na tlačítko Uložit.', 'Změní se Jira Name uživatele.', 73, NULL, 2007),
(9675, 'Klikni na Jméno svého profilu v pravém horním rohu.', 'Vyjede nám nabídka záložek.', 73, NULL, 2008),
(9676, 'Klikni na tlačítko Projekty.', 'Vyskočí nám okno s tabulkou projektů.', 73, NULL, 2008),
(9677, 'Klikni na Jméno svého profilu v pravém horním rohu.', 'Vyjede nám nabídka záložek.', 73, NULL, 2009),
(9678, 'Klikni na tlačítko Projekty.', 'Vyskočí nám okno s tabulkou projektů.', 73, NULL, 2009),
(9679, 'Klikni na název tlačítko Zavřít.', 'Zavře se nám okno s tabulkou projektů.', 73, NULL, 2009),
(9680, 'Klikni na Jméno svého profilu v pravém horním rohu.', 'Vyjede nám nabídka záložek.', 73, NULL, 2010),
(9681, 'Klikni na tlačítko Projekty.', 'Vyskočí nám okno s tabulkou projektů.', 73, NULL, 2010),
(9682, 'Klikni na název projektu.', 'Otevře se záložka daného projektu, kde můžeme pracovat.', 73, NULL, 2010),
(9683, 'Zadej Adresu Jiry', 'Otevření stránky Jiry.', 73, NULL, 2011),
(9684, 'Zadej login a heslo. ', 'Úspěšné přihlášení Zobrazení Systém Dashnoardu', 73, NULL, 2011),
(9685, 'Klikni na tlačítkol Vytvořit v horním menu.', 'Vyskočí nám okno  Vytvořit úlohu.', 73, NULL, 2012),
(9686, 'Zvol Projekt a Typ issue.', 'Zvolené kolonky.', 73, NULL, 2012),
(9687, 'Vyplň kolonku Shrnutí povolenými znaky a kolonku Popis znaky s diakritikou a klikni na tlačítko Vytvořit.', 'Vytvoří se Issue.', 73, NULL, 2012),
(9688, 'Klikni na tlačítkol Vytvořit v horním menu.', 'Vyskočí nám okno  Vytvořit úlohu.', 73, NULL, 2013),
(9689, 'Zvol Projekt a Typ issue.', 'Zvolené kolonky.', 73, NULL, 2013),
(9690, 'Vyplň kolonku Shrnutí povolenými znaky a kolonku Popis znaky bez diakritiky a klikni na tlačítko Vytvořit.', 'Vytvoří se Issue.', 73, NULL, 2013),
(9691, 'Klikni na tlačítkol Vytvořit v horním menu.', 'Vyskočí nám okno  Vytvořit úlohu.', 73, NULL, 2014),
(9692, 'Zvol Projekt a Typ issue.', 'Zvolené kolonky.', 73, NULL, 2014),
(9693, 'Vyplň kolonku Shrnutí povolenými znaky a kolonku Popis čísly a klikni na tlačítko Vytvořit.', 'Vytvoří se Issue.', 73, NULL, 2014),
(9694, 'Klikni na tlačítkol Vytvořit v horním menu.', 'Vyskočí nám okno  Vytvořit úlohu.', 73, NULL, 2015),
(9695, 'Zvol Projekt a Typ issue.', 'Zvolené kolonky.', 73, NULL, 2015),
(9696, 'Zvol Projekt, Test Plan,Test Sprint, Test Set, Test Case, Test Step pro založení Issue.', 'Vyplněné kolonky pro konkrétní Issue', 73, NULL, 2015),
(9697, 'Vyplň kolonku Shrnutí povolenými znaky a kolonku Popis speciálními znaky a klikni na tlačítko Vytvořit.', 'Vytvoří se Issue.', 73, NULL, 2015),
(9698, 'Klikni na tlačítkol Vytvořit v horním menu.', 'Vyskočí nám okno  Vytvořit úlohu.', 73, NULL, 2016),
(9699, 'Zvol Projekt a Typ issue.', 'Zvolené kolonky.', 73, NULL, 2016),
(9700, 'Vyplň kolonku Shrnutí povolenými znaky a kolonku Popis nech prázdnou a klikni na tlačítko Vytvořit.', 'Vytvoří se Issue.', 73, NULL, 2016),
(9701, 'Klikni na tlačítkol Vytvořit v horním menu.', 'Vyskočí nám okno  Vytvořit úlohu.', 73, NULL, 2017),
(9702, 'Zvol Projekt a Typ issue.', 'Zvolené kolonky.', 73, NULL, 2017),
(9703, 'Vyplň kolonku Shrnutí povolenými znaky a kolonku Popis vyplň mezerami/spacebar a klikni na tlačítko Vytvořit.', 'Vytvoří se Issue.', 73, NULL, 2017),
(9704, 'Klikni na tlačítkol Vytvořit v horním menu.', 'Vyskočí nám okno  Vytvořit úlohu.', 73, NULL, 2018),
(9705, 'Zvol Projekt a Typ issue.', 'Zvolené kolonky.', 73, NULL, 2018),
(9706, 'Vyplň kolonky Shrnutí  a Popis povolenými znaky  klikni na tlačítko Vytvořit.', 'Vyplněné kolonky pro konkrétní Issue', 73, NULL, 2018),
(9707, 'Klikni na tlačítkol Vytvořit v horním menu.', 'Vyskočí nám okno  Vytvořit úlohu.', 73, NULL, 2018),
(9708, 'Zvol Projekt a Typ issue.', 'Zvolené kolonky.', 73, NULL, 2018),
(9709, 'Vyplň kolonku Shrnutí a Popis vyplň stejným Popisem jako u předchozí Issue a klikni na tlačítko Vytvořit.', 'Vytvoří se Issue.', 73, NULL, 2018),
(9710, 'Klikni na tlačítkol Vytvořit v horním menu.', 'Vyskočí nám okno  Vytvořit úlohu.', 73, NULL, 2019),
(9711, 'Zvol Projekt a Typ issue.', 'Zvolené kolonky.', 73, NULL, 2019),
(9712, 'Vyplň kolonky Shrnutí  a Popis povolenými znaky.', 'Vyplněné kolonky pro konkrétní Issue', 73, NULL, 2019),
(9713, 'Zvol prioritu.', 'Zvolená priorita.', 73, NULL, 2019),
(9714, 'Klikni na tlačítko Vytvořit.', 'Vytvoří se Issue s danou prioritou.', 73, NULL, 2019),
(9715, 'Klikni na tlačítkol Vytvořit v horním menu.', 'Vyskočí nám okno  Vytvořit úlohu.', 73, NULL, 2020),
(9716, 'Zvol Projekt a Typ issue.', 'Zvolené kolonky.', 73, NULL, 2020),
(9717, 'Vyplň kolonky Shrnutí  a Popis povolenými znaky.', 'Vyplněné kolonky pro konkrétní Issue', 73, NULL, 2020),
(9718, 'Zvol prioritu.', 'Zvolená priorita.', 73, NULL, 2020),
(9719, 'Zadej čas původního odhadu a klikni na tlačítko Vytvořit.', 'Vytvoří se Issue.', 73, NULL, 2020),
(9720, 'Klikni na tlačítkol Vytvořit v horním menu.', 'Vyskočí nám okno  Vytvořit úlohu.', 73, NULL, 2021),
(9721, 'Zvol Projekt a Typ issue.', 'Zvolené kolonky.', 73, NULL, 2021),
(9722, 'Vyplň kolonky Shrnutí  a Popis povolenými znaky.', 'Vyplněné kolonky pro konkrétní Issue', 73, NULL, 2021),
(9723, 'Zvol prioritu.', 'Zvolená priorita.', 73, NULL, 2021),
(9724, 'Zadej čas původního odhadu a klikni na tlačítko Vytvořit.', 'Vyplněná kolonka původní odhad.', 73, NULL, 2021),
(9725, 'Zadej Odhad zbývajícího času a klikni na tlačítko Vytvořit. ', 'Vytvoří se Issue.', 73, NULL, 2021),
(9726, 'Klikni na tlačítkol Vytvořit v horním menu.', 'Vyskočí nám okno  Vytvořit úlohu.', 73, NULL, 2022),
(9727, 'Zvol Projekt a Typ issue.', 'Zvolené kolonky.', 73, NULL, 2022),
(9728, 'Vyplň kolonku Shrnutí povolenými znaky a kolonku Prostředí znaky s diakritikou a klikni na tlačítko Vytvořit.', 'Vytvoří se Issue.', 73, NULL, 2022),
(9729, 'Klikni na tlačítkol Vytvořit v horním menu.', 'Vyskočí nám okno  Vytvořit úlohu.', 73, NULL, 2023),
(9730, 'Zvol Projekt a Typ issue.', 'Zvolené kolonky.', 73, NULL, 2023),
(9731, 'Vyplň kolonku Shrnutí povolenými znaky a kolonku Prostředí znaky bez diakritiky a klikni na tlačítko Vytvořit.', 'Vytvoří se Issue.', 73, NULL, 2023),
(9732, 'Klikni na tlačítkol Vytvořit v horním menu.', 'Vyskočí nám okno  Vytvořit úlohu.', 73, NULL, 2024),
(9733, 'Zvol Projekt a Typ issue.', 'Zvolené kolonky.', 73, NULL, 2024),
(9734, 'Vyplň kolonku Shrnutí povolenými znaky a kolonku Prostředí čísly a klikni na tlačítko Vytvořit.', 'Vytvoří se Issue.', 73, NULL, 2024),
(9735, 'Klikni na tlačítkol Vytvořit v horním menu.', 'Vyskočí nám okno  Vytvořit úlohu.', 73, NULL, 2025),
(9736, 'Zvol Projekt a Typ issue.', 'Zvolené kolonky.', 73, NULL, 2025),
(9737, 'Zvol Projekt, Test Plan,Test Sprint, Test Set, Test Case, Test Step pro založení Issue.', 'Vyplněné kolonky pro konkrétní Issue', 73, NULL, 2025),
(9738, 'Vyplň kolonku Shrnutí povolenými znaky a kolonku Prostředí speciálními znaky a klikni na tlačítko Vytvořit.', 'Vytvoří se Issue.', 73, NULL, 2025),
(9739, 'Klikni na tlačítkol Vytvořit v horním menu.', 'Vyskočí nám okno  Vytvořit úlohu.', 73, NULL, 2026),
(9740, 'Zvol Projekt a Typ issue.', 'Zvolené kolonky.', 73, NULL, 2026),
(9741, 'Vyplň kolonku Shrnutí povolenými znaky a kolonku Prostředí nech prázdnou a klikni na tlačítko Vytvořit.', 'Vytvoří se Issue.', 73, NULL, 2026),
(9742, 'Klikni na tlačítkol Vytvořit v horním menu.', 'Vyskočí nám okno  Vytvořit úlohu.', 73, NULL, 2027),
(9743, 'Zvol Projekt a Typ issue.', 'Zvolené kolonky.', 73, NULL, 2027),
(9744, 'Vyplň kolonku Shrnutí povolenými znaky a kolonku Prostředí vyplň mezerami/spacebar a klikni na tlačítko Vytvořit.', 'Vytvoří se Issue.', 73, NULL, 2027),
(9745, 'Klikni na tlačítkol Vytvořit v horním menu.', 'Vyskočí nám okno  Vytvořit úlohu.', 73, NULL, 2028),
(9746, 'Zvol Projekt a Typ issue.', 'Zvolené kolonky.', 73, NULL, 2028),
(9747, 'Vyplň kolonky Shrnutí  a Prostředí povolenými znaky  klikni na tlačítko Vytvořit.', 'Vyplněné kolonky pro konkrétní Issue', 73, NULL, 2028),
(9748, 'Klikni na tlačítkol Vytvořit v horním menu.', 'Vyskočí nám okno  Vytvořit úlohu.', 73, NULL, 2028),
(9749, 'Zvol Projekt a Typ issue.', 'Zvolené kolonky.', 73, NULL, 2028),
(9750, 'Vyplň kolonku Shrnutí a Prostředí vyplň stejným Prostředím jako u předchozí Issue a klikni na tlačítko Vytvořit.', 'Vytvoří se Issue.', 73, NULL, 2028),
(9751, 'Klikni na tlačítkol Vytvořit v horním menu.', 'Vyskočí nám okno  Vytvořit úlohu.', 73, NULL, 2029),
(9752, 'Zvol Projekt a Typ issue.', 'Zvolené kolonky.', 73, NULL, 2029),
(9753, 'Vyplň kolonky Shrnutí  a Popis povolenými znaky.', 'Vyplněné kolonky pro konkrétní Issue', 73, NULL, 2029),
(9754, 'Zvol prioritu.', 'Zvolená priorita.', 73, NULL, 2029),
(9755, 'Zadej čas původního odhadu a klikni na tlačítko Vytvořit.', 'Vyplněná kolonka původní odhad.', 73, NULL, 2029),
(9756, 'Zadej Odhad zbývajícího času a klikni na tlačítko Vytvořit. ', 'Vyplněná kolonka pro Odhad zbývajícího času.', 73, NULL, 2029),
(9757, 'Klikna na termín dokončení.', 'Otevře se kalendář.', 73, NULL, 2029),
(9758, 'Zvol datum a klikni na tlačítko Vytvořit. ', 'Vytvoří se Issue.', 73, NULL, 2029),
(9759, 'Klikni na tlačítkol Vytvořit v horním menu.', 'Vyskočí nám okno  Vytvořit úlohu.', 73, NULL, 2030),
(9760, 'Zvol Projekt a Typ issue.', 'Zvolené kolonky.', 73, NULL, 2030),
(9761, 'Vyplň kolonky Shrnutí  a Popis povolenými znaky.', 'Vyplněné kolonky pro konkrétní Issue', 73, NULL, 2030),
(9762, 'Klikni na kolonku Řešitel', 'Vyjede okno s možnýma Řešitelema.', 73, NULL, 2030),
(9763, 'Zvol řešitele a klikni na tlačítko Vytvořit.', 'Vytvoří se Issue.', 73, NULL, 2030),
(9764, 'Klikni na tlačítko Vytvořit v horním menu.', 'Vyskočí okno na Vytvoření Issue.', 73, NULL, 2031),
(9765, 'Klikni na Nastavit pole.', 'Vyjede nabídka zobrazení formuláře.', 73, NULL, 2031),
(9766, 'Přepni ze zobrazení všech na vlastní.', 'Zpřístupnění kolonek.', 73, NULL, 2031),
(9767, 'Zvol kolonky, které chceš vidět na formuláři, opakuj pro všechny kolonky.', 'Změny na formuláři.', 73, NULL, 2031),
(9768, 'Nakonec zvol potřebné kolonky a vyplň kolonky povolenými znaky.', 'Připravený formulář na založení Issue.', 73, NULL, 2031),
(9769, 'Klikni na tlačítko Vytvořit v horním menu.', 'Vyskočí okno na Vytvoření Issue.', 73, NULL, 2032),
(9770, 'Klikni na Projekt.', 'Vyjede nabídka projektů', 73, NULL, 2032),
(9771, 'Zvol projekt pro který se vytvoří daná Issue.', 'Zvolený projekt.', 73, NULL, 2032),
(9772, 'Klikni na Tyo Issue.', 'Vyjede nabídka typů..', 73, NULL, 2032),
(9773, 'Zvol typ Issue.', 'Zvolený Typ Issue.', 73, NULL, 2032),
(9774, 'Klikni na Priorita.', 'Vyjede nabídka Priorit.', 73, NULL, 2032),
(9775, 'Zvol prioritu,', 'Zvolená priorita.', 73, NULL, 2032),
(9776, 'Klikni na termín dokončení.', 'Vyjede kalendář.', 73, NULL, 2032),
(9777, 'Zvol datum dokončení.', 'Zvolený datum.', 73, NULL, 2032),
(9778, 'Klikni na Přiřazený.', 'Vyjede nabídka řešitelů.', 73, NULL, 2032),
(9779, 'Zvol řešitele..', 'Zvolený Řešitel.', 73, NULL, 2032),
(9813, 'Klikni na modul Můj Profil v pravém horním menu.', 'Otevře se nám záložka Můj Profil.', 73, NULL, 2043),
(9814, 'Změn kolonku jméno povolenými znaky a klikni na tlačítko Uložit.', 'Změní se jméno uživatele.', 73, NULL, 2043),
(9815, 'Klikni na modul Můj Profil v pravém horním menu.', 'Otevře se nám záložka Můj Profil.', 73, NULL, 2044),
(9816, 'Změn kolonku příjmení povolenými znaky a klikni na tlačítko Uložit.', 'Změní se příjmení uživatele.', 73, NULL, 2044),
(9817, 'Klikni na modul Můj Profil v pravém horním menu.', 'Otevře se nám záložka Můj Profil.', 73, NULL, 2045),
(9818, 'Změn kolonku NickName povolenými znaky a klikni na tlačítko Uložit.', 'Změní se NickName uživatele.', 73, NULL, 2045),
(9819, 'Klikni na modul Můj Profil v pravém horním menu.', 'Otevře se nám záložka Můj Profil.', 73, NULL, 2046),
(9820, 'Změn kolonku Tel. Číslo povolenými znaky a klikni na tlačítko Uložit.', 'Změní se Tel. Číslo u uživatele.', 73, NULL, 2046),
(9821, 'Klikni na modul Můj Profil v pravém horním menu.', 'Otevře se nám záložka Můj Profil.', 73, NULL, 2047),
(9822, 'Změn kolonku Heslo povolenými znaky a klikni na tlačítko Uložit.', 'Změní se Heslo u uživatele.', 73, NULL, 2047),
(9823, 'Klikni na modul Můj Profil v pravém horním menu.', 'Otevře se nám záložka Můj Profil.', 73, NULL, 2048),
(9824, 'Změn kolonku Jira Name povolenými znaky a klikni na tlačítko Uložit.', 'Změní se Jira Name uživatele.', 73, NULL, 2048),
(9825, 'Klikni na Jméno svého profilu v pravém horním rohu.', 'Vyjede nabídka záložek.', 73, NULL, 2049),
(9826, 'Klikni na Zadat Tiket.', 'Otevře se záložka na vytvoření tiketu.', 73, NULL, 2049),
(9827, 'Vyplníme pouze kolonku nadpis a klikneme na tlačítko Odeslat Tiket.', 'Vyskočí chybová hláška.', 73, NULL, 2049),
(9828, 'Klikni na Jméno svého profilu v pravém horním rohu.', 'Vyjede nabídka záložek.', 73, NULL, 2050),
(9829, 'Klikni na Zadat Tiket.', 'Otevře se záložka na vytvoření tiketu.', 73, NULL, 2050),
(9830, 'Vyplníme pouze kolonku popis a klikneme na tlačítko Odeslat Tiket.', 'Vyskočí chybová hláška.', 73, NULL, 2050),
(9831, 'Klikni na Jméno svého profilu v pravém horním rohu.', 'Vyjede nabídka záložek.', 73, NULL, 2051),
(9832, 'Klikni na Zadat Tiket.', 'Otevře se záložka na vytvoření tiketu.', 73, NULL, 2051),
(9833, 'Vyplň povinné kolonky Nadpis a Popis pomocí znaků s diakritikou a klikni na tlačítko Odeslat Tiket.', 'Odešle se tiket.', 73, NULL, 2051),
(9834, 'Klikni na Jméno svého profilu v pravém horním rohu.', 'Vyjede nabídka záložek.', 73, NULL, 2052),
(9835, 'Klikni na Zadat Tiket.', 'Otevře se záložka na vytvoření tiketu.', 73, NULL, 2052),
(9836, 'Vyplň povinné kolonky Nadpis a Popis pomocí znaků bez diakritiky a klikni na tlačítko Odeslat Tiket.', 'Odešle se tiket.', 73, NULL, 2052),
(9837, 'Klikni na Jméno svého profilu v pravém horním rohu.', 'Vyjede nabídka záložek.', 73, NULL, 2053),
(9838, 'Klikni na Zadat Tiket.', 'Otevře se záložka na vytvoření tiketu.', 73, NULL, 2053),
(9839, 'Vyplň povinné kolonky Nadpis a Popis pomocí čísel a klikni na tlačítko Odeslat Tiket.', 'Odešle se tiket.', 73, NULL, 2053),
(9840, 'Klikni na Jméno svého profilu v pravém horním rohu.', 'Vyjede nabídka záložek.', 73, NULL, 2054),
(9841, 'Klikni na Zadat Tiket.', 'Otevře se záložka na vytvoření tiketu.', 73, NULL, 2054),
(9842, 'Vyplň povinné kolonky Nadpis a Popis pomocí speciálních znaků a klikni na tlačítko Odeslat Tiket.', 'Odešle se tiket.', 73, NULL, 2054),
(9843, 'Klikni na Jméno svého profilu v pravém horním rohu.', 'Vyjede nabídka záložek.', 73, NULL, 2055),
(9844, 'Klikni na Zadat Tiket.', 'Otevře se záložka na vytvoření tiketu.', 73, NULL, 2055),
(9845, 'Vyplň povinné kolonky Nadpis a Popis pomocí povolených znaků a klikni na tlačítko Odeslat Tiket.', 'Vyplněné kolonky pro Tiket.', 73, NULL, 2055),
(9846, 'Klikni na tlačítko Zvolit soubory', 'Vyskočí okno pro zvolení souboru.', 73, NULL, 2055),
(9847, 'Vyber soubor, který má velikost paměti menší než 2MB. A přilož soubor.', 'Přiložení souboru k Tiketu.', 73, NULL, 2055),
(9848, 'Klikni na tlačítko Odeslat Tiket.', 'Odešle se tiket.', 73, NULL, 2055),
(9849, 'Klikni na Jméno svého profilu v pravém horním rohu.', 'Vyjede nabídka záložek.', 73, NULL, 2056),
(9850, 'Klikni na Zadat Tiket.', 'Otevře se záložka na vytvoření tiketu.', 73, NULL, 2056),
(9851, 'Vyplň povinné kolonky Nadpis a Popis pomocí povolených znaků a klikni na tlačítko Odeslat Tiket.', 'Vyplněné kolonky pro Tiket.', 73, NULL, 2056),
(9852, 'Klikni na tlačítko Zvolit soubory', 'Vyskočí okno pro zvolení souboru.', 73, NULL, 2056),
(9853, 'Vyber soubor, který má velikost paměti větší než 2MB. A přilož soubor.', 'Přiložení souboru k Tiketu.', 73, NULL, 2056),
(9854, 'Klikni na tlačítko Odeslat Tiket.', 'Vyskočí chybová hláška.', 73, NULL, 2056),
(9855, 'Klikni na Jméno svého profilu v pravém horním rohu.', 'Vyjede nabídka záložek.', 73, NULL, 2057),
(9856, 'Klikni na Zadat Tiket.', 'Otevře se záložka na vytvoření tiketu.', 73, NULL, 2057),
(9857, 'Vyplň povinné kolonky Nadpis a Popis pomocí povolených znaků a klikni na tlačítko Odeslat Tiket.', 'Vyplněné kolonky pro Tiket.', 73, NULL, 2057),
(9858, 'Klikni na tlačítko Zvolit soubory', 'Vyskočí okno pro zvolení souboru.', 73, NULL, 2057),
(9859, 'Vyber soubor, který má velikost paměti menší než 2MB. A přilož soubor.', 'Přiložení souboru k Tiketu.', 73, NULL, 2057),
(9860, 'Klikni na zelené tlačítko +, poté na Zvolit soubory.(Lze opakovat několikrát.)', 'Vyskočí okno pro zvolení souboru.', 73, NULL, 2057),
(9861, 'Vyber další soubor, který má velikost paměti menší než 2MB. A přilož soubor.', 'Přiložení souboru k Tiketu.', 73, NULL, 2057),
(9862, 'Klikni na tlačítko Odeslat Tiket.', 'Odešle se tiket.', 73, NULL, 2057),
(9863, 'Klikni na Jméno svého profilu v pravém horním rohu.', 'Vyjede nabídka záložek.', 73, NULL, 2058),
(9864, 'Klikni na Zadat Tiket.', 'Otevře se záložka na vytvoření tiketu.', 73, NULL, 2058),
(9865, 'Vyplň povinné kolonky Nadpis a Popis pomocí povolených znaků a klikni na tlačítko Odeslat Tiket.', 'Vyplněné kolonky pro Tiket.', 73, NULL, 2058),
(9866, 'Klikni na tlačítko Zvolit soubory', 'Vyskočí okno pro zvolení souboru.', 73, NULL, 2058),
(9867, 'Vyber soubor, který má velikost paměti menší než 2MB. A přilož soubor.', 'Přiložení souboru k Tiketu.', 73, NULL, 2058),
(9868, 'Klikni na zelené tlačítko +, poté na Zvolit soubory.(Lze opakovat několikrát.)', 'Vyskočí okno pro zvolení souboru.', 73, NULL, 2058),
(9869, 'Vyber další soubor, který má velikost paměti větší než 2MB. A přilož soubor.', 'Přiložení souboru k Tiketu.', 73, NULL, 2058),
(9870, 'Klikni na tlačítko Odeslat Tiket.', 'vyskočí chybová hláška: Jeden ze souborů má více než 2MB', 73, NULL, 2058),
(9871, 'Klikni na Jméno svého profilu v pravém horním rohu.', 'Vyjede nám nabídka záložek.', 73, NULL, 2059),
(9872, 'Klikni na tlačítko Projekty.', 'Vyskočí nám okno s tabulkou projektů.', 73, NULL, 2059),
(9873, 'Klikni na Jméno svého profilu v pravém horním rohu.', 'Vyjede nám nabídka záložek.', 73, NULL, 2060),
(9874, 'Klikni na tlačítko Projekty.', 'Vyskočí nám okno s tabulkou projektů.', 73, NULL, 2060),
(9875, 'Klikni na název tlačítko Zavřít.', 'Zavře se nám okno s tabulkou projektů.', 73, NULL, 2060),
(9876, 'Klikni na Jméno svého profilu v pravém horním rohu.', 'Vyjede nám nabídka záložek.', 73, NULL, 2061),
(9877, 'Klikni na tlačítko Projekty.', 'Vyskočí nám okno s tabulkou projektů.', 73, NULL, 2061),
(9878, 'Klikni na název projektu.', 'Otevře se záložka daného projektu, kde můžeme pracovat.', 73, NULL, 2061),
(9879, 'Klikni na modul Homepage v levém menu.', 'Otevře se nám záložka Homepage.', 73, NULL, 2062),
(9880, 'Klikni na tlačítko Projekty.', 'Vyskočí nám okno s tabulkou projektů.', 73, NULL, 2062),
(9881, 'Klikni na modul Homepage v levém menu.', 'Otevře se nám záložka Homepage.', 73, NULL, 2063),
(9882, 'Klikni na tlačítko Projekty.', 'Vyskočí nám okno s tabulkou projektů.', 73, NULL, 2063),
(9883, 'Klikni na název tlačítko Zavřít.', 'Zavře se nám okno s tabulkou projektů.', 73, NULL, 2063),
(9884, 'Klikni na modul Homepage v levém menu.', 'Otevře se nám záložka Homepage.', 73, NULL, 2064),
(9885, 'Klikni na tlačítko Projekty.', 'Vyskočí nám okno s tabulkou projektů.', 73, NULL, 2064),
(9886, 'Klikni na název projektu.', 'Otevře se záložka daného projektu, kde můžeme pracovat.', 73, NULL, 2064),
(9887, 'Klikni na modul Homepage v levém menu.', 'Otevře se nám záložka Homepage.', 73, NULL, 2065),
(9888, 'Klikni na tlačítko Kalendář.', 'Vyskočí nám okno s kalendářem.', 73, NULL, 2065),
(9889, 'Klikni na modul Homepage v levém menu.', 'Otevře se nám záložka Homepage.', 73, NULL, 2066),
(9890, 'Klikni na tlačítko Kalendář..', 'Vyskočí nám okno s kalendářem.', 73, NULL, 2066),
(9891, 'Klikni na název tlačítko Zavřít.', 'Zavře se nám okno s kalendářem.', 73, NULL, 2066),
(9892, 'Klikni na modul Homepage v levém menu.', 'Otevře se nám záložka Homepage.', 73, NULL, 2067),
(9893, 'Klikni na tlačítko Kalendář.', 'Vyskočí nám okno s kalendářem.', 73, NULL, 2067),
(9894, 'Klikni na název tlačítko Týden.', 'Přepne nám kalendář do týdenního zobrazení.', 73, NULL, 2067),
(9895, 'Klikni na modul Homepage v levém menu.', 'Otevře se nám záložka Homepage.', 73, NULL, 2068),
(9896, 'Klikni na tlačítko Kalendář.', 'Vyskočí nám okno s kalendářem.', 73, NULL, 2068),
(9897, 'Klikni na název tlačítko Týden.', 'Přepne nám kalendář do týdenního zobrazení.', 73, NULL, 2068),
(9898, 'Klikni na název tlačítko Měsíc.', 'Přepne nám kalendář do měsíčního zobrazení.', 73, NULL, 2068),
(9899, 'Klikni na modul Homepage v levém menu.', 'Otevře se nám záložka Homepage.', 73, NULL, 2069),
(9900, 'Klikni na tlačítko Kalendář.', 'Vyskočí nám okno s kalendářem.', 73, NULL, 2069),
(9901, 'Klikni na název tlačítko šipky do prava.(např. 3x).', 'Přesune nám kalendář do předchozích měsíců.', 73, NULL, 2069),
(9902, 'Klikni na tlačítko dnes.', 'Zobrazí nám kalednář k dnešnímu dni.', 73, NULL, 2069),
(9903, 'Klikni na název tlačítko šipky do leva.(např. 6x).', 'Přesune nám kalendář do následujících měsíců.', 73, NULL, 2069),
(9904, 'Klikni na tlačítko dnes.', 'Zobrazí nám kalednář k dnešnímu dni.', 73, NULL, 2069),
(9905, 'Klikni na modul Homepage v levém menu.', 'Otevře se nám záložka Homepage.', 73, NULL, 2070),
(9906, 'Klikni na tlačítko Vyber Tag.', 'Vyskočí nám okno s Tagy.', 73, NULL, 2070),
(9907, 'Zvol libovolný Tag.', 'Zobrazí se v tabulce progres daného Tagu ve sprintu.', 73, NULL, 2070),
(9908, 'Klikni znovu na tlačítko Vyber Tag.', 'Vyskočí nám okno s Tagy.', 73, NULL, 2070),
(9909, 'Zvol jiný Tag.', 'Zobrazí se v tabulce progres daného Tagu ve sprintu.', 73, NULL, 2070),
(9910, 'Klikni na modul Homepage v levém menu.', 'Otevře se nám záložka Homepage.', 73, NULL, 2071),
(9911, 'Klikni na číslo v kolonce Počet mých scénářů.', 'Zobrazí se nám záložka scénářů v daném projektu v modulu Test Exekuce.', 73, NULL, 2071),
(9912, 'Otevři projekt a klikni na záložku Test Plan', 'Otevře se ti záložka test plánu', 73, NULL, 2072),
(9913, 'Klikni na vytvořit Test Plan', 'Otevře se okénko Vytvořit Test Plan', 73, NULL, 2072),
(9914, 'Zde vypln název pomocí znaků s diakritikou a vyber, jaké Test Case chceš aby Test Plan testoval a klikni na tlačítko Přidat', 'Vytvořil se Test Plan', 73, NULL, 2072),
(9915, 'Otevři projekt a klikni na záložku Test Plan', 'otevře se ti záložka test plánu', 73, NULL, 2073),
(9916, 'Klikni na vytvořit Test Plan', 'Otevře se okénko Vytvořit Test Plan', 73, NULL, 2073),
(9917, 'Zde vypln název pomocí Čísel a vyber, jaké Test Case chceš aby Test Plan testoval a klikni na tlačítko Přidat', 'Vytvořil se Test Plan', 73, NULL, 2073),
(9918, 'Otevři projekt a klikni na záložku Test Plan', 'otevře se ti záložka test plánu', 73, NULL, 2074),
(9919, 'Klikni na vytvořit Test Plan', 'Otevře se okénko Vytvořit Test Plan', 73, NULL, 2074),
(9920, 'Zde vypln název pomocí Speciálních Znaků a vyber, jaké Test Case chceš aby Test Plan testoval a klikni na tlačitko Přidat', 'Vytvořil se Test Plan', 73, NULL, 2074),
(9921, 'Otevři projekt a klikni na záložku Test Plan', 'otevře se ti záložka test plánu', 73, NULL, 2075),
(9922, 'Klikni na vytvořit Test Plan', 'Otevře se okénko Vytvořit Test Plan', 73, NULL, 2075),
(9923, 'Zde nevyplnuj název pouze si vyber jaké Test Case chceš aby Test Plan testoval a klikni na tlačítko Přidat', 'Test Plan se nevytvořil, protože do kolonky s názvem musí být něco napsáno', 73, NULL, 2075),
(9924, 'Otevři projekt a záložku Test Plan', 'Otevře se ti záložka Test Planu', 73, NULL, 2076),
(9925, 'Klikni na vytvořit Test Plan ', 'Otevře se okénko Vytvořit Test Plan', 73, NULL, 2076),
(9926, 'Zde nevyplnujte název jen vyberte Test Casy,  které chcete aby byly v tomto Test Planu testovány klikněte na tlačítko Přidat', 'Test Plan se nevytvořil, a vyskočila hláška, že jméno  Test Planu již bylo použito.', 73, NULL, 2076),
(9927, 'Otevři projekt a klikni na záložku Test Plan', 'otevře se ti záložka test plánu', 73, NULL, 2077),
(9928, 'Klikni na vytvořit Test Sprint', 'Otevře se okénko Vytvořit Test Sprint', 73, NULL, 2077),
(9929, 'Zde vypln název pomocí Čísel a vyber datum od kdy do kdy by měl Test Sprint fungovat a k jakému Test Planu má být přiřazen', 'Vytvořil se Test Sprint', 73, NULL, 2077),
(9930, 'Otevři projekt a klikni na záložku Test Plan', 'otevře se ti záložka test plánu', 73, NULL, 2078),
(9931, 'Klikni na vytvořit Test Plan', 'Otevře se okénko Vytvořit Test Plan', 73, NULL, 2078),
(9932, 'Zde vypln název pomocí Speciálních znaků a vyber datum od kdy do kdy by měl Test Sprint fungovat a k jakému Test Planu má být přiřazen', 'Vytvořil se Test Plan', 73, NULL, 2078),
(9933, 'Otevři projekt a klikni na záložku Test Plan', 'otevře se ti záložka test plánu', 73, NULL, 2079),
(9934, 'Klikni na vytvořit Test Plan', 'Otevře se okénko Vytvořit Test Plan', 73, NULL, 2079),
(9935, 'Zde nevyplnuj název pouze vyber datum od kdy do kdy by měl Test Sprint fungovat a k jakému Test Planu má být přiřazen', 'Test Sprint se nevytvořil, protože do kolonky s názvem musí být něco napsáno', 73, NULL, 2079),
(9936, 'Otevři projekt a záložku Test Plan', 'Otevře se ti záložka Test Planu', 73, NULL, 2080),
(9937, 'Klikni na vytvořit Test Sprint', 'Otevře se okénko Vytvořit Test Sprint', 73, NULL, 2080),
(9938, 'Zde napište stejný název který už má některý z Test Spritu', 'Test Sprint se nevytvořil, a vyskočila hláška, že jméno tohoto Test Planu již bylo vytvořeno', 73, NULL, 2080),
(9939, 'Otevři projekt a klikni na záložku Test Plan', 'Otevře se ti záložka test plánu', 73, NULL, 2081),
(9940, 'Klikni na vytvořit Test Sprint', 'Otevře se okénko Vytvořit Test Sprint', 73, NULL, 2081),
(9941, 'Zde vypln název pomocí znaků s diakritikou a vyber datum od kdy do kdy by měl Test Sprint fungovat a k jakému Test Planu má být přiřazen', 'Vytvořil se Test Sprint', 73, NULL, 2081),
(9942, 'Otevři projekt a klikni na záložku Test Plan', 'Otevře se ti záložka test plánu', 73, NULL, 2082),
(9943, 'Klikni na modré tlačítko, které se nachází pod tlačítkem Vytvořit nový Test Sprint', 'Stránka se rozšírí o 4 údaje na seznamem s Test Plany', 73, NULL, 2082),
(9944, 'Zde můžete napsat do názvu jakýkoliv text do kolonky název a podle toho jestli se to bude shodovat s nějakým názvem Test Planu se budou zobrazovat výsledky', 'Zobrazení výsledku', 73, NULL, 2082),
(9945, 'Při  kliknutí na Vytvoril TP se vám zobrází seznam lidí ,které se na daném projektu podílejí. Vyberte jednoho ze seznamu ', 'Seznam test Planu se změní jsou vidět pouze TSety, které byl vytvořeny vybraným uživatelem.', 73, NULL, 2082),
(9946, 'Dále je zde možnost vyhledávat pomocí datumu. Kliknutím na první kolonku se vám zobrazí kalendář a vy si vyberete od jakého data vytvoření Test Stepy hledáte. To samé i u druhé akorát zadáváte konečné datum', 'Zobrazí se seznam Test Planu které byly vytvořeny v daném intervalu.', 73, NULL, 2082),
(9947, 'Otevři projekt a klikni na záložku Test Plan', 'Otevře se ti záložka test plánu', 73, NULL, 2083),
(9948, 'Klikněte na bílé tlačítko s ozubeným kolem', 'Zobrazí se vám malý seznam ', 73, NULL, 2083),
(9949, 'Zde jsou můžeme vidět  názvy jednotlivích sloupců v seznamu ,které jsou zaškrtnuté.Kliknutím na název se seznam upraví. a to polícko už nebude zaškrtnuté.', 'Seznam byl upravený', 73, NULL, 2083),
(9950, 'Když kliknete na všechny názvy tak celý seznam zmizí', 'Není vidět žadný Test Plan', 73, NULL, 2083),
(9951, 'Pokud to bude chtít vrátit do původní podoby tak kliknutím na nápis Zobraziť všechny sloupce', 'Seznam se vratí do původní podoby', 73, NULL, 2083),
(9952, 'Otevři projekt a klikni na záložku Test Plan', 'Otevře se ti záložka test plánu', 73, NULL, 2084),
(9953, 'Klikněte na modře zvýrayněný název vybraného Test Stepu.', 'Zobrazí se nová stránka', 73, NULL, 2084),
(9954, 'Zde můžeme vidět, Plan jak by měl Test Plan probíhat a jak se od něj  v realitě lisí.', 'Test Plan : Realita vs Plan', 73, NULL, 2084),
(9955, 'Status Test Planu,  ', 'Zobrazení počtu Test Exekucí již proběhlo a kolik z nich bylo Failed,Passed Nebo jeste neproběhli', 73, NULL, 2084),
(9956, 'A také je zde vidět Ganttuv Diagram, ', 'Zobrazení skutečného a předpokládaného vývoje v grafu', 73, NULL, 2084),
(9957, 'Zde v menším malém menu vlevo klikneme na Test Sprint List', 'Zobrazení nové stránky', 73, NULL, 2084),
(9958, 'Zde si můžeme prohlednout  informace o Test sprintech, které jsou v tomto Test Planu. Je zde vypsán název Test Sprintu, rozdíly v procentech mezi plánem a realitou a akce. V obdělníku akce jsou 3 tlačítka. Když kliknete na tlačítko show.Zobrazí se vám  nová stránka s Dashboardem  daného Test Sprintu', 'Otevře se nová stránka , kde je možno vidět Dashboard Test Sprintu který jste se vybral.', 73, NULL, 2084),
(9959, 'Pokud kliknete na tlačítko edit zobrazí se stránka kde mužete upravit název Test Sprintu a Interval od kdy do kdy má trvat.', 'Zobrazení stránky kde se dá upravit Test Sprint', 73, NULL, 2084),
(9960, 'Kliknutím na červené tlačítko se vám se zobrazí hláška jestli chcete tento  Sprint opravda smazat. Kliknutím na tlacitko smazat se Test Sprint smaže. Pokud jej smazat nechcete kliknete na zachovat', 'Zachování nebo Smazání Test Sprintu', 73, NULL, 2084),
(9961, 'Klikněte na edit Test Plan. Tady lze edit upravit napříkad název Test Planu a nebo vybrat Test Sety které chcete aby byly testovány a kliknete na tlačítko uložit', 'Test Plan se upravil', 73, NULL, 2084),
(9962, 'Otevři projekt a klikni na záložku Test Plan', 'Otevře se ti záložka test plánu', 73, NULL, 2085),
(9963, 'Klikněte na šipku která se náchází vedle Id Test Planu a zobrazí se jednotlivé Test Sprinty', 'Zobrazeno', 73, NULL, 2085),
(9964, 'Poté klikněte buď na modře zvýrazněný název Test Sprintu nebo na tlačítko Otvoriť, funkce mají stejné. Měl by se vám zobrazit Dashboard Test Sprintu', 'Dashboard Test Sprint se zobrazil', 73, NULL, 2085),
(9965, 'Zde můžeme vidět to samé jako u Test Planu jen zobrazení Ganttova diagramu se liší . Zde se vytváří pomocí Tagu které jsou na výběr nad Diagramem.', 'Zobrazení Ganttova Diagramu', 73, NULL, 2085),
(9966, 'Klikněte na šipku která se náchází vedle Id Test Planu a zobrazí se jednotlivé Test Sprinty', 'Zobrazeno', 73, NULL, 2085),
(9967, 'V menším menu které je vlevo klikneme na Upravit Test Sprint', 'Otevře se nová stránka , kde je možno upravit Test sprint', 73, NULL, 2085),
(9968, 'Zde můžete upravit Název Test Sprintu, v jakém Test Planu by měl probíhat a interval v jakém bude probíhat. Po upravení klinete na tlačítko uložit.', 'Upravení Test Sprintu', 73, NULL, 2085),
(9969, 'Poté kliknete v menším menu na Upravit Tagy', 'Otevře se nová stránka, kde se dají upravit Tagy', 73, NULL, 2085),
(9970, 'Tady můžete upravit interval v kterém mají Tagy probíhat. Poté jen kliknete na tlačítko Uložiť', 'Úprava Tagů', 73, NULL, 2085),
(9971, 'Dále kliknete v levém menu na Přiřadit Test Case', 'Otevře se stránka , kde jsou vidět jména lidí kteří na daném projektu pracují', 73, NULL, 2085),
(9972, 'Zde můžete uživatelům přiřadit nějaký plán, který by měl provést. Kliknutím na modré tlačítko přiřadit. Zobrazí se nová stránka se seznamem Test Setu a Test Casu, které můžete  uživateli přiřadit', 'Přiřazení Test Stepu a Casu', 73, NULL, 2085),
(9973, 'Otevři projekt a klikni na záložku Test Execution', 'Otevře se ti záložka Test Execution', 73, NULL, 2086),
(9974, 'Klikni na kolonku vlevo a vyber jeden z Test Planu', 'Test Plan vybrán', 73, NULL, 2086),
(9975, 'Klikni na kolonku vpravo a vyber jeden z Test Setu', 'Test Set vybrán', 73, NULL, 2086),
(9976, 'Poté klikni na tlačítko vybrat', 'Zobrazí se stránka, kde je seznam Test Setu, které jsou připraveny k testování', 73, NULL, 2086),
(9977, 'Klikni na tlačítko Otevřít', 'Otevře se okénko pro provedení Test Exekuce', 73, NULL, 2087),
(9978, 'Klikni na spoušt u Timeru.', 'Spuštěn Timer', 73, NULL, 2087),
(9979, 'Poté klikni na tlačitko vedle vpravo u jednotlivých Test Stepů', 'Zobrazí se seznam s 5 možnostmi na zvolení(Passed,Failed,N/A, No Run a Not Completed)', 73, NULL, 2087),
(9980, 'Takto vyplňte všechny Test Stepy a poté vypněte Timer', 'TImer byl vypnut', 73, NULL, 2087),
(9981, 'Kliknete na Zavřít', 'Test Exekuce byla provedena', 73, NULL, 2087),
(9982, 'Klikni na tlačítko Otevřít', 'Otevře se okénko pro provedení Test Exekuce', 73, NULL, 2088),
(9983, 'Klikni na spoušt u Timeru.', 'Spuštěn Timer', 73, NULL, 2088),
(9984, 'Poté klikni na tlačitko Status na horní liště .Zobrazí se seznam s 5 možnostmi na zvolení(Passed,Failed,N/A, No Run a Not Completed)', 'Zobrazí se seznam s 5 možnostmi na zvolení(Passed,Failed,N/A, No Run a Not Completed)', 73, NULL, 2088),
(9985, 'Vypněte Timer', 'TImer byl vypnut', 73, NULL, 2088),
(9986, 'Kliknete na Zavřít', 'Test Exekuce byla provedena', 73, NULL, 2088),
(9987, 'Klikni na tlačítko Otevřít', 'Otevře se okénko pro provedení Test Exekuce', 73, NULL, 2089),
(9988, 'Pokud již byla Test Exekuce provedena pokračujte ke kroku 3. Pokud ne musíte ji nejdříve provést.', 'Test Exekuce byla provedena', 73, NULL, 2089),
(9989, 'Poté klikni na tlačitko Historie, které vždy pod statusem u jednotlivých Test Stepů.', 'Zobrazí se okénko pro Historii Test Stepu', 73, NULL, 2089),
(9990, 'Zde si  můžete přečíst kdo daný Test Step vykonával s jakým statusem skončil a kdy se tak stalo.', 'Informace o Test Stepu', 73, NULL, 2089),
(9991, 'Poté už jen kliknete dvakrát na tlačítko zavřít', 'Historie Test Stepu', 73, NULL, 2089),
(9992, 'Klikni na tlačítko Otevřít', 'Otevře se okénko pro provedení Test Exekuce', 73, NULL, 2090),
(9993, 'Pokud již byla Test Exekuce provedena pokračujte ke kroku 3. Pokud ne musíte ji nejdříve provést.', 'Test Exekuce byla provedena', 73, NULL, 2090),
(9994, 'Poté klikni na tlačitko Issue, které vždy pod statusem u jednotlivých Test Stepů.', 'Zobrazí se okénko pro Issue', 73, NULL, 2090),
(9995, 'Zde vypnte kolonky nadpis,popis,prioritu,typ,přilohy a řešitele. Poté jen klikněte na tlačítko vytvořit.', 'Vytvořená Issue', 73, NULL, 2090),
(9996, 'Otevři projekt a klikni na záložku Test Analyses', 'Otevře se ti záložka Test Analyses', 73, NULL, 2091),
(9997, 'Klikni na vytvořit Test Case', 'Otevře se okénko Vytvořit Test Case', 73, NULL, 2091),
(9998, 'Zde si vyber z Test Setu které máte v nábidce, vyplnte ostatní informace a klikněte na tlačítko Přidat', 'Test Case se vytvořil', 73, NULL, 2091),
(9999, 'Otevři projekt a záložku Test Analyses', 'Otevře se ti záložka Test Analyses', 73, NULL, 2092),
(10000, 'Klikni na vytvořit Test Case', 'Otevře se okénko Vytvořit Test Case', 73, NULL, 2092),
(10001, 'Zde po vybrání Test Setu vyplnte název za pomocí znaků s diakritikou a klikněte na tlačítko Přidat', 'Test Case byl vytvořen', 73, NULL, 2092),
(10002, 'Otevři projekt a záložku Test Analyses', 'Otevře se ti záložka Test Analyses', 73, NULL, 2093),
(10003, 'Klikni na vytvořit Test Case', 'Otevře se okénko Vytvořit Test Case', 73, NULL, 2093),
(10004, 'Zde po vybrání Test Setu vyplnte název pomocí Speciálních Znaků a klikni na tlačitko Přidat.', 'Test Case byl vytvořen', 73, NULL, 2093),
(10005, 'Otevři projekt a záložku Test Analyses', 'Otevře se ti záložka Test Analyses', 73, NULL, 2094),
(10006, 'Klikni na vytvořit Test Case', 'Otevře se okénko Vytvořit Test Case', 73, NULL, 2094),
(10007, 'Zde po vybrání Test Setu vyplnte název pomocí Čísel a klikni na tlačitko Přidat.', 'Test Plan se vytvořil', 73, NULL, 2094),
(10008, 'Otevři projekt a klikni na záložku Test Analyses', 'Otevře se ti záložka Test Analyses', 73, NULL, 2095),
(10009, 'Klikni na vytvořit Test Case', 'Otevře se okénko Vytvořit Test Case', 73, NULL, 2095),
(10010, 'Zde po vybrání ,nevyplnujte Název,  klikněte na tlačítko Přidat', 'Test Case se nevytvořil protože nebyl vyplnen název. Název je povinný údaj.', 73, NULL, 2095),
(10011, 'Otevři projekt a klikni na záložku Test Analyses', 'Otevře se ti záložka Test Analyses', 73, NULL, 2096),
(10012, 'Klikni na vytvořit Test Case', 'Otevře se okénko Vytvořit Test Case', 73, NULL, 2096),
(10013, 'Zde po vybrání ,vyplnění Názvu a Test Setu vyplnte Tag pomocí Speciálních znaků a klikněte na tlačítko Přidat', 'Test Case byl vytvořen', 73, NULL, 2096),
(10014, 'Otevři projekt a záložku Test Analyses', 'Otevře se ti záložka Test Analyses', 73, NULL, 2097),
(10015, 'Klikni na vytvořit Test Case', 'Otevře se okénko Vytvořit Test Case', 73, NULL, 2097),
(10016, 'Zde po vyplnění Názvu a Test Setu vyplnte Tag pomocí znaků s Diakritikou a klikněte na tlačítko Přidat', 'Test Case byl vytvořen', 73, NULL, 2097),
(10017, 'Otevři projekt a záložku Test Analyses', 'Otevře se ti záložka Test Analyses', 73, NULL, 2098),
(10018, 'Klikni na vytvořit Test Case', 'Otevře se okénko Vytvořit Test Case', 73, NULL, 2098),
(10019, 'Zde po vybrání ,vyplnění Názvu a Test Setu vyplnte Tag pomocí Čísel a klikněte na tlačítko Přidat', 'Test Case byl vytvořen', 73, NULL, 2098),
(10020, 'Otevři projekt a záložku Test Analyses', 'Otevře se ti záložka Test Analyses', 73, NULL, 2099),
(10021, 'Klikni na vytvořit Test Case', 'Otevře se okénko Vytvořit Test Case', 73, NULL, 2099),
(10022, 'Zde po vybrání ,vyplnění Názvu a Test Setu vyplnte Tag, který už byl použit   Test Setu a klikněte na tlačítko Přidat', 'Test Plan se vytvořil', 73, NULL, 2099),
(10023, 'Otevři projekt a klikni na záložku Test Analyses', 'Otevře se ti záložka Test Analyses', 73, NULL, 2100),
(10024, 'Klikni na vytvořit Test Case', 'Otevře se okénko Vytvořit Test Case', 73, NULL, 2100),
(10025, 'Zde po vybrání ,vyplnění Názvu, Test Setu a Tag, nevyplnujte Description a klikněte na tlačítko Přidat', 'Test Case byl vytvořen', 73, NULL, 2100),
(10026, 'Otevři projekt a záložku Test Analyses', 'Otevře se ti záložka Test Analyses', 73, NULL, 2101),
(10027, 'Klikni na vytvořit Test Case', 'Otevře se okénko Vytvořit Test Case', 73, NULL, 2101),
(10028, 'Zde po vybrání ,vyplnění Názvu, Test Setu a Tag, vyplnte  Description pomocí znaků s Diakritikou a klikněte na tlačítko Přidat', 'Test Case byl vytvořen', 73, NULL, 2101),
(10029, 'Otevři projekt a záložku Test Analyses', 'Otevře se ti záložka Test Analyses', 73, NULL, 2102),
(10030, 'Klikni na vytvořit Test Case', 'Otevře se okénko Vytvořit Test Case', 73, NULL, 2102),
(10031, 'Zde po vybrání ,vyplnění Názvu, Test Setu a Tag, vyplnte  Description pomocí Speciálních znaků  a klikněte na tlačítko Přidat', 'Test Case byl vytvořen', 73, NULL, 2102),
(10032, 'Otevři projekt a záložku Test Analyses', 'Otevře se ti záložka Test Analyses', 73, NULL, 2103),
(10033, 'Klikni na vytvořit Test Case', 'Otevře se okénko Vytvořit Test Case', 73, NULL, 2103),
(10034, 'Zde po vybrání ,vyplnění Názvu, Test Setu a Tag, vyplnte  Description pomocí Čísel a klikněte na tlačítko Přidat', 'Test Case byl vytvořen', 73, NULL, 2103),
(10035, 'Otevři projekt a klikni na záložku Test Analyses', 'Otevře se ti záložka Test Analyses', 73, NULL, 2104),
(10036, 'Klikni na vytvořit Test Case', 'Otevře se okénko Vytvořit Test Case', 73, NULL, 2104),
(10037, 'Zde po vybrání ,vyplnění Názvu, Test Setu, Tag a Description, nevyplnujte  Result a klikněte na tlačítko Přidat', 'Test Case byl vytvořen', 73, NULL, 2104),
(10038, 'Otevři projekt a záložku Test Analyses', 'Otevře se ti záložka Test Analyses', 73, NULL, 2105),
(10039, 'Klikni na vytvořit Test Case', 'Otevře se okénko Vytvořit Test Case', 73, NULL, 2105),
(10040, 'Zde po vybrání ,vyplnění Názvu, Test Setu, Tag a Description, vyplnte  Result pomocí znaků s diakritikou a klikněte na tlačítko Přidat', 'Test Case byl vytvořen', 73, NULL, 2105),
(10041, 'Otevři projekt a záložku Test Analyses', 'Otevře se ti záložka Test Analyses', 73, NULL, 2106),
(10042, 'Klikni na vytvořit Test Case', 'Otevře se okénko Vytvořit Test Case', 73, NULL, 2106),
(10043, 'Zde po vybrání ,vyplnění Názvu, Test Setu, Tag a Description, vyplnte  Result pomocí Čísel a klikněte na tlačítko Přidat', 'Test Case byl vytvořen', 73, NULL, 2106),
(10044, 'Otevři projekt a záložku Test Analyses', 'Otevře se ti záložka Test Analyses', 73, NULL, 2107),
(10045, 'Klikni na vytvořit Test Case', 'Otevře se okénko Vytvořit Test Case', 73, NULL, 2107),
(10046, 'Zde po vybrání ,vyplnění Názvu, Test Setu, Tag a Description, vyplnte  Result pomocí Speciálních znaků  a klikněte na tlačítko Přidat', 'Test Case byl vytvořen', 73, NULL, 2107),
(10047, 'Otevři projekt a klikni na záložku Test Analyses', 'Otevře se ti záložka Test Analyses', 73, NULL, 2108),
(10048, 'Klikni na vytvořit Test Case', 'Otevře se okénko Vytvořit Test Case', 73, NULL, 2108),
(10049, 'Zde si po vybrání a vyplnění Názvu, Test Setu, Tag, Description a Result, Vyberte Priority , které máte v nabídce a klikněte na tlačítko Přidat', 'Test Case byl vytvořen', 73, NULL, 2108),
(10050, 'Otevři projekt a záložku Test Analyses', 'Otevře se ti záložka Test Analyses', 73, NULL, 2109),
(10051, 'Klikni na vytvořit Test Case', 'Otevře se okénko Vytvořit Test Case', 73, NULL, 2109),
(10052, 'Zde si po vybrání a vyplnění Názvu, Test Setu, Tag, Description Result a Priority, Zaškrtněte jestli tento Test Case chcete schválit a klikněte na tlačítko Přidat', 'Test Case byl vytvořen', 73, NULL, 2109),
(10053, 'Otevři projekt a záložku Test Analyses', 'Otevře se ti záložka Test Analyses', 73, NULL, 2110),
(10054, 'Klikni na vytvořit Test Case', 'Otevře se okénko Vytvořit Test Case', 73, NULL, 2110),
(10055, 'Zde si po vybrání, vyplnění a zaškrtnutí Názvu, Test Setu, Tag, Description Result, Priority a Schválení, Klikněte na tlačítko vybrat soubor', 'Objeví se okénko kde je vidět uložište vašeho PC', 73, NULL, 2110),
(10056, 'Zde vyberte soubor s příponou .rar a klikněte na tlačítko uložit', 'Okénko úložište se zavře', 73, NULL, 2110),
(10057, 'Klikněte na tlačítko Přidat', 'Test Case byl vytvořen', 73, NULL, 2110),
(10058, 'Otevři projekt a záložku Test Analyses', 'Otevře se ti záložka Test Analyses', 73, NULL, 2111),
(10059, 'Klikni na vytvořit Test Case', 'Otevře se okénko Vytvořit Test Case', 73, NULL, 2111),
(10060, 'Zde si po vybrání, vyplnění a zaškrtnutí Názvu, Test Setu, Tag, Description Result, Priority a Schválení, Klikněte na tlačítko vybrat soubor', 'Objeví se okénko kde je vidět uložište vašeho PC', 73, NULL, 2111),
(10061, 'Zde vyberte soubor s příponou .zip a klikněte na tlačítko uložit', 'Okénko úložište se zavře', 73, NULL, 2111),
(10062, 'Klikněte na tlačítko Přidat', 'Test Case byl vytvořen', 73, NULL, 2111),
(10063, 'Otevři projekt a záložku Test Analyses', 'Otevře se ti záložka Test Analyses', 73, NULL, 2112),
(10064, 'Klikni na vytvořit Test Case', 'Otevře se okénko Vytvořit Test Case', 73, NULL, 2112),
(10065, 'Zde si po vybrání, vyplnění a zaškrtnutí Názvu, Test Setu, Tag, Description Result, Priority a Schválení, Klikněte na tlačítko vybrat soubor', 'Objeví se okénko kde je vidět uložište vašeho PC', 73, NULL, 2112),
(10066, 'Zde vyberte soubor s příponou .xlsx a klikněte na tlačítko uložit', 'Okénko úložište se zavře', 73, NULL, 2112),
(10067, 'Klikněte na tlačítko Přidat', 'Test Case byl vytvořen', 73, NULL, 2112),
(10068, 'Otevři projekt a záložku Test Analyses', 'Otevře se ti záložka Test Analyses', 73, NULL, 2113),
(10069, 'Klikni na vytvořit Test Case', 'Otevře se okénko Vytvořit Test Case', 73, NULL, 2113),
(10070, 'Zde si po vybrání, vyplnění a zaškrtnutí Názvu, Test Setu, Tag, Description Result, Priority a Schválení, Klikněte na tlačítko vybrat soubor', 'Objeví se okénko kde je vidět uložište vašeho PC', 73, NULL, 2113),
(10071, 'Zde vyberte soubor s příponou .docx a klikněte na tlačítko uložit', 'Okénko úložište se zavře', 73, NULL, 2113),
(10072, 'Klikněte na tlačítko Přidat', 'Test Case byl vytvořen', 73, NULL, 2113),
(10073, 'Otevři projekt a záložku Test Analyses', 'Otevře se ti záložka Test Analyses', 73, NULL, 2114),
(10074, 'Klikni na vytvořit Test Case', 'Otevře se okénko Vytvořit Test Case', 73, NULL, 2114),
(10075, 'Zde si po vybrání, vyplnění a zaškrtnutí Názvu, Test Setu, Tag, Description Result, Priority a Schválení, Klikněte na tlačítko vybrat soubor', 'Objeví se okénko kde je vidět uložište vašeho PC', 73, NULL, 2114),
(10076, 'Zde vyberte soubor s příponou .png a klikněte na tlačítko uložit', 'Okénko úložište se zavře', 73, NULL, 2114),
(10077, 'Klikněte na tlačítko Přidat', 'Test Case byl vytvořen', 73, NULL, 2114),
(10078, 'Otevři projekt a záložku Test Analyses', 'Otevře se ti záložka Test Analyses', 73, NULL, 2115),
(10079, 'Klikni na vytvořit Test Case', 'Otevře se okénko Vytvořit Test Case', 73, NULL, 2115),
(10080, 'Zde si po vybrání, vyplnění a zaškrtnutí Názvu, Test Setu, Tag, Description Result, Priority a Schválení, Klikněte na tlačítko vybrat soubor', 'Objeví se okénko kde je vidět uložište vašeho PC', 73, NULL, 2115),
(10081, 'Zde vyberte soubor s příponou .jpeg a klikněte na tlačítko uložit', 'Okénko úložište se zavře', 73, NULL, 2115),
(10082, 'Klikněte na tlačítko Přidat', 'Test Case byl vytvořen', 73, NULL, 2115),
(10083, 'Otevři projekt a záložku Test Analyses', 'Otevře se ti záložka Test Analyses', 73, NULL, 2116),
(10084, 'Klikni na vytvořit Test Case', 'Otevře se okénko Vytvořit Test Case', 73, NULL, 2116),
(10085, 'Zde si po vybrání, vyplnění a zaškrtnutí Názvu, Test Setu, Tag, Description Result, Priority, Schválení a Přílohy, vyplňte Precondition pomocí Speciálních znaků', 'Vyplnění Precondition', 73, NULL, 2116),
(10086, 'Poté vyplňte i Expected Result pomocí Speciálních znaků', 'Vyplnění Result', 73, NULL, 2116),
(10087, 'Klikněte na tlačítko Přidat', 'Test Case byl vytvořen', 73, NULL, 2116),
(10088, 'Otevři projekt a záložku Test Analyses', 'Otevře se ti záložka Test Analyses', 73, NULL, 2117),
(10089, 'Klikni na vytvořit Test Case', 'Otevře se okénko Vytvořit Test Case', 73, NULL, 2117),
(10090, 'Zde si po vybrání, vyplnění a zaškrtnutí Názvu, Test Setu, Tag, Description Result, Priority, Schválení a Přílohy, vyplňte Precondition pomocí znaků s Diakritikou', 'Vyplnění Precondition', 73, NULL, 2117),
(10091, 'Poté vyplňte i Expected Result pomocí znaků s Diakritikou', 'Vyplnění Result', 73, NULL, 2117),
(10092, 'Klikněte na tlačítko Přidat', 'Test Case byl vytvořen', 73, NULL, 2117),
(10093, 'Otevři projekt a záložku Test Analyses', 'Otevře se ti záložka Test Analyses', 73, NULL, 2118),
(10094, 'Klikni na vytvořit Test Case', 'Otevře se okénko Vytvořit Test Case', 73, NULL, 2118),
(10095, 'Zde si po vybrání, vyplnění a zaškrtnutí Názvu, Test Setu, Tag, Description Result, Priority, Schválení a Přílohy, vyplňte Precondition pomocí Čísel', 'Vyplnění Precondition', 73, NULL, 2118),
(10096, 'Poté vyplňte i Expected Result pomocí Čísel', 'Vyplnění Result', 73, NULL, 2118),
(10097, 'Klikněte na tlačítko Přidat', 'Test Case byl vytvořen', 73, NULL, 2118),
(10098, 'Otevři projekt a záložku Test Analyses', 'Otevře se ti záložka Test Analyses', 73, NULL, 2119),
(10099, 'Klikni na vytvořit Test Case', 'Otevře se okénko Vytvořit Test Case', 73, NULL, 2119),
(10100, 'Zde si po vybrání, vyplnění a zaškrtnutí Názvu, Test Setu, Tag, Description Result, Priority, Schválení a Přílohy, nechte Precondition prázdné', 'Vyplnění Precondition', 73, NULL, 2119),
(10101, 'Poté nechte prázdné i Expected Result', 'Vyplnění Result', 73, NULL, 2119),
(10102, 'Klikněte na tlačítko Přidat', 'Test Case byl vytvořen', 73, NULL, 2119),
(10103, 'Otevři projekt a záložku Test Analyses', 'Otevře se ti záložka Test Analyses', 73, NULL, 2120),
(10104, 'Klikni na vytvořit Test Set', 'Otevře se okénko Vytvořit Test Set', 73, NULL, 2120),
(10105, 'Zde vyplnte název za pomocí znaků s diakritikou a klikněte na tlačítko Přidat', 'Test Set byl vytvořen', 73, NULL, 2120),
(10106, 'Otevři projekt a záložku Test Analyses', 'Otevře se ti záložka Test Analyses', 73, NULL, 2121),
(10107, 'Klikni na vytvořit Test Set', 'Otevře se okénko Vytvořit Test Set', 73, NULL, 2121),
(10108, 'Zde vyplnte název pomocí Speciálních Znaků a klikni na tlačitko Přidat.', 'Test Set byl vytvořen', 73, NULL, 2121),
(10109, 'Otevři projekt a záložku Test Analyses', 'Otevře se ti záložka Test Analyses', 73, NULL, 2122),
(10110, 'Klikni na vytvořit Test Set', 'Otevře se okénko Vytvořit Test Set', 73, NULL, 2122),
(10111, 'Zde vyplnte název pomocí Čísel a klikni na tlačitko Přidat.', 'Test Set se vytvořil', 73, NULL, 2122),
(10112, 'Otevři projekt a klikni na záložku Test Analyses', 'Otevře se ti záložka Test Analyses', 73, NULL, 2123),
(10113, 'Klikni na vytvořit Test Set', 'Otevře se okénko Vytvořit Test Set', 73, NULL, 2123),
(10114, 'Zde nevyplnujte Název,  klikněte na tlačítko Přidat', 'Test Set se nevytvořil protože nebyl vyplnen název. Název je povinný údaj.', 73, NULL, 2123),
(10115, 'Otevři projekt a klikni na záložku Test Analyses', 'Otevře se ti záložka Test Analyses', 73, NULL, 2124),
(10116, 'Klikni na vytvořit Test Set', 'Otevře se okénko Vytvořit Test Set', 73, NULL, 2124),
(10117, 'Zde po vyplnění Názvu  vyplnte Tag pomocí Speciálních znaků a klikněte na tlačítko Přidat', 'Test Set byl vytvořen', 73, NULL, 2124),
(10118, 'Otevři projekt a záložku Test Analyses', 'Otevře se ti záložka Test Analyses', 73, NULL, 2125),
(10119, 'Klikni na vytvořit Test Set', 'Otevře se okénko Vytvořit Test Set', 73, NULL, 2125),
(10120, 'Zde po vyplnění Názvu vyplnte Tag pomocí znaků s Diakritikou a klikněte na tlačítko Přidat', 'Test Set byl vytvořen', 73, NULL, 2125),
(10121, 'Otevři projekt a záložku Test Analyses', 'Otevře se ti záložka Test Analyses', 73, NULL, 2126),
(10122, 'Klikni na vytvořit Test Set', 'Otevře se okénko Vytvořit Test Set', 73, NULL, 2126),
(10123, 'Zde po vyplnění Názvu  vyplnte Tag pomocí Čísel a klikněte na tlačítko Přidat', 'Test Set byl vytvořen', 73, NULL, 2126),
(10124, 'Otevři projekt a záložku Test Analyses', 'Otevře se ti záložka Test Analyses', 73, NULL, 2127),
(10125, 'Klikni na vytvořit Test Set', 'Otevře se okénko Vytvořit Test Set', 73, NULL, 2127),
(10126, 'Zde po vyplnění Názvu vyplnte Tag, který už byl použit   Test Setu a klikněte na tlačítko Přidat', 'Test Set se vytvořil', 73, NULL, 2127),
(10127, 'Otevři projekt a klikni na záložku Test Analyses', 'Otevře se ti záložka Test Analyses', 73, NULL, 2128),
(10128, 'Klikni na vytvořit Test Set', 'Otevře se okénko Vytvořit Test Set', 73, NULL, 2128),
(10129, 'Zde po vyplnění Názvu nevyplnujte Tag a klikněte na tlačítko Přidat', 'Test Set se vytvořil', 73, NULL, 2128),
(10130, 'Otevři projekt a klikni na záložku Test Analyses', 'Otevře se ti záložka Test Analyses', 73, NULL, 2129),
(10131, 'Klikni na vytvořit Test Set', 'Otevře se okénko Vytvořit Test Set', 73, NULL, 2129);
INSERT INTO `test_step` (`id`, `precondition`, `expected_result`, `creator_id`, `create_date`, `test_case_id`) VALUES
(10132, 'Zde po vyplnění Názvu a Tagu, nevyplnujte Description a klikněte na tlačítko Přidat', 'Test Set byl vytvořen', 73, NULL, 2129),
(10133, 'Otevři projekt a záložku Test Analyses', 'Otevře se ti záložka Test Analyses', 73, NULL, 2130),
(10134, 'Klikni na vytvořit Test Set', 'Otevře se okénko Vytvořit Test Set', 73, NULL, 2130),
(10135, 'Zde po vyplnění Názvu a Tagu, vyplnte  Description pomocí znaků s Diakritikou a klikněte na tlačítko Přidat', 'Test Set byl vytvořen', 73, NULL, 2130),
(10136, 'Otevři projekt a záložku Test Analyses', 'Otevře se ti záložka Test Analyses', 73, NULL, 2131),
(10137, 'Klikni na vytvořit Test Set', 'Otevře se okénko Vytvořit Test Set', 73, NULL, 2131),
(10138, 'Zde po vyplnění Názvu a Tagu, vyplnte  Description pomocí Speciálních znaků  a klikněte na tlačítko Přidat', 'Test Set byl vytvořen', 73, NULL, 2131),
(10139, 'Otevři projekt a záložku Test Analyses', 'Otevře se ti záložka Test Analyses', 73, NULL, 2132),
(10140, 'Klikni na vytvořit Test Set', 'Otevře se okénko Vytvořit Test Set', 73, NULL, 2132),
(10141, 'Zde po vyplnění Názvu a Tag, vyplnte  Description pomocí Čísel a klikněte na tlačítko Přidat', 'Test Set byl vytvořen', 73, NULL, 2132),
(10142, 'Otevři projekt a klikni na záložku Test Analyses', 'Otevře se ti záložka Test Analyses', 73, NULL, 2133),
(10143, 'Klikni na přidat skupinu testů', 'Otevře se okénko Přidat skupinu testů', 73, NULL, 2133),
(10144, 'Zde zaškrtněte pole pro s názvem Vytvořit novou sadu testů ale prázdná pole nevyplňujte jen klikněte na tlačítko Přidat.', 'Skupina testů se nevytvořila, protože se musí zadat název jak  Test Casu tak Test Setu.', 73, NULL, 2133),
(10145, 'Otevři projekt a klikni na záložku Test Analyses', 'Otevře se ti záložka Test Analyses', 73, NULL, 2134),
(10146, 'Klikni na přidat skupinu testů', 'Otevře se okénko Přidat skupinu testů', 73, NULL, 2134),
(10147, 'Zde si vyber z Test Setu které máte v nábidce a vyplň název stejným jaký má už nějaký z Test Casu v tomto Test Setu a poté klikněte na tlačítko Přidat', 'Skupina testů se nevytvořila, protože  název Test Casu nesmí být stejný jako některý jiný který už byl použit v tomto Test Setu', 73, NULL, 2134),
(10148, 'Otevři projekt a klikni na záložku Test Analyses', 'Otevře se ti záložka Test Analyses', 73, NULL, 2135),
(10149, 'Klikni na přidat skupinu testů', 'Otevře se okénko Přidat skupinu testů', 73, NULL, 2135),
(10150, 'Zde si vyber z Test Setu které máte v nábidce a klikněte na tlačítko Přidat', 'Skupina testů se nevytvořila, protože se musí zadat název Test Casu', 73, NULL, 2135),
(10151, 'Otevři projekt a záložku Test Analyses', 'Otevře se ti záložka Test Analyses', 73, NULL, 2136),
(10152, 'Klikni na přidat skupinu testů', 'Otevře se okénko Přidat skupinu testů', 73, NULL, 2136),
(10153, 'Zde po vybrání Test Setu vyplnte název za pomocí znaků s diakritikou a klikněte na tlačítko Přidat', 'Skupina Test Casu byla přidána', 73, NULL, 2136),
(10154, 'Otevři projekt a záložku Test Analyses', 'Otevře se ti záložka Test Analyses', 73, NULL, 2137),
(10155, 'Klikni na přidat skupinu testů', 'Otevře se okénko Přidat skupinu testů', 73, NULL, 2137),
(10156, 'Zde po vybrání Test Setu vyplnte název pomocí Speciálních Znaků a klikni na tlačitko Přidat.', 'Skupina Test Casu byla přidána', 73, NULL, 2137),
(10157, 'Otevři projekt a záložku Test Analyses', 'Otevře se ti záložka Test Analyses', 73, NULL, 2138),
(10158, 'Klikni na přidat skupinu testů', 'Otevře se okénko Přidat skupinu testů', 73, NULL, 2138),
(10159, 'Zde po vybrání Test Setu vyplnte název pomocí Čísel a klikni na tlačitko Přidat.', 'Skupina Test Casu byla přidána', 73, NULL, 2138),
(10160, 'Otevři projekt a klikni na záložku Test Analyses', 'Otevře se ti záložka Test Analyses', 73, NULL, 2139),
(10161, 'Klikni na vytvořit Test Case', 'Otevře se okénko Vytvořit Test Case', 73, NULL, 2139),
(10162, 'Zde po vybrání ,nevyplnujte Název,  klikněte na tlačítko Přidat', 'Test Case se nevytvořil protože nebyl vyplnen název. Název je povinný údaj.', 73, NULL, 2139),
(10163, 'Otevři projekt a klikni na záložku Test Analyses', 'Otevře se ti záložka Test Analyses', 73, NULL, 2140),
(10164, 'Klikni na přidat skupinu testů', 'Otevře se okénko Přidat skupinu testů', 73, NULL, 2140),
(10165, 'Zde vyplnte pouze kolonku kde je potřeba vyplnit název Test Setu', 'Skupina testů se nevytvořila, protože se musí zadat název Test Casu', 73, NULL, 2140);

-- --------------------------------------------------------

--
-- Štruktúra tabuľky pre tabuľku `test_step_execution`
--

CREATE TABLE `test_step_execution` (
  `id` int(11) NOT NULL,
  `test_plan_sprint_case_id` int(11) NOT NULL,
  `test_step_id` int(11) NOT NULL,
  `status_id` int(11) NOT NULL,
  `creator_id` int(11) NOT NULL,
  `create_date` timestamp NOT NULL DEFAULT CURRENT_TIMESTAMP ON UPDATE CURRENT_TIMESTAMP,
  `multimedia_id` int(11) DEFAULT NULL,
  `actual_result` text COLLATE utf8_slovak_ci
) ENGINE=InnoDB DEFAULT CHARSET=utf8 COLLATE=utf8_slovak_ci;

--
-- Sťahujem dáta pre tabuľku `test_step_execution`
--

INSERT INTO `test_step_execution` (`id`, `test_plan_sprint_case_id`, `test_step_id`, `status_id`, `creator_id`, `create_date`, `multimedia_id`, `actual_result`) VALUES
(268, 514, 7281, 2, 73, '2018-05-25 09:27:16', NULL, NULL),
(269, 514, 7282, 3, 73, '2018-05-25 09:27:28', NULL, NULL),
(270, 514, 7282, 2, 73, '2018-05-25 09:27:38', NULL, NULL),
(271, 514, 7283, 2, 73, '2018-05-25 09:27:40', NULL, NULL),
(272, 514, 7284, 2, 73, '2018-05-25 09:27:43', NULL, NULL),
(273, 672, 7528, 2, 73, '2018-05-25 09:30:15', NULL, NULL),
(274, 672, 7527, 2, 73, '2018-05-25 09:30:15', NULL, NULL),
(275, 671, 7524, 2, 73, '2018-05-25 09:30:38', NULL, NULL),
(276, 671, 7525, 2, 73, '2018-05-25 09:30:40', NULL, NULL),
(277, 671, 7526, 2, 73, '2018-05-25 09:30:42', NULL, NULL),
(278, 670, 7522, 2, 73, '2018-05-25 09:32:34', NULL, NULL),
(279, 670, 7523, 2, 73, '2018-05-25 09:33:17', NULL, NULL),
(280, 669, 7519, 2, 73, '2018-05-25 09:33:46', NULL, NULL),
(281, 669, 7520, 2, 73, '2018-05-25 09:33:49', NULL, NULL),
(282, 669, 7521, 2, 73, '2018-05-25 09:33:54', NULL, NULL),
(283, 668, 7516, 2, 73, '2018-05-25 09:34:06', NULL, NULL),
(284, 668, 7517, 2, 73, '2018-05-25 09:34:10', NULL, NULL),
(285, 668, 7518, 2, 73, '2018-05-25 09:34:12', NULL, NULL),
(286, 667, 7512, 2, 73, '2018-05-25 09:35:35', NULL, NULL),
(287, 667, 7513, 2, 73, '2018-05-25 09:35:37', NULL, NULL),
(288, 667, 7514, 2, 73, '2018-05-25 09:35:39', NULL, NULL),
(289, 667, 7515, 2, 73, '2018-05-25 09:35:42', NULL, NULL),
(290, 666, 7509, 2, 73, '2018-05-25 09:40:36', NULL, NULL),
(291, 666, 7510, 2, 73, '2018-05-25 09:41:27', NULL, NULL),
(292, 666, 7511, 2, 73, '2018-05-25 09:41:31', NULL, NULL),
(293, 665, 7506, 2, 73, '2018-05-25 09:53:22', NULL, NULL),
(294, 665, 7507, 2, 73, '2018-05-25 09:53:25', NULL, NULL),
(295, 665, 7508, 2, 73, '2018-05-25 09:53:26', NULL, NULL),
(296, 664, 7503, 2, 73, '2018-05-25 09:53:40', NULL, NULL),
(297, 664, 7504, 2, 73, '2018-05-25 09:53:42', NULL, NULL),
(298, 664, 7505, 2, 73, '2018-05-25 09:53:44', NULL, NULL),
(299, 663, 7499, 2, 73, '2018-05-25 09:53:54', NULL, NULL),
(300, 663, 7500, 2, 73, '2018-05-25 09:53:56', NULL, NULL),
(301, 663, 7501, 2, 73, '2018-05-25 09:53:58', NULL, NULL),
(302, 663, 7502, 2, 73, '2018-05-25 09:54:00', NULL, NULL),
(303, 662, 7492, 2, 73, '2018-05-25 09:54:15', NULL, NULL),
(304, 662, 7493, 2, 73, '2018-05-25 09:54:18', NULL, NULL),
(305, 662, 7494, 2, 73, '2018-05-25 09:54:22', NULL, NULL),
(306, 662, 7495, 2, 73, '2018-05-25 09:54:24', NULL, NULL),
(307, 662, 7496, 2, 73, '2018-05-25 09:54:26', NULL, NULL),
(308, 662, 7497, 2, 73, '2018-05-25 09:54:28', NULL, NULL),
(309, 662, 7498, 2, 73, '2018-05-25 09:54:32', NULL, NULL),
(310, 661, 7486, 2, 73, '2018-05-25 09:55:49', NULL, NULL),
(311, 661, 7487, 2, 73, '2018-05-25 09:55:52', NULL, NULL),
(312, 661, 7488, 2, 73, '2018-05-25 09:55:54', NULL, NULL),
(313, 661, 7489, 2, 73, '2018-05-25 09:55:56', NULL, NULL),
(314, 661, 7490, 2, 73, '2018-05-25 09:55:59', NULL, NULL),
(315, 661, 7491, 2, 73, '2018-05-25 09:56:01', NULL, NULL),
(316, 660, 7480, 2, 73, '2018-05-25 09:56:12', NULL, NULL),
(317, 660, 7481, 2, 73, '2018-05-25 09:56:16', NULL, NULL),
(318, 660, 7482, 2, 73, '2018-05-25 09:56:18', NULL, NULL),
(319, 660, 7483, 2, 73, '2018-05-25 09:56:20', NULL, NULL),
(320, 660, 7484, 2, 73, '2018-05-25 09:56:23', NULL, NULL),
(321, 660, 7485, 2, 73, '2018-05-25 09:56:25', NULL, NULL),
(322, 659, 7474, 2, 73, '2018-05-25 09:56:50', NULL, NULL),
(323, 659, 7475, 2, 73, '2018-05-25 09:56:55', NULL, NULL),
(324, 659, 7476, 2, 73, '2018-05-25 09:56:59', NULL, NULL),
(325, 659, 7477, 2, 73, '2018-05-25 09:57:02', NULL, NULL),
(326, 659, 7478, 2, 73, '2018-05-25 09:57:04', NULL, NULL),
(327, 659, 7479, 2, 73, '2018-05-25 09:57:06', NULL, NULL),
(328, 658, 7465, 2, 73, '2018-05-25 09:57:45', NULL, NULL),
(329, 658, 7466, 2, 73, '2018-05-25 09:59:11', NULL, NULL),
(330, 658, 7467, 2, 73, '2018-05-25 09:59:16', NULL, NULL),
(331, 658, 7468, 2, 73, '2018-05-25 09:59:37', NULL, NULL),
(332, 658, 7469, 2, 73, '2018-05-25 09:59:39', NULL, NULL),
(333, 658, 7470, 2, 73, '2018-05-25 09:59:42', NULL, NULL),
(334, 658, 7471, 2, 73, '2018-05-25 09:59:44', NULL, NULL),
(335, 658, 7472, 2, 73, '2018-05-25 09:59:45', NULL, NULL),
(336, 658, 7473, 2, 73, '2018-05-25 09:59:47', NULL, NULL),
(337, 657, 7456, 2, 73, '2018-05-25 10:00:00', NULL, NULL),
(338, 657, 7457, 2, 73, '2018-05-25 10:00:01', NULL, NULL),
(339, 657, 7458, 2, 73, '2018-05-25 10:00:03', NULL, NULL),
(340, 657, 7459, 2, 73, '2018-05-25 10:00:05', NULL, NULL),
(341, 657, 7460, 2, 73, '2018-05-25 10:00:07', NULL, NULL),
(342, 657, 7461, 2, 73, '2018-05-25 10:00:10', NULL, NULL),
(343, 657, 7462, 2, 73, '2018-05-25 10:00:12', NULL, NULL),
(344, 657, 7463, 2, 73, '2018-05-25 10:00:13', NULL, NULL),
(345, 657, 7464, 2, 73, '2018-05-25 10:00:15', NULL, NULL),
(346, 656, 7449, 2, 73, '2018-05-25 10:00:25', NULL, NULL),
(347, 656, 7450, 2, 73, '2018-05-25 10:00:27', NULL, NULL),
(348, 656, 7451, 2, 73, '2018-05-25 10:00:29', NULL, NULL),
(349, 656, 7452, 2, 73, '2018-05-25 10:00:31', NULL, NULL),
(350, 656, 7453, 2, 73, '2018-05-25 10:00:33', NULL, NULL),
(351, 656, 7454, 2, 73, '2018-05-25 10:00:37', NULL, NULL),
(352, 656, 7455, 2, 73, '2018-05-25 10:00:39', NULL, NULL),
(353, 655, 7442, 2, 73, '2018-05-25 10:00:49', NULL, NULL),
(354, 655, 7443, 2, 73, '2018-05-25 10:00:51', NULL, NULL),
(355, 655, 7444, 2, 73, '2018-05-25 10:00:52', NULL, NULL),
(356, 655, 7445, 2, 73, '2018-05-25 10:00:54', NULL, NULL),
(357, 655, 7446, 2, 73, '2018-05-25 10:00:56', NULL, NULL),
(358, 655, 7447, 2, 73, '2018-05-25 10:00:57', NULL, NULL),
(359, 655, 7448, 2, 73, '2018-05-25 10:01:00', NULL, NULL),
(360, 654, 7436, 2, 73, '2018-05-25 10:01:30', NULL, NULL),
(361, 654, 7437, 2, 73, '2018-05-25 10:01:32', NULL, NULL),
(362, 654, 7438, 2, 73, '2018-05-25 10:01:35', NULL, NULL),
(363, 654, 7439, 2, 73, '2018-05-25 10:01:37', NULL, NULL),
(364, 654, 7440, 2, 73, '2018-05-25 10:01:38', NULL, NULL),
(365, 654, 7441, 2, 73, '2018-05-25 10:01:40', NULL, NULL),
(366, 653, 7432, 2, 73, '2018-05-25 10:01:55', NULL, NULL),
(367, 653, 7433, 2, 73, '2018-05-25 10:01:56', NULL, NULL),
(368, 653, 7434, 2, 73, '2018-05-25 10:01:58', NULL, NULL),
(369, 653, 7435, 2, 73, '2018-05-25 10:02:00', NULL, NULL),
(370, 652, 7428, 2, 73, '2018-05-25 10:14:21', NULL, NULL),
(371, 652, 7429, 2, 73, '2018-05-25 10:14:23', NULL, NULL),
(372, 652, 7430, 2, 73, '2018-05-25 10:15:04', NULL, NULL),
(373, 652, 7431, 2, 73, '2018-05-25 10:15:07', NULL, NULL),
(374, 651, 7424, 2, 73, '2018-05-25 10:15:21', NULL, NULL),
(375, 651, 7425, 2, 73, '2018-05-25 10:15:23', NULL, NULL),
(376, 651, 7426, 2, 73, '2018-05-25 10:15:24', NULL, NULL),
(377, 651, 7427, 2, 73, '2018-05-25 10:15:25', NULL, NULL),
(378, 650, 7420, 2, 73, '2018-05-25 10:21:15', NULL, NULL),
(379, 650, 7421, 2, 73, '2018-05-25 10:21:17', NULL, NULL),
(380, 650, 7422, 2, 73, '2018-05-25 10:21:19', NULL, NULL),
(381, 650, 7423, 2, 73, '2018-05-25 10:21:22', NULL, NULL),
(382, 649, 7416, 2, 73, '2018-05-25 10:21:30', NULL, NULL),
(383, 649, 7417, 2, 73, '2018-05-25 10:21:32', NULL, NULL),
(384, 649, 7418, 2, 73, '2018-05-25 10:21:34', NULL, NULL),
(385, 649, 7419, 2, 73, '2018-05-25 10:21:36', NULL, NULL),
(386, 648, 7412, 2, 73, '2018-05-25 10:23:30', NULL, NULL),
(387, 648, 7413, 2, 73, '2018-05-25 10:23:32', NULL, NULL),
(388, 648, 7414, 2, 73, '2018-05-25 10:23:34', NULL, NULL),
(389, 648, 7415, 2, 73, '2018-05-25 10:23:38', NULL, NULL),
(390, 647, 7406, 2, 73, '2018-05-25 10:25:18', NULL, NULL),
(391, 647, 7407, 2, 73, '2018-05-25 10:25:19', NULL, NULL),
(392, 647, 7408, 2, 73, '2018-05-25 10:25:24', NULL, NULL),
(393, 647, 7409, 2, 73, '2018-05-25 10:27:18', NULL, NULL),
(394, 647, 7410, 2, 73, '2018-05-25 10:27:23', NULL, NULL),
(395, 647, 7411, 2, 73, '2018-05-25 10:28:07', NULL, NULL),
(396, 646, 7402, 2, 73, '2018-05-25 10:29:39', NULL, NULL),
(397, 646, 7403, 2, 73, '2018-05-25 10:29:41', NULL, NULL),
(398, 646, 7404, 2, 73, '2018-05-25 10:29:43', NULL, NULL),
(399, 646, 7405, 2, 73, '2018-05-25 10:29:45', NULL, NULL),
(400, 645, 7398, 2, 73, '2018-05-25 10:31:24', NULL, NULL),
(401, 645, 7399, 2, 73, '2018-05-25 10:31:26', NULL, NULL),
(402, 645, 7400, 2, 73, '2018-05-25 10:31:28', NULL, NULL),
(403, 645, 7401, 2, 73, '2018-05-25 10:31:30', NULL, NULL),
(404, 644, 7394, 2, 73, '2018-05-25 10:31:41', NULL, NULL),
(405, 644, 7395, 2, 73, '2018-05-25 10:31:43', NULL, NULL),
(406, 644, 7396, 2, 73, '2018-05-25 10:31:47', NULL, NULL),
(407, 644, 7397, 2, 73, '2018-05-25 10:31:48', NULL, NULL),
(408, 643, 7390, 2, 73, '2018-05-25 10:32:23', NULL, NULL),
(409, 643, 7391, 2, 73, '2018-05-25 10:32:25', NULL, NULL),
(410, 643, 7392, 2, 73, '2018-05-25 10:32:29', NULL, NULL),
(411, 643, 7393, 2, 73, '2018-05-25 10:32:31', NULL, NULL),
(412, 642, 7386, 2, 73, '2018-05-25 10:32:49', NULL, NULL),
(413, 642, 7387, 2, 73, '2018-05-25 10:32:51', NULL, NULL),
(414, 642, 7388, 2, 73, '2018-05-25 10:33:07', NULL, NULL),
(415, 642, 7389, 2, 73, '2018-05-25 10:33:09', NULL, NULL),
(416, 641, 7382, 2, 73, '2018-05-25 10:33:22', NULL, NULL),
(417, 641, 7383, 2, 73, '2018-05-25 10:33:23', NULL, NULL),
(418, 641, 7384, 2, 73, '2018-05-25 10:33:25', NULL, NULL),
(419, 641, 7385, 2, 73, '2018-05-25 10:33:26', NULL, NULL),
(420, 640, 7371, 2, 73, '2018-05-25 10:33:36', NULL, NULL),
(421, 640, 7372, 2, 73, '2018-05-25 10:33:39', NULL, NULL),
(422, 640, 7373, 2, 73, '2018-05-25 10:33:42', NULL, NULL),
(423, 640, 7374, 2, 73, '2018-05-25 10:33:44', NULL, NULL),
(424, 640, 7375, 2, 73, '2018-05-25 10:33:46', NULL, NULL),
(425, 640, 7376, 2, 73, '2018-05-25 10:33:47', NULL, NULL),
(426, 640, 7377, 2, 73, '2018-05-25 10:33:49', NULL, NULL),
(427, 640, 7378, 2, 73, '2018-05-25 10:33:53', NULL, NULL),
(428, 640, 7379, 2, 73, '2018-05-25 10:33:56', NULL, NULL),
(429, 640, 7380, 2, 73, '2018-05-25 10:33:59', NULL, NULL),
(430, 640, 7381, 2, 73, '2018-05-25 10:34:01', NULL, NULL),
(431, 639, 7366, 2, 73, '2018-05-25 10:40:47', NULL, NULL),
(432, 639, 7367, 2, 73, '2018-05-25 10:40:50', NULL, NULL),
(433, 639, 7368, 2, 73, '2018-05-25 10:40:54', NULL, NULL),
(434, 639, 7369, 2, 73, '2018-05-25 10:40:57', NULL, NULL),
(435, 639, 7370, 2, 73, '2018-05-25 10:41:01', NULL, NULL),
(436, 638, 7361, 2, 73, '2018-05-25 10:41:11', NULL, NULL),
(437, 638, 7362, 2, 73, '2018-05-25 10:41:14', NULL, NULL),
(438, 638, 7363, 2, 73, '2018-05-25 10:41:26', NULL, NULL),
(439, 638, 7364, 2, 73, '2018-05-25 10:41:31', NULL, NULL),
(440, 638, 7365, 2, 73, '2018-05-25 10:41:33', NULL, NULL),
(441, 637, 7353, 2, 73, '2018-05-25 10:46:39', NULL, NULL),
(442, 637, 7354, 2, 73, '2018-05-25 10:49:04', NULL, NULL),
(443, 637, 7355, 2, 73, '2018-05-25 10:49:08', NULL, NULL),
(444, 637, 7356, 2, 73, '2018-05-25 10:49:37', NULL, NULL),
(445, 637, 7357, 2, 73, '2018-05-25 10:50:08', NULL, NULL),
(446, 637, 7358, 2, 73, '2018-05-25 10:50:14', NULL, NULL),
(447, 637, 7359, 2, 73, '2018-05-25 10:50:37', NULL, NULL),
(448, 637, 7360, 2, 73, '2018-05-25 10:50:43', NULL, NULL),
(449, 636, 7347, 2, 73, '2018-05-25 10:51:35', NULL, NULL),
(450, 636, 7348, 2, 73, '2018-05-25 10:51:36', NULL, NULL),
(451, 636, 7349, 2, 73, '2018-05-25 10:51:38', NULL, NULL),
(452, 636, 7350, 2, 73, '2018-05-25 10:51:41', NULL, NULL),
(453, 636, 7351, 2, 73, '2018-05-25 10:51:44', NULL, NULL),
(454, 636, 7352, 2, 73, '2018-05-25 10:51:49', NULL, NULL),
(455, 635, 7344, 2, 73, '2018-05-25 10:56:45', NULL, NULL),
(456, 635, 7345, 2, 73, '2018-05-25 10:56:46', NULL, NULL),
(457, 635, 7346, 2, 73, '2018-05-25 10:56:51', NULL, NULL),
(458, 634, 7341, 2, 73, '2018-05-25 10:57:03', NULL, NULL),
(459, 634, 7342, 2, 73, '2018-05-25 10:57:04', NULL, NULL),
(460, 634, 7343, 2, 73, '2018-05-25 10:57:06', NULL, NULL),
(461, 633, 7337, 2, 73, '2018-05-25 10:57:15', NULL, NULL),
(462, 633, 7338, 2, 73, '2018-05-25 10:57:17', NULL, NULL),
(463, 633, 7339, 2, 73, '2018-05-25 10:57:19', NULL, NULL),
(464, 633, 7340, 2, 73, '2018-05-25 10:57:21', NULL, NULL),
(465, 632, 7334, 2, 73, '2018-05-25 10:57:45', NULL, NULL),
(466, 632, 7335, 2, 73, '2018-05-25 10:57:46', NULL, NULL),
(467, 632, 7336, 2, 73, '2018-05-25 10:57:48', NULL, NULL),
(468, 631, 7331, 2, 73, '2018-05-25 10:58:03', NULL, NULL),
(469, 631, 7332, 2, 73, '2018-05-25 10:58:04', NULL, NULL),
(470, 631, 7333, 2, 73, '2018-05-25 10:58:06', NULL, NULL),
(471, 630, 7328, 2, 73, '2018-05-25 10:59:44', NULL, NULL),
(472, 630, 7329, 2, 73, '2018-05-25 10:59:46', NULL, NULL),
(473, 630, 7330, 2, 73, '2018-05-25 10:59:48', NULL, NULL),
(474, 629, 7322, 2, 73, '2018-05-25 11:01:03', NULL, NULL),
(475, 629, 7323, 2, 73, '2018-05-25 11:01:05', NULL, NULL),
(476, 629, 7324, 2, 73, '2018-05-25 11:01:06', NULL, NULL),
(477, 629, 7325, 2, 73, '2018-05-25 11:01:09', NULL, NULL),
(478, 629, 7326, 2, 73, '2018-05-25 11:01:12', NULL, NULL),
(479, 629, 7327, 2, 73, '2018-05-25 11:01:16', NULL, NULL),
(480, 628, 7318, 2, 73, '2018-05-25 11:03:18', NULL, NULL),
(481, 628, 7319, 2, 73, '2018-05-25 11:03:25', NULL, NULL),
(482, 628, 7320, 2, 73, '2018-05-25 11:03:26', NULL, NULL),
(483, 628, 7321, 2, 73, '2018-05-25 11:03:34', NULL, NULL),
(484, 628, 7317, 2, 73, '2018-05-25 11:03:38', NULL, NULL),
(485, 627, 7312, 2, 73, '2018-05-25 11:04:31', NULL, NULL),
(486, 627, 7313, 2, 73, '2018-05-25 11:04:33', NULL, NULL),
(487, 627, 7314, 2, 73, '2018-05-25 11:04:35', NULL, NULL),
(488, 627, 7315, 2, 73, '2018-05-25 11:04:37', NULL, NULL),
(489, 627, 7316, 2, 73, '2018-05-25 11:04:39', NULL, NULL),
(490, 626, 7306, 2, 73, '2018-05-25 11:11:40', NULL, NULL),
(491, 626, 7307, 2, 73, '2018-05-25 11:11:42', NULL, NULL),
(492, 626, 7308, 2, 73, '2018-05-25 11:11:43', NULL, NULL),
(493, 626, 7309, 2, 73, '2018-05-25 11:11:45', NULL, NULL),
(494, 626, 7310, 2, 73, '2018-05-25 11:11:47', NULL, NULL),
(495, 626, 7311, 2, 73, '2018-05-25 11:11:49', NULL, NULL),
(496, 625, 7303, 2, 73, '2018-05-25 11:12:02', NULL, NULL),
(497, 625, 7304, 2, 73, '2018-05-25 11:12:15', NULL, NULL),
(498, 625, 7305, 2, 73, '2018-05-25 11:12:17', NULL, NULL),
(499, 624, 7300, 2, 73, '2018-05-25 11:12:34', NULL, NULL),
(500, 624, 7301, 2, 73, '2018-05-25 11:12:35', NULL, NULL),
(501, 624, 7302, 2, 73, '2018-05-25 11:12:38', NULL, NULL),
(502, 623, 7296, 2, 73, '2018-05-25 11:12:50', NULL, NULL),
(503, 623, 7297, 2, 73, '2018-05-25 11:12:51', NULL, NULL),
(504, 623, 7298, 2, 73, '2018-05-25 11:12:57', NULL, NULL),
(505, 623, 7299, 2, 73, '2018-05-25 11:12:59', NULL, NULL),
(506, 622, 7293, 2, 73, '2018-05-25 11:15:55', NULL, NULL),
(507, 622, 7294, 2, 73, '2018-05-25 11:15:59', NULL, NULL),
(508, 622, 7295, 2, 73, '2018-05-25 11:16:02', NULL, NULL),
(509, 621, 7290, 2, 73, '2018-05-25 11:17:22', NULL, NULL),
(510, 621, 7291, 2, 73, '2018-05-25 11:17:25', NULL, NULL),
(511, 621, 7292, 2, 73, '2018-05-25 11:17:27', NULL, NULL),
(512, 620, 7287, 2, 73, '2018-05-25 11:17:40', NULL, NULL),
(513, 620, 7288, 2, 73, '2018-05-25 11:17:42', NULL, NULL),
(514, 620, 7289, 2, 73, '2018-05-25 11:17:44', NULL, NULL),
(515, 619, 7285, 2, 73, '2018-05-25 11:17:54', NULL, NULL),
(516, 619, 7286, 2, 73, '2018-05-25 11:17:56', NULL, NULL),
(517, 513, 7276, 3, 73, '2018-05-28 21:05:19', NULL, NULL),
(518, 618, 9088, 2, 73, '2018-05-29 10:26:23', NULL, NULL),
(519, 618, 9089, 2, 73, '2018-05-29 10:26:25', NULL, NULL),
(520, 618, 9090, 2, 73, '2018-05-29 10:26:27', NULL, NULL),
(521, 686, 9459, 2, 73, '2018-05-29 10:27:11', NULL, NULL),
(522, 686, 9460, 2, 73, '2018-05-29 10:27:18', NULL, NULL),
(523, 686, 9461, 2, 73, '2018-05-29 10:27:18', NULL, NULL),
(524, 686, 9462, 2, 73, '2018-05-29 10:27:19', NULL, NULL),
(525, 686, 9463, 2, 73, '2018-05-29 10:27:25', NULL, NULL),
(526, 686, 9464, 2, 73, '2018-05-29 10:27:25', NULL, NULL),
(527, 686, 9465, 2, 73, '2018-05-29 10:27:26', NULL, NULL),
(528, 686, 9466, 2, 73, '2018-05-29 10:27:34', NULL, NULL),
(529, 686, 9467, 2, 73, '2018-05-29 10:27:35', NULL, NULL),
(530, 686, 9468, 2, 73, '2018-05-29 10:27:35', NULL, NULL),
(531, 686, 9469, 2, 73, '2018-05-29 10:27:36', NULL, NULL),
(532, 804, 9398, 2, 73, '2018-05-29 10:30:13', NULL, NULL),
(533, 804, 9399, 2, 73, '2018-05-29 10:30:15', NULL, NULL),
(534, 804, 9400, 2, 73, '2018-05-29 10:30:17', NULL, NULL),
(535, 804, 9401, 2, 73, '2018-05-29 10:30:19', NULL, NULL),
(536, 804, 9402, 2, 73, '2018-05-29 10:30:22', NULL, NULL),
(537, 804, 9403, 2, 73, '2018-05-29 10:30:33', NULL, NULL),
(538, 804, 9404, 2, 73, '2018-05-29 10:30:38', NULL, NULL),
(539, 804, 9405, 2, 73, '2018-05-29 10:30:40', NULL, NULL),
(540, 804, 9406, 2, 73, '2018-05-29 10:30:46', NULL, NULL),
(541, 804, 9407, 2, 73, '2018-05-29 10:30:49', NULL, NULL),
(542, 804, 9408, 2, 73, '2018-05-29 10:30:52', NULL, NULL),
(543, 843, 8803, 2, 73, '2018-05-29 10:32:10', NULL, NULL),
(544, 843, 8804, 2, 73, '2018-05-29 10:32:12', NULL, NULL),
(545, 843, 8805, 2, 73, '2018-05-29 10:32:14', NULL, NULL),
(546, 858, 8850, 2, 73, '2018-05-29 10:32:26', NULL, NULL),
(547, 858, 8851, 2, 73, '2018-05-29 10:32:28', NULL, NULL),
(548, 858, 8852, 2, 73, '2018-05-29 10:32:30', NULL, NULL),
(549, 1016, 8635, 2, 73, '2018-05-29 10:36:58', NULL, NULL),
(550, 1016, 8636, 2, 73, '2018-05-29 10:37:01', NULL, NULL),
(551, 1016, 8637, 2, 73, '2018-05-29 10:37:03', NULL, NULL),
(552, 713, 8146, 2, 73, '2018-05-29 10:38:21', NULL, NULL),
(553, 713, 8147, 2, 73, '2018-05-29 10:38:23', NULL, NULL),
(554, 646, 7405, 3, 73, '2018-05-29 10:55:00', NULL, NULL),
(555, 616, 9081, 2, 73, '2018-05-29 11:12:18', NULL, NULL),
(556, 616, 9082, 2, 73, '2018-05-29 11:12:20', NULL, NULL),
(557, 616, 9083, 2, 73, '2018-05-29 11:12:24', NULL, NULL),
(558, 616, 9084, 3, 73, '2018-05-29 11:12:26', NULL, NULL),
(559, 608, 8873, 3, 73, '2018-05-29 11:14:24', NULL, NULL),
(560, 604, 8862, 3, 73, '2018-05-29 11:15:29', NULL, NULL),
(561, 604, 8861, 3, 73, '2018-05-29 11:15:32', NULL, NULL),
(562, 616, 9084, 2, 73, '2018-05-29 11:16:03', NULL, NULL),
(563, 617, 9086, 3, 73, '2018-05-29 11:16:30', NULL, NULL),
(564, 617, 9085, 2, 73, '2018-05-29 11:16:31', NULL, NULL),
(565, 1111, 9603, 2, 73, '2018-05-29 12:10:20', NULL, NULL),
(566, 1111, 9604, 2, 73, '2018-05-29 12:10:22', NULL, NULL),
(567, 1111, 9605, 3, 73, '2018-05-29 12:10:26', NULL, NULL),
(568, 1105, 9577, 2, 73, '2018-05-29 12:11:31', NULL, NULL),
(569, 1105, 9576, 2, 73, '2018-05-29 12:11:32', NULL, NULL),
(570, 1105, 9575, 2, 73, '2018-05-29 12:11:33', NULL, NULL),
(571, 1105, 9578, 2, 73, '2018-05-29 12:11:58', NULL, NULL),
(572, 1105, 9578, 3, 73, '2018-05-29 12:12:00', NULL, NULL),
(573, 1102, 9563, 3, 73, '2018-05-29 12:12:56', NULL, NULL),
(574, 1102, 9562, 2, 73, '2018-05-29 12:12:58', NULL, NULL),
(575, 1102, 9561, 2, 73, '2018-05-29 12:12:59', NULL, NULL),
(576, 1102, 9560, 2, 73, '2018-05-29 12:13:01', NULL, NULL),
(577, 1100, 9550, 2, 73, '2018-05-29 12:14:07', NULL, NULL),
(578, 1100, 9551, 2, 73, '2018-05-29 12:14:09', NULL, NULL),
(579, 1100, 9552, 2, 73, '2018-05-29 12:14:11', NULL, NULL),
(580, 1100, 9552, 3, 73, '2018-05-29 12:14:14', NULL, NULL),
(581, 1092, 9526, 2, 73, '2018-05-29 12:15:39', NULL, NULL),
(582, 1092, 9527, 2, 73, '2018-05-29 12:15:40', NULL, NULL),
(583, 1092, 9528, 3, 73, '2018-05-29 12:15:41', NULL, NULL),
(584, 1085, 9505, 2, 73, '2018-05-29 12:16:42', NULL, NULL),
(585, 1085, 9506, 2, 73, '2018-05-29 12:16:42', NULL, NULL),
(586, 1085, 9507, 3, 73, '2018-05-29 12:16:44', NULL, NULL),
(587, 809, 8654, 3, 73, '2018-05-29 12:19:18', NULL, NULL),
(588, 831, 8768, 2, 73, '2018-05-29 12:21:06', NULL, NULL),
(589, 831, 8769, 2, 73, '2018-05-29 12:21:06', NULL, NULL),
(590, 831, 8770, 3, 73, '2018-05-29 12:21:14', NULL, NULL),
(591, 837, 8785, 2, 73, '2018-05-29 12:22:22', NULL, NULL),
(592, 837, 8786, 2, 73, '2018-05-29 12:22:25', NULL, NULL),
(593, 837, 8786, 3, 73, '2018-05-29 12:22:26', NULL, NULL),
(594, 795, 9360, 2, 73, '2018-05-29 12:26:17', NULL, NULL),
(595, 795, 9361, 2, 73, '2018-05-29 12:26:17', NULL, NULL),
(596, 795, 9362, 3, 73, '2018-05-29 12:26:19', NULL, NULL),
(597, 747, 9097, 2, 73, '2018-05-29 12:27:02', NULL, NULL),
(598, 747, 9098, 2, 73, '2018-05-29 12:27:02', NULL, NULL),
(599, 747, 9099, 3, 73, '2018-05-29 12:27:03', NULL, NULL),
(600, 724, 9685, 2, 73, '2018-05-29 12:29:53', NULL, NULL),
(601, 724, 9686, 2, 73, '2018-05-29 12:29:54', NULL, NULL),
(602, 724, 9687, 3, 73, '2018-05-29 12:29:55', NULL, NULL),
(603, 718, 9671, 2, 73, '2018-05-29 12:30:49', NULL, NULL),
(604, 718, 9672, 3, 73, '2018-05-29 12:30:51', NULL, NULL),
(605, 741, 9755, 2, 73, '2018-05-29 12:31:38', NULL, NULL),
(606, 741, 9754, 2, 73, '2018-05-29 12:31:39', NULL, NULL),
(607, 741, 9753, 2, 73, '2018-05-29 12:31:40', NULL, NULL),
(608, 741, 9752, 2, 73, '2018-05-29 12:31:42', NULL, NULL),
(609, 741, 9751, 2, 73, '2018-05-29 12:31:43', NULL, NULL),
(610, 741, 9756, 3, 73, '2018-05-29 12:31:46', NULL, NULL);

-- --------------------------------------------------------

--
-- Štruktúra tabuľky pre tabuľku `user`
--

CREATE TABLE `user` (
  `id` int(11) NOT NULL,
  `name` varchar(50) COLLATE utf8_slovak_ci DEFAULT NULL,
  `surname` varchar(50) COLLATE utf8_slovak_ci DEFAULT NULL,
  `phone_number` varchar(30) COLLATE utf8_slovak_ci DEFAULT NULL,
  `e_mail` varchar(60) COLLATE utf8_slovak_ci DEFAULT NULL,
  `password` varchar(100) COLLATE utf8_slovak_ci DEFAULT NULL,
  `nickname` varchar(50) COLLATE utf8_slovak_ci DEFAULT NULL,
  `multimedia_id` int(11) DEFAULT NULL,
  `date` timestamp NOT NULL DEFAULT CURRENT_TIMESTAMP,
  `super_admin` int(1) DEFAULT '0',
  `archive` int(2) DEFAULT '0',
  `jira_name` varchar(255) COLLATE utf8_slovak_ci DEFAULT NULL,
  `language` varchar(3) COLLATE utf8_slovak_ci DEFAULT 'sk'
) ENGINE=InnoDB DEFAULT CHARSET=utf8 COLLATE=utf8_slovak_ci;

--
-- Sťahujem dáta pre tabuľku `user`
--

INSERT INTO `user` (`id`, `name`, `surname`, `phone_number`, `e_mail`, `password`, `nickname`, `multimedia_id`, `date`, `super_admin`, `archive`, `jira_name`, `language`) VALUES
(73, 'test', '', '', 'test@juno.one', '$2y$10$uI/E0u/gH.kv1nO8OKB0TeNHuGEIwIwiXu8xRI3ft//yuV1Rs1fBu', NULL, NULL, '2018-05-22 06:13:13', 1, NULL, NULL, 'sk'),
(74, 'Demo', '', '', 'demo@juno.one', '$2y$10$s94XMkc0fQaX.PysD27B3.cs.pjCj6fm4HcMpKrtF3cV8//VtA.gC', '', NULL, '2018-05-23 07:49:30', 0, NULL, '', 'sk'),
(75, 'Isabella', 'Byrd', '', 'isby@email.cz', '$2y$10$ZsHw5WjyXlnv1pdZFkfMUuNd87HZaz011y7CUDNOHH4EqNgK9kJpy', NULL, NULL, '2018-05-24 09:24:29', 0, NULL, NULL, 'sk'),
(76, 'Anya', 'Ward', '', 'anwa9623@email.cz', '$2y$10$PL7Ctqa82eZph33S7tg0G.QIB897WKdFZX/saLddko3dIO/CIO5Ay', NULL, NULL, '2018-05-24 09:25:31', 0, NULL, NULL, 'sk'),
(77, 'Doris', 'Daniel', '', 'doda76@gmail.com', '$2y$10$i6ZPNJQjegKMdlMFew6tcOx5MtWL3xrH3qlXnA7SUm/YIB0cw1.5G', NULL, NULL, '2018-05-24 09:26:32', 0, NULL, NULL, 'sk'),
(78, 'Russel', 'Ambrose', '', 'rusrose56@email.com', '$2y$10$RUBJpUTMHM.byrI3hOY4tu8.nLcowW.m8TPBsj308tgcvYj6.GU.q', NULL, NULL, '2018-05-24 09:27:29', 0, NULL, NULL, 'sk'),
(79, 'Tommy', 'Bolton', '', 'toboton@seznam.cz', '$2y$10$QR4lMZNm7iPHrdtNz5CWDem/STan8iqOy/YjPRYIY.vYfYp5oNNfe', NULL, NULL, '2018-05-24 09:28:15', 0, NULL, NULL, 'sk'),
(80, 'Erik', 'Cook', '', 'erok78@email.com', '$2y$10$th0EoNxOUnT/NT4qcUuoguKKxLS3.E0ye48oLx18dyOfEnMLiOKaS', NULL, NULL, '2018-05-24 09:28:48', 0, NULL, NULL, 'sk'),
(81, 'Timotej', 'Park', '', 'tipamork@gmail.com', '$2y$10$Ec3iWvCCaLWG5rO7FeSv4OlGexGSqZqWFWhCuYbyY.GpXzGSecr52', NULL, NULL, '2018-05-24 09:30:23', 0, NULL, NULL, 'sk'),
(82, 'Marcel', 'Černý', '', 'cernymaca9875213@email.com', '$2y$10$6OQRcyiaQfn5cXkXxgo/DedNdvhOm7buAZGbe2EPdjKpmRA107cQ6', NULL, NULL, '2018-05-24 09:31:19', 0, NULL, NULL, 'sk'),
(83, 'Jim', 'Palmer', '', 'jipal@gmail.cz', '$2y$10$alYQLCucf9ueTGZyRna6L.M.jJLciARfUh2XiqP6O5PTtSN5tmoe.', NULL, NULL, '2018-05-24 09:31:45', 0, NULL, NULL, 'sk'),
(84, 'Tobiáš', 'Malý', '', 'tokeq1297@seznam.cz', '$2y$10$cNlj1JbYyVJrcOd/9pgWk.x4HVKZ7XGBcravbWN6XsBckJ0NMR2Pu', NULL, NULL, '2018-05-24 09:32:44', 0, NULL, NULL, 'sk'),
(85, 'Henry', 'Pool', '', 'poheol@seznam.cz', '$2y$10$Q1DQYpXhsq1wkVP8bEQ62.LoK1yWaHHaVW/fp0PGFOAbiMiwrgh7m', NULL, NULL, '2018-05-24 09:33:43', 0, NULL, NULL, 'sk'),
(86, 'Robert', 'Tvrdík', '', 'robtvr@email.com', '$2y$10$7fE5pDKbiWdysFdhwLC8Qe4e9CTMxu30.E4qlo0ZjJ4KKo8zDGtd.', NULL, NULL, '2018-05-24 09:33:55', 0, NULL, NULL, 'sk'),
(87, 'David', 'Berka', '', 'berda49@gmail.cz', '$2y$10$OxudIAkIPZfon2uKCXigw.DNlnFELyKJc7MzlORtUAeQwpco6Sdoi', NULL, NULL, '2018-05-24 09:34:49', 0, NULL, NULL, 'sk'),
(88, 'Tracy', 'Widow', '', 'witracyow@gmail.com', '$2y$10$UEJGNi2Nemefe1QCJ/t5uuWgSuXLZ.z.2trQtqUwTzBGpgTP.tws.', NULL, NULL, '2018-05-24 09:34:53', 0, NULL, NULL, 'sk'),
(89, 'Milan', 'Pelkl', '', '56pelklic@seznam.cz', '$2y$10$W4HkTz1bHTNmO06pQD/Lr.5vMZlD/zHagUIw88AezxbOQrZJRVQme', NULL, NULL, '2018-05-24 09:35:55', 0, NULL, NULL, 'sk'),
(90, 'Václav', 'Reich', '', 'vacre13@email.com', '$2y$10$PVDNWO4q1txWUroPfDU9ze5mIQrCVRqVKzGKuww5vdEJZva3d6HLe', NULL, NULL, '2018-05-24 09:35:56', 0, NULL, NULL, 'sk'),
(91, 'Filip', 'Dinkl', '', 'dinkfi87@email.cz', '$2y$10$QB1.o5OkLFHxupcQ3IQBNOZWlKaDsEjcWjlNfmsbWMRAtQKyY1/ne', NULL, NULL, '2018-05-24 09:36:59', 0, NULL, NULL, 'sk'),
(92, 'Jakub', 'Kopal', '', 'japal38@gmail.cz', '$2y$10$fHd/mxXdH0VdzjnhIHfGsOojGpna/J73hpOBJ7uxJhMmQcU5lXp7G', NULL, NULL, '2018-05-24 09:37:19', 0, NULL, NULL, 'sk'),
(93, 'Michael', 'Hora', '', 'mihol564@gmail.com', '$2y$10$oSrr.1dt.K2h9SrnPmwhVe1uV6bKdIcsMTRlpZIVttwfGbfu/L4Vy', NULL, NULL, '2018-05-24 09:38:52', 0, NULL, NULL, 'sk'),
(94, 'Percy', 'Read', '', 'recy23@email.com', '$2y$10$EAZtYSNN9p5iulTHrfaea.MN6Cqm3CdArU8PzB8lXhOGXb08h3rrS', NULL, NULL, '2018-05-24 09:39:04', 0, NULL, NULL, 'sk'),
(95, 'David', 'Vydra', '', 'vidda735@email.cz', '$2y$10$rAgrz586PeaaNVGJrPmVr.DyRIzXxwWiaTlLScfVIUmv7e3AAaWyG', NULL, NULL, '2018-05-24 09:39:33', 0, NULL, NULL, 'sk'),
(96, 'Ivan', 'Rajtoral', '', 'vladiv1@gmail.com', '$2y$10$2gjVU/gTU25w9FY20ax98Oc8feJUxcKj8MES6Q6XVM0wqICvzztGK', NULL, NULL, '2018-05-24 09:40:20', 0, NULL, NULL, 'sk'),
(97, 'Alex', 'Sanders', '', 'alesan48@email.com', '$2y$10$tP0OH0QZwB.wDK6Gy9YChOX6MWx.BAthf/YFWst4RnUUKn6mQLmpS', NULL, NULL, '2018-05-24 09:40:51', 0, NULL, NULL, 'sk'),
(98, 'Simona', 'Veselá', '', 'simves49@email.com', '$2y$10$sTnJfPivErVSqTdI88LtPumFDoRK4khoUdCyAt9FrGBI/fAD0TvVG', NULL, NULL, '2018-05-24 09:42:11', 0, NULL, NULL, 'sk'),
(99, 'Jaroslava', 'Horská', '', 'horskaslava@email.cz', '$2y$10$FCpsXb3XsWFFbV7hUn4HRuSKBLfIGoQIVERHkH36qUo0hYg4/4IlO', NULL, NULL, '2018-05-24 09:43:38', 0, NULL, NULL, 'sk'),
(100, 'Marie', 'Mudrová', '', 'marmud34@email.com', '$2y$10$qYar3hkQkx3aF/nFkyU0T.VVhayySAWRdXvEiMFZnUTfZhFprO0j6', NULL, NULL, '2018-05-24 09:44:22', 0, NULL, NULL, 'sk'),
(101, 'Milada', 'Stehlíková', '', 'stehlami@seznam.cz', '$2y$10$z5PNwVZdscWJzDs5yfhMAe4Iep/u.3OpTRVSC7Yh9hXBKvrdO2THm', NULL, NULL, '2018-05-24 09:44:59', 0, NULL, NULL, 'sk'),
(102, 'Lenka', 'Konvičková', '', 'konlen37@email.com', '$2y$10$itptFB/YYqcTMrXE2BgvTOb/.AYDmU6eyIC9E6MtZ1ichuqCmCl8.', NULL, NULL, '2018-05-24 09:45:47', 0, NULL, NULL, 'sk'),
(103, 'Libor', 'Hrozný', '', 'hroznylibor63915@seznam.cz', '$2y$10$uvrN89Sgfu0B8mWzPwRG7.Rax5ra4CU9vrCDuHTuCp45kOi8v6IxG', NULL, NULL, '2018-05-24 09:46:01', 0, NULL, NULL, 'sk'),
(104, 'Adéla', 'Skřivanová', '', 'skrade71@email.com', '$2y$10$wL/q8cpK8zd8eWgQlVEkvOz4qHxpQVcVA.aJo24xK3qzbyaf0t8JC', NULL, NULL, '2018-05-24 09:46:46', 0, NULL, NULL, 'sk');

-- --------------------------------------------------------

--
-- Štruktúra tabuľky pre tabuľku `user_web_role`
--

CREATE TABLE `user_web_role` (
  `id` int(11) NOT NULL,
  `user_id` int(11) DEFAULT NULL,
  `role_id` int(11) DEFAULT NULL
) ENGINE=InnoDB DEFAULT CHARSET=utf8 COLLATE=utf8_slovak_ci;

--
-- Kľúče pre exportované tabuľky
--

--
-- Indexy pre tabuľku `address`
--
ALTER TABLE `address`
  ADD PRIMARY KEY (`id`);

--
-- Indexy pre tabuľku `application`
--
ALTER TABLE `application`
  ADD PRIMARY KEY (`id`),
  ADD KEY `support_user_id` (`support_user_id`),
  ADD KEY `user_id` (`user_id`);

--
-- Indexy pre tabuľku `application_environment`
--
ALTER TABLE `application_environment`
  ADD PRIMARY KEY (`id`),
  ADD KEY `application_id` (`application_id`),
  ADD KEY `environment_id` (`environment_id`);

--
-- Indexy pre tabuľku `application_module`
--
ALTER TABLE `application_module`
  ADD PRIMARY KEY (`id`),
  ADD KEY `application_id` (`application_id`),
  ADD KEY `module_id` (`module_id`);

--
-- Indexy pre tabuľku `billing_address`
--
ALTER TABLE `billing_address`
  ADD PRIMARY KEY (`id`);

--
-- Indexy pre tabuľku `campaign`
--
ALTER TABLE `campaign`
  ADD PRIMARY KEY (`id`);

--
-- Indexy pre tabuľku `campaign_comment`
--
ALTER TABLE `campaign_comment`
  ADD PRIMARY KEY (`id`),
  ADD KEY `author_id` (`author_id`),
  ADD KEY `campaign_id` (`campaign_id`);

--
-- Indexy pre tabuľku `campaign_milestone`
--
ALTER TABLE `campaign_milestone`
  ADD PRIMARY KEY (`id`),
  ADD KEY `campaign_id` (`campaign_id`);

--
-- Indexy pre tabuľku `client`
--
ALTER TABLE `client`
  ADD PRIMARY KEY (`id`),
  ADD KEY `id_mul` (`multimedia_id`),
  ADD KEY `e_mail_id` (`e_mail`),
  ADD KEY `address_id` (`address_id`),
  ADD KEY `telephone_number_id` (`telephone_number`),
  ADD KEY `billing_address_id` (`billing_address_id`);

--
-- Indexy pre tabuľku `dashboard_test_plan_sprint`
--
ALTER TABLE `dashboard_test_plan_sprint`
  ADD PRIMARY KEY (`id`),
  ADD KEY `dashboard_test_plan_sprint_ibfk_1` (`user_id`),
  ADD KEY `dashboard_test_plan_sprint_ibfk_2` (`test_plan_sprint_id`);

--
-- Indexy pre tabuľku `doctrine_migrations`
--
ALTER TABLE `doctrine_migrations`
  ADD PRIMARY KEY (`version`);

--
-- Indexy pre tabuľku `environment`
--
ALTER TABLE `environment`
  ADD PRIMARY KEY (`id`);

--
-- Indexy pre tabuľku `folder`
--
ALTER TABLE `folder`
  ADD PRIMARY KEY (`id`),
  ADD KEY `application_environement_id` (`application_id`);

--
-- Indexy pre tabuľku `issue`
--
ALTER TABLE `issue`
  ADD PRIMARY KEY (`id`),
  ADD KEY `project_id` (`project_id`),
  ADD KEY `test_plan_sprint_id` (`test_plan_sprint_id`),
  ADD KEY `test_plan_sprint_case_id` (`test_plan_sprint_case_id`),
  ADD KEY `test_step_id` (`test_step_id`),
  ADD KEY `test_step_execution_id` (`test_step_execution_id`),
  ADD KEY `creator_id` (`creator_id`),
  ADD KEY `assigned_id` (`assigned_id`),
  ADD KEY `test_plan_id` (`test_plan_id`),
  ADD KEY `application_id` (`application_id`),
  ADD KEY `environment_id` (`environment_id`),
  ADD KEY `issue_ibfk_20` (`module_id`);

--
-- Indexy pre tabuľku `issue_comment`
--
ALTER TABLE `issue_comment`
  ADD PRIMARY KEY (`id`),
  ADD KEY `author_id` (`author_id`),
  ADD KEY `issue_id` (`issue_id`);

--
-- Indexy pre tabuľku `issue_multimedia`
--
ALTER TABLE `issue_multimedia`
  ADD PRIMARY KEY (`id`),
  ADD KEY `issue_id` (`issue_id`),
  ADD KEY `multimedia_id` (`multimedia_id`);

--
-- Indexy pre tabuľku `iteration`
--
ALTER TABLE `iteration`
  ADD PRIMARY KEY (`id`),
  ADD KEY `iteration_ibfk_1` (`campaign_id`),
  ADD KEY `start_milestone_id` (`start_milestone_id`),
  ADD KEY `end_milestone_id` (`end_milestone_id`);

--
-- Indexy pre tabuľku `log`
--
ALTER TABLE `log`
  ADD PRIMARY KEY (`id`),
  ADD KEY `creator_id` (`creator_id`);

--
-- Indexy pre tabuľku `login_picture`
--
ALTER TABLE `login_picture`
  ADD PRIMARY KEY (`id`);

--
-- Indexy pre tabuľku `mailer`
--
ALTER TABLE `mailer`
  ADD PRIMARY KEY (`id`);

--
-- Indexy pre tabuľku `mailer_attachment`
--
ALTER TABLE `mailer_attachment`
  ADD PRIMARY KEY (`id`),
  ADD KEY `IDX_7C7BB363F989867` (`mailer_id`),
  ADD KEY `IDX_7C7BB3620531EB8` (`multimedia_id`);

--
-- Indexy pre tabuľku `mailer_default`
--
ALTER TABLE `mailer_default`
  ADD PRIMARY KEY (`id`);

--
-- Indexy pre tabuľku `mail_template`
--
ALTER TABLE `mail_template`
  ADD PRIMARY KEY (`id`);

--
-- Indexy pre tabuľku `menuitem`
--
ALTER TABLE `menuitem`
  ADD PRIMARY KEY (`id`),
  ADD KEY `menuitem_id` (`menuitem_id`);

--
-- Indexy pre tabuľku `module`
--
ALTER TABLE `module`
  ADD PRIMARY KEY (`id`);

--
-- Indexy pre tabuľku `multimedia`
--
ALTER TABLE `multimedia`
  ADD PRIMARY KEY (`id`),
  ADD KEY `id_mul_fol` (`multimedia_folder_id`);

--
-- Indexy pre tabuľku `multimedia_folder`
--
ALTER TABLE `multimedia_folder`
  ADD PRIMARY KEY (`id`);

--
-- Indexy pre tabuľku `notification`
--
ALTER TABLE `notification`
  ADD PRIMARY KEY (`id`),
  ADD KEY `IDX_BF5476CAA76ED395` (`user_id`);

--
-- Indexy pre tabuľku `project`
--
ALTER TABLE `project`
  ADD PRIMARY KEY (`id`),
  ADD KEY `creator_id` (`creator_id`);

--
-- Indexy pre tabuľku `project_role`
--
ALTER TABLE `project_role`
  ADD PRIMARY KEY (`id`),
  ADD KEY `role_id` (`role_id`),
  ADD KEY `project_id` (`project_id`),
  ADD KEY `user_id` (`user_id`);

--
-- Indexy pre tabuľku `role`
--
ALTER TABLE `role`
  ADD PRIMARY KEY (`id`);

--
-- Indexy pre tabuľku `role_privilege`
--
ALTER TABLE `role_privilege`
  ADD PRIMARY KEY (`id`),
  ADD KEY `role_id` (`role_id`);

--
-- Indexy pre tabuľku `settings`
--
ALTER TABLE `settings`
  ADD PRIMARY KEY (`id`);

--
-- Indexy pre tabuľku `tag_case`
--
ALTER TABLE `tag_case`
  ADD PRIMARY KEY (`id`);

--
-- Indexy pre tabuľku `tag_set`
--
ALTER TABLE `tag_set`
  ADD PRIMARY KEY (`id`);

--
-- Indexy pre tabuľku `tag_test_case`
--
ALTER TABLE `tag_test_case`
  ADD PRIMARY KEY (`id`),
  ADD KEY `test_case_id` (`test_case_id`),
  ADD KEY `tag_case_id` (`tag_case_id`);

--
-- Indexy pre tabuľku `tag_test_set`
--
ALTER TABLE `tag_test_set`
  ADD PRIMARY KEY (`id`),
  ADD KEY `test_set_id` (`test_set_id`),
  ADD KEY `tag_set_id` (`tag_set_id`);

--
-- Indexy pre tabuľku `test_case`
--
ALTER TABLE `test_case`
  ADD PRIMARY KEY (`id`),
  ADD KEY `test_set_id` (`test_set_id`),
  ADD KEY `creator_id` (`creator_id`),
  ADD KEY `application_id` (`application_id`),
  ADD KEY `test_case_ibfk_5` (`module_id`),
  ADD KEY `environment_id` (`environment_id`);

--
-- Indexy pre tabuľku `test_case_multimedia`
--
ALTER TABLE `test_case_multimedia`
  ADD PRIMARY KEY (`id`),
  ADD KEY `test_case_id` (`test_case_id`),
  ADD KEY `multimedia_id` (`multimedia_id`);

--
-- Indexy pre tabuľku `test_case_run`
--
ALTER TABLE `test_case_run`
  ADD PRIMARY KEY (`id`),
  ADD KEY `creator_id` (`creator_id`),
  ADD KEY `test_plan_sprint_case_id` (`test_plan_sprint_case_id`);

--
-- Indexy pre tabuľku `test_plan`
--
ALTER TABLE `test_plan`
  ADD PRIMARY KEY (`id`),
  ADD KEY `project_id` (`project_id`),
  ADD KEY `creator_id` (`creator_id`),
  ADD KEY `test_plan_ibfk_3` (`campaign_id`);

--
-- Indexy pre tabuľku `test_plan_case`
--
ALTER TABLE `test_plan_case`
  ADD PRIMARY KEY (`id`),
  ADD KEY `test_plan_id` (`test_plan_id`),
  ADD KEY `test_case_id` (`test_case_id`);

--
-- Indexy pre tabuľku `test_plan_comment`
--
ALTER TABLE `test_plan_comment`
  ADD PRIMARY KEY (`id`),
  ADD KEY `author_id` (`author_id`),
  ADD KEY `test_plan_id` (`test_plan_id`);

--
-- Indexy pre tabuľku `test_plan_sprint`
--
ALTER TABLE `test_plan_sprint`
  ADD PRIMARY KEY (`id`),
  ADD KEY `test_plan_id` (`test_plan_id`),
  ADD KEY `creator_id` (`creator_id`);

--
-- Indexy pre tabuľku `test_plan_sprint_case`
--
ALTER TABLE `test_plan_sprint_case`
  ADD PRIMARY KEY (`id`),
  ADD KEY `test_plan_case_id` (`test_plan_case_id`),
  ADD KEY `test_plan_sprint_id` (`test_plan_sprint_id`);

--
-- Indexy pre tabuľku `test_plan_sprint_case_user`
--
ALTER TABLE `test_plan_sprint_case_user`
  ADD PRIMARY KEY (`id`),
  ADD KEY `user_id` (`user_id`),
  ADD KEY `test_plan_sprint_case_id` (`test_plan_sprint_case_id`);

--
-- Indexy pre tabuľku `test_plan_sprint_comment`
--
ALTER TABLE `test_plan_sprint_comment`
  ADD PRIMARY KEY (`id`),
  ADD KEY `author_id` (`author_id`),
  ADD KEY `test_plan_sprint_id` (`test_plan_sprint_id`);

--
-- Indexy pre tabuľku `test_set`
--
ALTER TABLE `test_set`
  ADD PRIMARY KEY (`id`),
  ADD KEY `creator_id` (`creator_id`),
  ADD KEY `project_id` (`project_id`),
  ADD KEY `test_set_ibfk_3` (`folder_id`);

--
-- Indexy pre tabuľku `test_step`
--
ALTER TABLE `test_step`
  ADD PRIMARY KEY (`id`),
  ADD KEY `test_case_id` (`test_case_id`),
  ADD KEY `creator_id` (`creator_id`);

--
-- Indexy pre tabuľku `test_step_execution`
--
ALTER TABLE `test_step_execution`
  ADD PRIMARY KEY (`id`),
  ADD KEY `creator_id` (`creator_id`),
  ADD KEY `test_step_id` (`test_step_id`),
  ADD KEY `test_plan_sprint_case_id` (`test_plan_sprint_case_id`);

--
-- Indexy pre tabuľku `user`
--
ALTER TABLE `user`
  ADD PRIMARY KEY (`id`);

--
-- Indexy pre tabuľku `user_web_role`
--
ALTER TABLE `user_web_role`
  ADD PRIMARY KEY (`id`),
  ADD KEY `user_id` (`user_id`),
  ADD KEY `role_id` (`role_id`);

--
-- AUTO_INCREMENT pre exportované tabuľky
--

--
-- AUTO_INCREMENT pre tabuľku `address`
--
ALTER TABLE `address`
  MODIFY `id` int(11) NOT NULL AUTO_INCREMENT, AUTO_INCREMENT=183;

--
-- AUTO_INCREMENT pre tabuľku `application`
--
ALTER TABLE `application`
  MODIFY `id` int(11) NOT NULL AUTO_INCREMENT, AUTO_INCREMENT=22;

--
-- AUTO_INCREMENT pre tabuľku `application_environment`
--
ALTER TABLE `application_environment`
  MODIFY `id` int(11) NOT NULL AUTO_INCREMENT, AUTO_INCREMENT=41;

--
-- AUTO_INCREMENT pre tabuľku `application_module`
--
ALTER TABLE `application_module`
  MODIFY `id` int(11) NOT NULL AUTO_INCREMENT, AUTO_INCREMENT=37;

--
-- AUTO_INCREMENT pre tabuľku `billing_address`
--
ALTER TABLE `billing_address`
  MODIFY `id` int(11) NOT NULL AUTO_INCREMENT, AUTO_INCREMENT=153;

--
-- AUTO_INCREMENT pre tabuľku `campaign`
--
ALTER TABLE `campaign`
  MODIFY `id` int(11) NOT NULL AUTO_INCREMENT, AUTO_INCREMENT=10;

--
-- AUTO_INCREMENT pre tabuľku `campaign_comment`
--
ALTER TABLE `campaign_comment`
  MODIFY `id` int(11) NOT NULL AUTO_INCREMENT, AUTO_INCREMENT=5;

--
-- AUTO_INCREMENT pre tabuľku `campaign_milestone`
--
ALTER TABLE `campaign_milestone`
  MODIFY `id` int(11) NOT NULL AUTO_INCREMENT, AUTO_INCREMENT=19;

--
-- AUTO_INCREMENT pre tabuľku `client`
--
ALTER TABLE `client`
  MODIFY `id` int(11) NOT NULL AUTO_INCREMENT, AUTO_INCREMENT=2;

--
-- AUTO_INCREMENT pre tabuľku `dashboard_test_plan_sprint`
--
ALTER TABLE `dashboard_test_plan_sprint`
  MODIFY `id` int(11) NOT NULL AUTO_INCREMENT, AUTO_INCREMENT=4;

--
-- AUTO_INCREMENT pre tabuľku `environment`
--
ALTER TABLE `environment`
  MODIFY `id` int(11) NOT NULL AUTO_INCREMENT, AUTO_INCREMENT=19;

--
-- AUTO_INCREMENT pre tabuľku `folder`
--
ALTER TABLE `folder`
  MODIFY `id` int(11) NOT NULL AUTO_INCREMENT, AUTO_INCREMENT=7;

--
-- AUTO_INCREMENT pre tabuľku `issue`
--
ALTER TABLE `issue`
  MODIFY `id` int(11) NOT NULL AUTO_INCREMENT, AUTO_INCREMENT=151;

--
-- AUTO_INCREMENT pre tabuľku `issue_comment`
--
ALTER TABLE `issue_comment`
  MODIFY `id` int(11) NOT NULL AUTO_INCREMENT, AUTO_INCREMENT=37;

--
-- AUTO_INCREMENT pre tabuľku `issue_multimedia`
--
ALTER TABLE `issue_multimedia`
  MODIFY `id` int(11) NOT NULL AUTO_INCREMENT, AUTO_INCREMENT=10;

--
-- AUTO_INCREMENT pre tabuľku `iteration`
--
ALTER TABLE `iteration`
  MODIFY `id` int(11) NOT NULL AUTO_INCREMENT, AUTO_INCREMENT=14;

--
-- AUTO_INCREMENT pre tabuľku `log`
--
ALTER TABLE `log`
  MODIFY `id` int(11) NOT NULL AUTO_INCREMENT, AUTO_INCREMENT=1251;

--
-- AUTO_INCREMENT pre tabuľku `login_picture`
--
ALTER TABLE `login_picture`
  MODIFY `id` int(11) NOT NULL AUTO_INCREMENT, AUTO_INCREMENT=31;

--
-- AUTO_INCREMENT pre tabuľku `mailer`
--
ALTER TABLE `mailer`
  MODIFY `id` int(11) NOT NULL AUTO_INCREMENT;

--
-- AUTO_INCREMENT pre tabuľku `mailer_attachment`
--
ALTER TABLE `mailer_attachment`
  MODIFY `id` int(11) NOT NULL AUTO_INCREMENT;

--
-- AUTO_INCREMENT pre tabuľku `mailer_default`
--
ALTER TABLE `mailer_default`
  MODIFY `id` int(11) NOT NULL AUTO_INCREMENT, AUTO_INCREMENT=6;

--
-- AUTO_INCREMENT pre tabuľku `mail_template`
--
ALTER TABLE `mail_template`
  MODIFY `id` int(11) NOT NULL AUTO_INCREMENT, AUTO_INCREMENT=12;

--
-- AUTO_INCREMENT pre tabuľku `menuitem`
--
ALTER TABLE `menuitem`
  MODIFY `id` int(11) NOT NULL AUTO_INCREMENT, AUTO_INCREMENT=14;

--
-- AUTO_INCREMENT pre tabuľku `module`
--
ALTER TABLE `module`
  MODIFY `id` int(11) NOT NULL AUTO_INCREMENT, AUTO_INCREMENT=16;

--
-- AUTO_INCREMENT pre tabuľku `multimedia`
--
ALTER TABLE `multimedia`
  MODIFY `id` int(11) NOT NULL AUTO_INCREMENT, AUTO_INCREMENT=276;

--
-- AUTO_INCREMENT pre tabuľku `multimedia_folder`
--
ALTER TABLE `multimedia_folder`
  MODIFY `id` int(11) NOT NULL AUTO_INCREMENT;

--
-- AUTO_INCREMENT pre tabuľku `notification`
--
ALTER TABLE `notification`
  MODIFY `id` int(11) NOT NULL AUTO_INCREMENT, AUTO_INCREMENT=215;

--
-- AUTO_INCREMENT pre tabuľku `project`
--
ALTER TABLE `project`
  MODIFY `id` int(11) NOT NULL AUTO_INCREMENT, AUTO_INCREMENT=57;

--
-- AUTO_INCREMENT pre tabuľku `project_role`
--
ALTER TABLE `project_role`
  MODIFY `id` int(11) NOT NULL AUTO_INCREMENT, AUTO_INCREMENT=360;

--
-- AUTO_INCREMENT pre tabuľku `role`
--
ALTER TABLE `role`
  MODIFY `id` int(11) NOT NULL AUTO_INCREMENT, AUTO_INCREMENT=29;

--
-- AUTO_INCREMENT pre tabuľku `role_privilege`
--
ALTER TABLE `role_privilege`
  MODIFY `id` int(11) NOT NULL AUTO_INCREMENT, AUTO_INCREMENT=2245;

--
-- AUTO_INCREMENT pre tabuľku `settings`
--
ALTER TABLE `settings`
  MODIFY `id` int(11) NOT NULL AUTO_INCREMENT, AUTO_INCREMENT=35;

--
-- AUTO_INCREMENT pre tabuľku `tag_case`
--
ALTER TABLE `tag_case`
  MODIFY `id` int(11) NOT NULL AUTO_INCREMENT, AUTO_INCREMENT=693;

--
-- AUTO_INCREMENT pre tabuľku `tag_set`
--
ALTER TABLE `tag_set`
  MODIFY `id` int(11) NOT NULL AUTO_INCREMENT, AUTO_INCREMENT=191;

--
-- AUTO_INCREMENT pre tabuľku `tag_test_case`
--
ALTER TABLE `tag_test_case`
  MODIFY `id` int(11) NOT NULL AUTO_INCREMENT, AUTO_INCREMENT=1976;

--
-- AUTO_INCREMENT pre tabuľku `tag_test_set`
--
ALTER TABLE `tag_test_set`
  MODIFY `id` int(11) NOT NULL AUTO_INCREMENT, AUTO_INCREMENT=296;

--
-- AUTO_INCREMENT pre tabuľku `test_case`
--
ALTER TABLE `test_case`
  MODIFY `id` int(11) NOT NULL AUTO_INCREMENT, AUTO_INCREMENT=2141;

--
-- AUTO_INCREMENT pre tabuľku `test_case_multimedia`
--
ALTER TABLE `test_case_multimedia`
  MODIFY `id` int(11) NOT NULL AUTO_INCREMENT, AUTO_INCREMENT=83;

--
-- AUTO_INCREMENT pre tabuľku `test_case_run`
--
ALTER TABLE `test_case_run`
  MODIFY `id` int(11) NOT NULL AUTO_INCREMENT, AUTO_INCREMENT=244;

--
-- AUTO_INCREMENT pre tabuľku `test_plan`
--
ALTER TABLE `test_plan`
  MODIFY `id` int(11) NOT NULL AUTO_INCREMENT, AUTO_INCREMENT=119;

--
-- AUTO_INCREMENT pre tabuľku `test_plan_case`
--
ALTER TABLE `test_plan_case`
  MODIFY `id` int(11) NOT NULL AUTO_INCREMENT, AUTO_INCREMENT=1090;

--
-- AUTO_INCREMENT pre tabuľku `test_plan_comment`
--
ALTER TABLE `test_plan_comment`
  MODIFY `id` int(11) NOT NULL AUTO_INCREMENT, AUTO_INCREMENT=10;

--
-- AUTO_INCREMENT pre tabuľku `test_plan_sprint`
--
ALTER TABLE `test_plan_sprint`
  MODIFY `id` int(11) NOT NULL AUTO_INCREMENT, AUTO_INCREMENT=123;

--
-- AUTO_INCREMENT pre tabuľku `test_plan_sprint_case`
--
ALTER TABLE `test_plan_sprint_case`
  MODIFY `id` int(11) NOT NULL AUTO_INCREMENT, AUTO_INCREMENT=1237;

--
-- AUTO_INCREMENT pre tabuľku `test_plan_sprint_case_user`
--
ALTER TABLE `test_plan_sprint_case_user`
  MODIFY `id` int(11) NOT NULL AUTO_INCREMENT, AUTO_INCREMENT=272;

--
-- AUTO_INCREMENT pre tabuľku `test_plan_sprint_comment`
--
ALTER TABLE `test_plan_sprint_comment`
  MODIFY `id` int(11) NOT NULL AUTO_INCREMENT, AUTO_INCREMENT=25;

--
-- AUTO_INCREMENT pre tabuľku `test_set`
--
ALTER TABLE `test_set`
  MODIFY `id` int(11) NOT NULL AUTO_INCREMENT, AUTO_INCREMENT=488;

--
-- AUTO_INCREMENT pre tabuľku `test_step`
--
ALTER TABLE `test_step`
  MODIFY `id` int(11) NOT NULL AUTO_INCREMENT, AUTO_INCREMENT=10166;

--
-- AUTO_INCREMENT pre tabuľku `test_step_execution`
--
ALTER TABLE `test_step_execution`
  MODIFY `id` int(11) NOT NULL AUTO_INCREMENT, AUTO_INCREMENT=611;

--
-- AUTO_INCREMENT pre tabuľku `user`
--
ALTER TABLE `user`
  MODIFY `id` int(11) NOT NULL AUTO_INCREMENT, AUTO_INCREMENT=105;

--
-- AUTO_INCREMENT pre tabuľku `user_web_role`
--
ALTER TABLE `user_web_role`
  MODIFY `id` int(11) NOT NULL AUTO_INCREMENT, AUTO_INCREMENT=239;

--
-- Obmedzenie pre exportované tabuľky
--

--
-- Obmedzenie pre tabuľku `application`
--
ALTER TABLE `application`
  ADD CONSTRAINT `application_ibfk_1` FOREIGN KEY (`support_user_id`) REFERENCES `user` (`id`),
  ADD CONSTRAINT `application_ibfk_2` FOREIGN KEY (`user_id`) REFERENCES `user` (`id`);

--
-- Obmedzenie pre tabuľku `application_environment`
--
ALTER TABLE `application_environment`
  ADD CONSTRAINT `application_environment_ibfk_1` FOREIGN KEY (`application_id`) REFERENCES `application` (`id`) ON DELETE CASCADE,
  ADD CONSTRAINT `application_environment_ibfk_2` FOREIGN KEY (`environment_id`) REFERENCES `environment` (`id`) ON DELETE CASCADE;

--
-- Obmedzenie pre tabuľku `application_module`
--
ALTER TABLE `application_module`
  ADD CONSTRAINT `application_module_ibfk_1` FOREIGN KEY (`application_id`) REFERENCES `application` (`id`) ON DELETE CASCADE,
  ADD CONSTRAINT `application_module_ibfk_2` FOREIGN KEY (`module_id`) REFERENCES `module` (`id`) ON DELETE CASCADE;

--
-- Obmedzenie pre tabuľku `campaign_comment`
--
ALTER TABLE `campaign_comment`
  ADD CONSTRAINT `campaign_comment_ibfk_1` FOREIGN KEY (`author_id`) REFERENCES `user` (`id`),
  ADD CONSTRAINT `campaign_comment_ibfk_2` FOREIGN KEY (`campaign_id`) REFERENCES `campaign` (`id`) ON DELETE CASCADE;

--
-- Obmedzenie pre tabuľku `campaign_milestone`
--
ALTER TABLE `campaign_milestone`
  ADD CONSTRAINT `campaign_milestone_ibfk_1` FOREIGN KEY (`campaign_id`) REFERENCES `campaign` (`id`) ON DELETE CASCADE;

--
-- Obmedzenie pre tabuľku `client`
--
ALTER TABLE `client`
  ADD CONSTRAINT `client_ibfk_10` FOREIGN KEY (`billing_address_id`) REFERENCES `billing_address` (`id`) ON DELETE SET NULL,
  ADD CONSTRAINT `client_ibfk_2` FOREIGN KEY (`multimedia_id`) REFERENCES `multimedia` (`id`) ON DELETE SET NULL,
  ADD CONSTRAINT `client_ibfk_8` FOREIGN KEY (`address_id`) REFERENCES `address` (`id`) ON DELETE SET NULL;

--
-- Obmedzenie pre tabuľku `dashboard_test_plan_sprint`
--
ALTER TABLE `dashboard_test_plan_sprint`
  ADD CONSTRAINT `dashboard_test_plan_sprint_ibfk_1` FOREIGN KEY (`user_id`) REFERENCES `user` (`id`),
  ADD CONSTRAINT `dashboard_test_plan_sprint_ibfk_2` FOREIGN KEY (`test_plan_sprint_id`) REFERENCES `test_plan_sprint` (`id`) ON DELETE CASCADE;

--
-- Obmedzenie pre tabuľku `folder`
--
ALTER TABLE `folder`
  ADD CONSTRAINT `folder_ibfk_1` FOREIGN KEY (`application_id`) REFERENCES `application` (`id`) ON DELETE SET NULL;

--
-- Obmedzenie pre tabuľku `issue`
--
ALTER TABLE `issue`
  ADD CONSTRAINT `issue_ibfk_1` FOREIGN KEY (`project_id`) REFERENCES `project` (`id`) ON DELETE CASCADE,
  ADD CONSTRAINT `issue_ibfk_17` FOREIGN KEY (`assigned_id`) REFERENCES `user` (`id`) ON DELETE SET NULL,
  ADD CONSTRAINT `issue_ibfk_18` FOREIGN KEY (`application_id`) REFERENCES `application` (`id`) ON DELETE SET NULL,
  ADD CONSTRAINT `issue_ibfk_19` FOREIGN KEY (`environment_id`) REFERENCES `environment` (`id`) ON DELETE SET NULL,
  ADD CONSTRAINT `issue_ibfk_2` FOREIGN KEY (`test_plan_sprint_id`) REFERENCES `test_plan_sprint` (`id`) ON DELETE CASCADE,
  ADD CONSTRAINT `issue_ibfk_20` FOREIGN KEY (`module_id`) REFERENCES `module` (`id`) ON DELETE SET NULL,
  ADD CONSTRAINT `issue_ibfk_3` FOREIGN KEY (`test_plan_sprint_case_id`) REFERENCES `test_plan_sprint_case` (`id`) ON DELETE CASCADE,
  ADD CONSTRAINT `issue_ibfk_4` FOREIGN KEY (`test_step_id`) REFERENCES `test_step` (`id`) ON DELETE CASCADE,
  ADD CONSTRAINT `issue_ibfk_5` FOREIGN KEY (`test_step_execution_id`) REFERENCES `test_step_execution` (`id`) ON DELETE CASCADE,
  ADD CONSTRAINT `issue_ibfk_6` FOREIGN KEY (`creator_id`) REFERENCES `user` (`id`) ON DELETE CASCADE,
  ADD CONSTRAINT `issue_ibfk_7` FOREIGN KEY (`test_plan_id`) REFERENCES `test_plan` (`id`) ON DELETE CASCADE;

--
-- Obmedzenie pre tabuľku `issue_comment`
--
ALTER TABLE `issue_comment`
  ADD CONSTRAINT `issue_comment_ibfk_2` FOREIGN KEY (`author_id`) REFERENCES `user` (`id`),
  ADD CONSTRAINT `issue_comment_ibfk_3` FOREIGN KEY (`issue_id`) REFERENCES `issue` (`id`) ON DELETE CASCADE;

--
-- Obmedzenie pre tabuľku `issue_multimedia`
--
ALTER TABLE `issue_multimedia`
  ADD CONSTRAINT `issue_multimedia_ibfk_1` FOREIGN KEY (`issue_id`) REFERENCES `issue` (`id`) ON DELETE CASCADE,
  ADD CONSTRAINT `issue_multimedia_ibfk_2` FOREIGN KEY (`multimedia_id`) REFERENCES `multimedia` (`id`) ON DELETE CASCADE;

--
-- Obmedzenie pre tabuľku `iteration`
--
ALTER TABLE `iteration`
  ADD CONSTRAINT `iteration_ibfk_1` FOREIGN KEY (`campaign_id`) REFERENCES `campaign` (`id`) ON DELETE CASCADE,
  ADD CONSTRAINT `iteration_ibfk_2` FOREIGN KEY (`start_milestone_id`) REFERENCES `campaign_milestone` (`id`),
  ADD CONSTRAINT `iteration_ibfk_3` FOREIGN KEY (`end_milestone_id`) REFERENCES `campaign_milestone` (`id`);

--
-- Obmedzenie pre tabuľku `log`
--
ALTER TABLE `log`
  ADD CONSTRAINT `log_ibfk_1` FOREIGN KEY (`creator_id`) REFERENCES `user` (`id`) ON DELETE CASCADE;

--
-- Obmedzenie pre tabuľku `mailer_attachment`
--
ALTER TABLE `mailer_attachment`
  ADD CONSTRAINT `mailer_attachment_ibfk_1` FOREIGN KEY (`mailer_id`) REFERENCES `mailer` (`id`) ON DELETE CASCADE,
  ADD CONSTRAINT `mailer_attachment_ibfk_2` FOREIGN KEY (`multimedia_id`) REFERENCES `multimedia` (`id`) ON DELETE CASCADE;

--
-- Obmedzenie pre tabuľku `menuitem`
--
ALTER TABLE `menuitem`
  ADD CONSTRAINT `menuitem_ibfk_1` FOREIGN KEY (`menuitem_id`) REFERENCES `menuitem` (`id`) ON DELETE SET NULL;

--
-- Obmedzenie pre tabuľku `multimedia`
--
ALTER TABLE `multimedia`
  ADD CONSTRAINT `multimedia_ibfk_1` FOREIGN KEY (`multimedia_folder_id`) REFERENCES `multimedia_folder` (`id`) ON DELETE CASCADE;

--
-- Obmedzenie pre tabuľku `notification`
--
ALTER TABLE `notification`
  ADD CONSTRAINT `FK_BF5476CAA76ED395` FOREIGN KEY (`user_id`) REFERENCES `user` (`id`);

--
-- Obmedzenie pre tabuľku `project`
--
ALTER TABLE `project`
  ADD CONSTRAINT `project_ibfk_1` FOREIGN KEY (`creator_id`) REFERENCES `user` (`id`) ON DELETE CASCADE;

--
-- Obmedzenie pre tabuľku `project_role`
--
ALTER TABLE `project_role`
  ADD CONSTRAINT `project_role_ibfk_1` FOREIGN KEY (`role_id`) REFERENCES `role` (`id`) ON DELETE CASCADE,
  ADD CONSTRAINT `project_role_ibfk_2` FOREIGN KEY (`project_id`) REFERENCES `project` (`id`) ON DELETE CASCADE,
  ADD CONSTRAINT `project_role_ibfk_3` FOREIGN KEY (`user_id`) REFERENCES `user` (`id`) ON DELETE CASCADE;

--
-- Obmedzenie pre tabuľku `role_privilege`
--
ALTER TABLE `role_privilege`
  ADD CONSTRAINT `role_privilege_ibfk_1` FOREIGN KEY (`role_id`) REFERENCES `role` (`id`) ON DELETE CASCADE;

--
-- Obmedzenie pre tabuľku `tag_test_case`
--
ALTER TABLE `tag_test_case`
  ADD CONSTRAINT `tag_test_case_ibfk_1` FOREIGN KEY (`test_case_id`) REFERENCES `test_case` (`id`) ON DELETE CASCADE,
  ADD CONSTRAINT `tag_test_case_ibfk_2` FOREIGN KEY (`tag_case_id`) REFERENCES `tag_case` (`id`);

--
-- Obmedzenie pre tabuľku `tag_test_set`
--
ALTER TABLE `tag_test_set`
  ADD CONSTRAINT `tag_test_set_ibfk_1` FOREIGN KEY (`test_set_id`) REFERENCES `test_set` (`id`) ON DELETE CASCADE,
  ADD CONSTRAINT `tag_test_set_ibfk_2` FOREIGN KEY (`tag_set_id`) REFERENCES `tag_set` (`id`);

--
-- Obmedzenie pre tabuľku `test_case`
--
ALTER TABLE `test_case`
  ADD CONSTRAINT `test_case_ibfk_1` FOREIGN KEY (`test_set_id`) REFERENCES `test_set` (`id`) ON DELETE CASCADE,
  ADD CONSTRAINT `test_case_ibfk_2` FOREIGN KEY (`creator_id`) REFERENCES `user` (`id`) ON DELETE CASCADE,
  ADD CONSTRAINT `test_case_ibfk_3` FOREIGN KEY (`application_id`) REFERENCES `application` (`id`) ON DELETE SET NULL,
  ADD CONSTRAINT `test_case_ibfk_4` FOREIGN KEY (`environment_id`) REFERENCES `environment` (`id`) ON DELETE SET NULL,
  ADD CONSTRAINT `test_case_ibfk_5` FOREIGN KEY (`module_id`) REFERENCES `module` (`id`) ON DELETE SET NULL;

--
-- Obmedzenie pre tabuľku `test_case_multimedia`
--
ALTER TABLE `test_case_multimedia`
  ADD CONSTRAINT `test_case_multimedia_ibfk_1` FOREIGN KEY (`test_case_id`) REFERENCES `test_case` (`id`) ON DELETE CASCADE,
  ADD CONSTRAINT `test_case_multimedia_ibfk_2` FOREIGN KEY (`multimedia_id`) REFERENCES `multimedia` (`id`) ON DELETE CASCADE;

--
-- Obmedzenie pre tabuľku `test_case_run`
--
ALTER TABLE `test_case_run`
  ADD CONSTRAINT `test_case_run_ibfk_1` FOREIGN KEY (`creator_id`) REFERENCES `user` (`id`) ON DELETE CASCADE,
  ADD CONSTRAINT `test_case_run_ibfk_2` FOREIGN KEY (`test_plan_sprint_case_id`) REFERENCES `test_plan_sprint_case` (`id`) ON DELETE CASCADE;

--
-- Obmedzenie pre tabuľku `test_plan`
--
ALTER TABLE `test_plan`
  ADD CONSTRAINT `test_plan_ibfk_1` FOREIGN KEY (`project_id`) REFERENCES `project` (`id`) ON DELETE CASCADE,
  ADD CONSTRAINT `test_plan_ibfk_2` FOREIGN KEY (`creator_id`) REFERENCES `user` (`id`) ON DELETE CASCADE,
  ADD CONSTRAINT `test_plan_ibfk_3` FOREIGN KEY (`campaign_id`) REFERENCES `campaign` (`id`) ON DELETE SET NULL;

--
-- Obmedzenie pre tabuľku `test_plan_case`
--
ALTER TABLE `test_plan_case`
  ADD CONSTRAINT `test_plan_case_ibfk_1` FOREIGN KEY (`test_plan_id`) REFERENCES `test_plan` (`id`) ON DELETE CASCADE,
  ADD CONSTRAINT `test_plan_case_ibfk_2` FOREIGN KEY (`test_case_id`) REFERENCES `test_case` (`id`) ON DELETE CASCADE;

--
-- Obmedzenie pre tabuľku `test_plan_comment`
--
ALTER TABLE `test_plan_comment`
  ADD CONSTRAINT `test_plan_comment_ibfk_2` FOREIGN KEY (`author_id`) REFERENCES `user` (`id`),
  ADD CONSTRAINT `test_plan_comment_ibfk_3` FOREIGN KEY (`test_plan_id`) REFERENCES `test_plan` (`id`) ON DELETE CASCADE;

--
-- Obmedzenie pre tabuľku `test_plan_sprint`
--
ALTER TABLE `test_plan_sprint`
  ADD CONSTRAINT `test_plan_sprint_ibfk_1` FOREIGN KEY (`test_plan_id`) REFERENCES `test_plan` (`id`) ON DELETE CASCADE,
  ADD CONSTRAINT `test_plan_sprint_ibfk_2` FOREIGN KEY (`creator_id`) REFERENCES `user` (`id`) ON DELETE CASCADE;

--
-- Obmedzenie pre tabuľku `test_plan_sprint_case`
--
ALTER TABLE `test_plan_sprint_case`
  ADD CONSTRAINT `test_plan_sprint_case_ibfk_1` FOREIGN KEY (`test_plan_case_id`) REFERENCES `test_plan_case` (`id`) ON DELETE CASCADE,
  ADD CONSTRAINT `test_plan_sprint_case_ibfk_2` FOREIGN KEY (`test_plan_sprint_id`) REFERENCES `test_plan_sprint` (`id`) ON DELETE CASCADE;

--
-- Obmedzenie pre tabuľku `test_plan_sprint_case_user`
--
ALTER TABLE `test_plan_sprint_case_user`
  ADD CONSTRAINT `test_plan_sprint_case_user_ibfk_1` FOREIGN KEY (`user_id`) REFERENCES `user` (`id`) ON DELETE CASCADE,
  ADD CONSTRAINT `test_plan_sprint_case_user_ibfk_2` FOREIGN KEY (`test_plan_sprint_case_id`) REFERENCES `test_plan_sprint_case` (`id`) ON DELETE CASCADE;

--
-- Obmedzenie pre tabuľku `test_plan_sprint_comment`
--
ALTER TABLE `test_plan_sprint_comment`
  ADD CONSTRAINT `test_plan_sprint_comment_ibfk_2` FOREIGN KEY (`author_id`) REFERENCES `user` (`id`),
  ADD CONSTRAINT `test_plan_sprint_comment_ibfk_3` FOREIGN KEY (`test_plan_sprint_id`) REFERENCES `test_plan_sprint` (`id`) ON DELETE CASCADE;

--
-- Obmedzenie pre tabuľku `test_set`
--
ALTER TABLE `test_set`
  ADD CONSTRAINT `test_set_ibfk_1` FOREIGN KEY (`creator_id`) REFERENCES `user` (`id`) ON DELETE CASCADE,
  ADD CONSTRAINT `test_set_ibfk_2` FOREIGN KEY (`project_id`) REFERENCES `project` (`id`) ON DELETE CASCADE,
  ADD CONSTRAINT `test_set_ibfk_3` FOREIGN KEY (`folder_id`) REFERENCES `folder` (`id`) ON DELETE SET NULL;

--
-- Obmedzenie pre tabuľku `test_step`
--
ALTER TABLE `test_step`
  ADD CONSTRAINT `test_step_ibfk_1` FOREIGN KEY (`test_case_id`) REFERENCES `test_case` (`id`) ON DELETE CASCADE,
  ADD CONSTRAINT `test_step_ibfk_3` FOREIGN KEY (`creator_id`) REFERENCES `user` (`id`) ON DELETE SET NULL;

--
-- Obmedzenie pre tabuľku `test_step_execution`
--
ALTER TABLE `test_step_execution`
  ADD CONSTRAINT `test_step_execution_ibfk_1` FOREIGN KEY (`creator_id`) REFERENCES `user` (`id`) ON DELETE CASCADE,
  ADD CONSTRAINT `test_step_execution_ibfk_2` FOREIGN KEY (`test_step_id`) REFERENCES `test_step` (`id`) ON DELETE CASCADE,
  ADD CONSTRAINT `test_step_execution_ibfk_4` FOREIGN KEY (`test_plan_sprint_case_id`) REFERENCES `test_plan_sprint_case` (`id`) ON DELETE CASCADE;

--
-- Obmedzenie pre tabuľku `user_web_role`
--
ALTER TABLE `user_web_role`
  ADD CONSTRAINT `user_web_role_ibfk_1` FOREIGN KEY (`user_id`) REFERENCES `user` (`id`) ON DELETE CASCADE,
  ADD CONSTRAINT `user_web_role_ibfk_2` FOREIGN KEY (`role_id`) REFERENCES `role` (`id`) ON DELETE CASCADE;
COMMIT;

/*!40101 SET CHARACTER_SET_CLIENT=@OLD_CHARACTER_SET_CLIENT */;
/*!40101 SET CHARACTER_SET_RESULTS=@OLD_CHARACTER_SET_RESULTS */;
/*!40101 SET COLLATION_CONNECTION=@OLD_COLLATION_CONNECTION */;
